,sorted,mapping
0,0.04502400755882263,0.0
1,0.045532507821917534,0.0
2,0.055785007774829865,0.0
3,0.06218072213232517,0.0
4,0.062333324924111366,0.0
5,0.0626868735998869,0.0
6,0.087335754185915,0.0
7,0.08846387267112732,0.0
8,0.09051290526986122,0.0
9,0.09373721107840538,0.0
10,0.10016536712646484,0.0
11,0.11592726409435272,0.0
12,0.11889861524105072,0.0
13,0.12249983847141266,0.0
14,0.12290558591485023,0.0
15,0.1229272149503231,0.0
16,0.12389230728149414,0.0
17,0.1258488968014717,0.0
18,0.1270710453391075,0.0
19,0.13215023279190063,0.0
20,0.1330404132604599,0.0
21,0.13329941779375076,0.0
22,0.1344723254442215,0.0
23,0.13475267589092255,0.0
24,0.13699446991086006,0.0
25,0.13714249432086945,0.0
26,0.14331191778182983,0.0
27,0.14495940506458282,0.0
28,0.14503910019993782,0.0
29,0.14896246790885925,0.0
30,0.14923619106411934,0.0
31,0.14969149231910706,0.0
32,0.1509498655796051,0.0
33,0.152429461479187,0.0
34,0.1543467938899994,0.0
35,0.15758711844682693,0.0
36,0.15912877023220062,0.0
37,0.16057033091783524,0.0
38,0.164236880838871,0.0
39,0.1662772074341774,0.0
40,0.1678362861275673,0.0
41,0.16978325694799423,0.0
42,0.1716013103723526,0.0
43,0.17795537412166595,0.0
44,0.17915978282690048,0.0
45,0.18290048837661743,0.0
46,0.18501746654510498,0.0
47,0.18529561161994934,0.0
48,0.18906435370445251,0.0
49,0.19005589187145233,0.0
50,0.19153764843940735,0.0
51,0.19158300012350082,0.0
52,0.1918618157505989,0.0
53,0.1927720010280609,0.0
54,0.19326000660657883,0.0
55,0.19552871584892273,0.0
56,0.19662661850452423,0.0
57,0.19685707986354828,0.0
58,0.19801118224859238,0.0
59,0.19866276532411575,0.0
60,0.19900920242071152,0.0
61,0.19923898577690125,0.0
62,0.19998358935117722,0.0
63,0.20376517623662949,0.0
64,0.20425153523683548,0.0
65,0.20624160766601562,0.0
66,0.20893199741840363,0.0
67,0.21056939661502838,0.0
68,0.21188636869192123,0.0
69,0.21247713267803192,0.0
70,0.21353895962238312,0.0
71,0.21378488093614578,0.0
72,0.21393542736768723,0.0
73,0.21449854969978333,0.0
74,0.2166159451007843,0.0
75,0.21798210591077805,0.0
76,0.21930885314941406,0.0
77,0.219486303627491,0.0
78,0.2205500230193138,0.0
79,0.22190146148204803,0.0
80,0.22492994368076324,0.0
81,0.2266596034169197,0.0
82,0.22798895090818405,0.0
83,0.22868989408016205,0.0
84,0.22912713885307312,0.0
85,0.23006872087717056,0.0
86,0.2308398336172104,0.0
87,0.23084256798028946,0.0
88,0.23293962329626083,0.0
89,0.2334214672446251,0.0
90,0.23390540480613708,0.0
91,0.23455075174570084,0.0
92,0.23552216589450836,0.0
93,0.23672087490558624,0.0
94,0.2407674491405487,0.0
95,0.24281400442123413,0.0
96,0.24325382709503174,0.0
97,0.2467588484287262,0.0
98,0.2477841004729271,0.0
99,0.2519189119338989,0.0
100,0.2529543563723564,0.0
101,0.2536679804325104,0.0
102,0.25439516454935074,0.0
103,0.25476162880659103,0.0
104,0.2550252005457878,0.0
105,0.25507909804582596,0.0
106,0.2573492079973221,0.0
107,0.2577064037322998,0.0
108,0.25940701365470886,0.0
109,0.2595791295170784,0.0
110,0.25986896455287933,0.0
111,0.2602614164352417,0.1
112,0.26141031831502914,0.1
113,0.2616719901561737,0.1
114,0.2624291032552719,0.1
115,0.26319538056850433,0.1
116,0.266486257314682,0.1
117,0.26752720028162,0.1
118,0.2676861137151718,0.1
119,0.2698729336261749,0.1
120,0.2702581062912941,0.1
121,0.27065838873386383,0.1
122,0.27243486791849136,0.1
123,0.2741844579577446,0.1
124,0.2769101411104202,0.1
125,0.2788638174533844,0.1
126,0.27908483892679214,0.1
127,0.27989933639764786,0.1
128,0.280632384121418,0.1
129,0.2864794656634331,0.1
130,0.2883852571249008,0.1
131,0.2892206683754921,0.1
132,0.28949153423309326,0.1
133,0.292468786239624,0.1
134,0.29314230382442474,0.1
135,0.29460039734840393,0.1
136,0.2959435433149338,0.1
137,0.2975004315376282,0.1
138,0.2977375313639641,0.1
139,0.2981567531824112,0.1
140,0.30070608854293823,0.1
141,0.303080216050148,0.2
142,0.3048964589834213,0.2
143,0.3053133189678192,0.2
144,0.3053828924894333,0.2
145,0.3072080835700035,0.2
146,0.3073274493217468,0.2
147,0.3075769543647766,0.2
148,0.30896081030368805,0.2
149,0.31113719940185547,0.2
150,0.311712309718132,0.2
151,0.3123033940792084,0.2
152,0.3128906339406967,0.2
153,0.31369785964488983,0.2
154,0.3145214766263962,0.2
155,0.3152053579688072,0.2
156,0.315800279378891,0.2
157,0.31794050335884094,0.2
158,0.3183228671550751,0.2
159,0.3186015635728836,0.2
160,0.31960415840148926,0.2
161,0.3202281892299652,0.2
162,0.32122407853603363,0.2
163,0.3216516822576523,0.2
164,0.32186903059482574,0.2
165,0.3224859684705734,0.2
166,0.3228161707520485,0.2
167,0.32307615876197815,0.2
168,0.3236408233642578,0.2
169,0.32365263998508453,0.2
170,0.3242891728878021,0.2
171,0.3252003937959671,0.2
172,0.3254546672105789,0.2
173,0.3259572982788086,0.2
174,0.32598040997982025,0.2
175,0.3266589641571045,0.2
176,0.326687753200531,0.2
177,0.3346184939146042,0.2
178,0.338196724653244,0.2
179,0.33846303075551987,0.2
180,0.3392849862575531,0.3
181,0.3394288122653961,0.3
182,0.34003743529319763,0.3
183,0.34036368131637573,0.3
184,0.3409789204597473,0.3
185,0.3411739319562912,0.3
186,0.3413953483104706,0.3
187,0.34243133664131165,0.3
188,0.34279247373342514,0.3
189,0.3430204838514328,0.3
190,0.34408558905124664,0.3
191,0.3447776287794113,0.3
192,0.34540508687496185,0.3
193,0.3466431349515915,0.3
194,0.34815506637096405,0.3
195,0.34856314957141876,0.3
196,0.3508130982518196,0.3
197,0.351013720035553,0.3
198,0.35131803154945374,0.3
199,0.3533388152718544,0.3
200,0.3534580022096634,0.3
201,0.35353198647499084,0.3
202,0.3535740301012993,0.3
203,0.3540584594011307,0.3
204,0.3543519303202629,0.3
205,0.3544585555791855,0.3
206,0.3545161411166191,0.3
207,0.3550257533788681,0.3
208,0.3556230291724205,0.3
209,0.356076642870903,0.3
210,0.3562079668045044,0.3
211,0.35738226771354675,0.3
212,0.3590097278356552,0.3
213,0.35941459238529205,0.3
214,0.35941922664642334,0.3
215,0.3599775433540344,0.3
216,0.3612807095050812,0.3
217,0.36148571968078613,0.3
218,0.36162613332271576,0.3
219,0.3632556349039078,0.3
220,0.3640802353620529,0.3
221,0.36457403004169464,0.3
222,0.3661377727985382,0.3
223,0.366699755191803,0.3
224,0.36720937490463257,0.3
225,0.3685440421104431,0.3
226,0.3688827008008957,0.3
227,0.36892612278461456,0.3
228,0.36946025490760803,0.3
229,0.3694966584444046,0.3
230,0.3716316372156143,0.3
231,0.373309463262558,0.3
232,0.3744906187057495,0.3
233,0.3754017502069473,0.3
234,0.3759723901748657,0.3
235,0.37619151175022125,0.4
236,0.3763844072818756,0.4
237,0.3764275163412094,0.4
238,0.37731805443763733,0.4
239,0.3784676194190979,0.4
240,0.378476619720459,0.4
241,0.37895676493644714,0.4
242,0.38034120202064514,0.4
243,0.3809654414653778,0.4
244,0.38128386437892914,0.4
245,0.38425876200199127,0.4
246,0.38463161885738373,0.4
247,0.3846658170223236,0.4
248,0.38587959110736847,0.4
249,0.3861317038536072,0.4
250,0.38681331276893616,0.4
251,0.3870055228471756,0.4
252,0.38706235587596893,0.4
253,0.38781991600990295,0.4
254,0.3882502019405365,0.4
255,0.3886035680770874,0.4
256,0.3886091858148575,0.4
257,0.38883012533187866,0.4
258,0.38932596147060394,0.4
259,0.3893701881170273,0.4
260,0.3916561007499695,0.4
261,0.3917108178138733,0.4
262,0.39253585040569305,0.4
263,0.39302726089954376,0.4
264,0.39416953921318054,0.4
265,0.39477595686912537,0.4
266,0.39511099457740784,0.4
267,0.3964278846979141,0.4
268,0.39705657958984375,0.4
269,0.39761656522750854,0.4
270,0.39852292835712433,0.4
271,0.39874105155467987,0.4
272,0.3990921974182129,0.4
273,0.39927586913108826,0.4
274,0.4015606641769409,0.4
275,0.4024162292480469,0.4
276,0.40255317091941833,0.4
277,0.4026947319507599,0.4
278,0.40342892706394196,0.4
279,0.404257595539093,0.4
280,0.40520840883255005,0.4
281,0.4055967926979065,0.4
282,0.40596993267536163,0.4
283,0.40619106590747833,0.4
284,0.4064085781574249,0.4
285,0.40665706992149353,0.4
286,0.4066818356513977,0.4
287,0.40703433752059937,0.4
288,0.40817026793956757,0.4
289,0.4083419740200043,0.4
290,0.4083457887172699,0.4
291,0.41324491798877716,0.4
292,0.41336511075496674,0.4
293,0.4147985577583313,0.4
294,0.415248304605484,0.4
295,0.4152585417032242,0.4
296,0.4155452996492386,0.4
297,0.4156618267297745,0.4
298,0.41750843822956085,0.4
299,0.4177487790584564,0.4
300,0.4179929047822952,0.4
301,0.418985977768898,0.4
302,0.42062802612781525,0.4
303,0.42083559930324554,0.4
304,0.4228209853172302,0.4
305,0.42298538982868195,0.5
306,0.4247859716415405,0.5
307,0.42514967918395996,0.5
308,0.42643430829048157,0.5
309,0.4271109253168106,0.5
310,0.42850804328918457,0.5
311,0.4286241978406906,0.5
312,0.4301518350839615,0.5
313,0.43090978264808655,0.5
314,0.43097202479839325,0.5
315,0.4318610727787018,0.5
316,0.43208517134189606,0.5
317,0.43218836188316345,0.5
318,0.4324207752943039,0.5
319,0.43263794481754303,0.5
320,0.43367375433444977,0.5
321,0.43760278820991516,0.5
322,0.43765951693058014,0.5
323,0.43865683674812317,0.5
324,0.43905362486839294,0.5
325,0.4395815581083298,0.5
326,0.44004012644290924,0.5
327,0.4412837326526642,0.5
328,0.4424414485692978,0.5
329,0.4426257759332657,0.5
330,0.44271479547023773,0.5
331,0.44280701875686646,0.5
332,0.4439706355333328,0.5
333,0.44477541744709015,0.5
334,0.4447951018810272,0.5
335,0.4452667385339737,0.5
336,0.4453655779361725,0.5
337,0.44667571783065796,0.5
338,0.4468577653169632,0.5
339,0.4478767365217209,0.5
340,0.44874823093414307,0.5
341,0.44896934926509857,0.5
342,0.4495483338832855,0.5
343,0.4498377740383148,0.5
344,0.4500228464603424,0.5
345,0.4501943141222,0.5
346,0.45084936916828156,0.5
347,0.4519095718860626,0.5
348,0.45214180648326874,0.5
349,0.45279717445373535,0.5
350,0.4536621421575546,0.5
351,0.45376497507095337,0.5
352,0.45380745828151703,0.5
353,0.45654065907001495,0.5
354,0.45662084221839905,0.5
355,0.4568997919559479,0.5
356,0.4572024494409561,0.5
357,0.45759278535842896,0.5
358,0.45836204290390015,0.5
359,0.4589001089334488,0.5
360,0.4591407775878906,0.5
361,0.45944100618362427,0.5
362,0.45953306555747986,0.5
363,0.4598010629415512,0.5
364,0.45998571813106537,0.5
365,0.4610983580350876,0.5
366,0.4614648371934891,0.5
367,0.46178700029850006,0.5
368,0.46200820803642273,0.5
369,0.46202224493026733,0.5
370,0.4622037261724472,0.5
371,0.4625977426767349,0.5
372,0.46348127722740173,0.5
373,0.46465735137462616,0.5
374,0.4656229168176651,0.5
375,0.4656974524259567,0.5
376,0.4657583087682724,0.5
377,0.46679846942424774,0.6
378,0.46681036055088043,0.6
379,0.4676089882850647,0.6
380,0.46891292929649353,0.6
381,0.4689777046442032,0.6
382,0.46902066469192505,0.6
383,0.4692578762769699,0.6
384,0.4701838195323944,0.6
385,0.47055891156196594,0.6
386,0.4714028537273407,0.6
387,0.47151295840740204,0.6
388,0.47155535221099854,0.6
389,0.471717044711113,0.6
390,0.47191673517227173,0.6
391,0.4720546752214432,0.6
392,0.47228653728961945,0.6
393,0.47427240014076233,0.6
394,0.47513526678085327,0.6
395,0.47559306025505066,0.6
396,0.4756575971841812,0.6
397,0.4778943806886673,0.6
398,0.4785636216402054,0.6
399,0.47943317890167236,0.6
400,0.47977565228939056,0.6
401,0.4803899824619293,0.6
402,0.4804025739431381,0.6
403,0.4810961186885834,0.6
404,0.48266276717185974,0.6
405,0.4833287447690964,0.6
406,0.4844198375940323,0.6
407,0.48545485734939575,0.6
408,0.48797065019607544,0.6
409,0.4880939871072769,0.6
410,0.48833051323890686,0.6
411,0.4888666123151779,0.6
412,0.4889686703681946,0.6
413,0.48908086121082306,0.6
414,0.49026456475257874,0.6
415,0.49026690423488617,0.6
416,0.4916503131389618,0.6
417,0.4921810030937195,0.6
418,0.4924841523170471,0.6
419,0.49279363453388214,0.6
420,0.49324631690979004,0.6
421,0.49569620192050934,0.6
422,0.4962114989757538,0.6
423,0.49683408439159393,0.6
424,0.49713748693466187,0.6
425,0.4971484839916229,0.6
426,0.49728477001190186,0.6
427,0.497886598110199,0.6
428,0.49790577590465546,0.6
429,0.49957604706287384,0.6
430,0.5012082755565643,0.6
431,0.5014167577028275,0.6
432,0.5014673471450806,0.6
433,0.5021861791610718,0.6
434,0.5029968023300171,0.6
435,0.5030923634767532,0.6
436,0.5036315619945526,0.6
437,0.5046415477991104,0.6
438,0.5047354251146317,0.6
439,0.505103811621666,0.6
440,0.5058463662862778,0.6
441,0.5061941891908646,0.6
442,0.5064313262701035,0.6
443,0.5068497657775879,0.6
444,0.507218211889267,0.6
445,0.5072990953922272,0.6
446,0.5085525214672089,0.6
447,0.508590430021286,0.6
448,0.5086093246936798,0.6
449,0.5088326930999756,0.6
450,0.5091360360383987,0.6
451,0.5094127058982849,0.6
452,0.5095017552375793,0.6
453,0.5097464919090271,0.6
454,0.5098973512649536,0.6
455,0.5100197941064835,0.6
456,0.5100881159305573,0.7
457,0.5105762183666229,0.7
458,0.5110028982162476,0.7
459,0.5110418051481247,0.7
460,0.5115696638822556,0.7
461,0.512907087802887,0.7
462,0.5137519389390945,0.7
463,0.5149182379245758,0.7
464,0.515065923333168,0.7
465,0.5170951038599014,0.7
466,0.517282247543335,0.7
467,0.5173719376325607,0.7
468,0.517679363489151,0.7
469,0.5177850723266602,0.7
470,0.5178914964199066,0.7
471,0.5181426107883453,0.7
472,0.5186861157417297,0.7
473,0.5187342911958694,0.7
474,0.5197102725505829,0.7
475,0.5197830051183701,0.7
476,0.5198011696338654,0.7
477,0.5202512145042419,0.7
478,0.5203602313995361,0.7
479,0.5204629451036453,0.7
480,0.5208368301391602,0.7
481,0.5212698429822922,0.7
482,0.5217297822237015,0.7
483,0.5217528492212296,0.7
484,0.521769642829895,0.7
485,0.5217701941728592,0.7
486,0.5218409448862076,0.7
487,0.5221291184425354,0.7
488,0.5224959254264832,0.7
489,0.5225250124931335,0.7
490,0.5252176374197006,0.7
491,0.525510624051094,0.7
492,0.5257798880338669,0.7
493,0.5258188247680664,0.7
494,0.526245191693306,0.7
495,0.5268416404724121,0.7
496,0.526920735836029,0.7
497,0.5272078812122345,0.7
498,0.5272287577390671,0.7
499,0.528162270784378,0.7
500,0.52824966609478,0.7
501,0.5283373594284058,0.7
502,0.5287282764911652,0.7
503,0.5290595591068268,0.7
504,0.5290686935186386,0.7
505,0.5291123688220978,0.7
506,0.529304713010788,0.7
507,0.5295630991458893,0.7
508,0.5299295634031296,0.7
509,0.5306909829378128,0.7
510,0.5316340923309326,0.7
511,0.5323050916194916,0.7
512,0.5342599004507065,0.7
513,0.5346707254648209,0.7
514,0.534729614853859,0.7
515,0.5361824929714203,0.7
516,0.5367622375488281,0.7
517,0.5372844338417053,0.7
518,0.5375371873378754,0.7
519,0.5382554978132248,0.7
520,0.5383410453796387,0.7
521,0.5384056717157364,0.7
522,0.5394859910011292,0.7
523,0.5401924848556519,0.7
524,0.5403250008821487,0.7
525,0.5422408878803253,0.7
526,0.5428051650524139,0.7
527,0.5435197204351425,0.7
528,0.5435746014118195,0.7
529,0.5438364744186401,0.7
530,0.5445245951414108,0.7
531,0.5447036325931549,0.7
532,0.5449688881635666,0.7
533,0.5450364798307419,0.7
534,0.5450588464736938,0.7
535,0.5453745573759079,0.7
536,0.5457801222801208,0.7
537,0.5466535091400146,0.7
538,0.5466686487197876,0.7
539,0.5471363365650177,0.7
540,0.547180637717247,0.7
541,0.547408938407898,0.7
542,0.547909289598465,0.7
543,0.5481015741825104,0.7
544,0.5484202206134796,0.7
545,0.548564225435257,0.7
546,0.5487493723630905,0.7
547,0.549419030547142,0.7
548,0.549636960029602,0.7
549,0.550814300775528,0.7
550,0.5508790612220764,0.7
551,0.5509919375181198,0.7
552,0.5515312403440475,0.7
553,0.5515345931053162,0.8
554,0.5517442524433136,0.8
555,0.5519212484359741,0.8
556,0.5519462525844574,0.8
557,0.552133172750473,0.8
558,0.5521417260169983,0.8
559,0.5521463453769684,0.8
560,0.5523852705955505,0.8
561,0.5533859431743622,0.8
562,0.553424745798111,0.8
563,0.5539698004722595,0.8
564,0.5547357797622681,0.8
565,0.5548055768013,0.8
566,0.5549742877483368,0.8
567,0.5555114150047302,0.8
568,0.5557603389024734,0.8
569,0.5570525228977203,0.8
570,0.5570909678936005,0.8
571,0.5572924911975861,0.8
572,0.5573025047779083,0.8
573,0.5574480444192886,0.8
574,0.5585052371025085,0.8
575,0.5587836802005768,0.8
576,0.5591340512037277,0.8
577,0.5592758655548096,0.8
578,0.5595044195652008,0.8
579,0.5606653392314911,0.8
580,0.5608111023902893,0.8
581,0.5625705420970917,0.8
582,0.5632549822330475,0.8
583,0.5640030205249786,0.8
584,0.5640989542007446,0.8
585,0.5641652047634125,0.8
586,0.5642875880002975,0.8
587,0.5646032243967056,0.8
588,0.5650531947612762,0.8
589,0.5653062164783478,0.8
590,0.5654611587524414,0.8
591,0.56612129509449,0.8
592,0.5663096457719803,0.8
593,0.5663648843765259,0.8
594,0.5666315853595734,0.8
595,0.5666413009166718,0.8
596,0.5670019388198853,0.8
597,0.5670158118009567,0.8
598,0.5670430362224579,0.8
599,0.5670629739761353,0.8
600,0.5675872266292572,0.8
601,0.5681374967098236,0.8
602,0.5684779733419418,0.8
603,0.5688172280788422,0.8
604,0.56973797082901,0.8
605,0.5702920854091644,0.8
606,0.5705012828111649,0.8
607,0.5718242824077606,0.8
608,0.5720115453004837,0.8
609,0.572045236825943,0.8
610,0.5730666220188141,0.8
611,0.5733228027820587,0.8
612,0.5734283328056335,0.8
613,0.5736424326896667,0.8
614,0.5738254189491272,0.8
615,0.574067622423172,0.8
616,0.5741621255874634,0.8
617,0.5741949677467346,0.8
618,0.5747906714677811,0.8
619,0.575047567486763,0.8
620,0.5753367692232132,0.8
621,0.5753584206104279,0.8
622,0.5753899216651917,0.8
623,0.5756521821022034,0.8
624,0.5758682787418365,0.8
625,0.5764101445674896,0.8
626,0.5766313076019287,0.8
627,0.5767656117677689,0.8
628,0.5770507156848907,0.8
629,0.5770849883556366,0.8
630,0.5772530287504196,0.8
631,0.5774272382259369,0.8
632,0.577450305223465,0.8
633,0.5776471495628357,0.8
634,0.5778257697820663,0.8
635,0.5778944045305252,0.8
636,0.5779431760311127,0.8
637,0.5787506401538849,0.8
638,0.57924784719944,0.8
639,0.579752504825592,0.8
640,0.5800758898258209,0.8
641,0.5803427398204803,0.8
642,0.5805923342704773,0.8
643,0.5807045102119446,0.8
644,0.5808078050613403,0.8
645,0.5813096165657043,0.8
646,0.5815929472446442,0.8
647,0.5827911347150803,0.8
648,0.5830112993717194,0.8
649,0.5833562761545181,0.8
650,0.5845901966094971,0.8
651,0.5846351087093353,0.8
652,0.5846589803695679,0.8
653,0.5846611559391022,0.8
654,0.5854796916246414,0.8
655,0.5858248770236969,0.8
656,0.5860069692134857,0.8
657,0.5860099792480469,0.8
658,0.5864550471305847,0.8
659,0.5867983102798462,0.8
660,0.5868450999259949,0.8
661,0.5871577560901642,0.8
662,0.58771151304245,0.8
663,0.5880450457334518,0.8
664,0.5884138643741608,0.8
665,0.5886739194393158,0.8
666,0.588719367980957,0.8
667,0.5888184010982513,0.8
668,0.5898972600698471,0.8
669,0.5906541049480438,0.9
670,0.5910803377628326,0.9
671,0.5911926329135895,0.9
672,0.5913511216640472,0.9
673,0.5914473682641983,0.9
674,0.5921194851398468,0.9
675,0.5921557545661926,0.9
676,0.5925594568252563,0.9
677,0.5926743745803833,0.9
678,0.5926954746246338,0.9
679,0.5928986668586731,0.9
680,0.5931753814220428,0.9
681,0.5941585898399353,0.9
682,0.5942377150058746,0.9
683,0.5942908525466919,0.9
684,0.5945461094379425,0.9
685,0.594746321439743,0.9
686,0.5952218174934387,0.9
687,0.5957857370376587,0.9
688,0.5962225198745728,0.9
689,0.5965143442153931,0.9
690,0.5969639122486115,0.9
691,0.5970140099525452,0.9
692,0.5972833037376404,0.9
693,0.597905695438385,0.9
694,0.5980168581008911,0.9
695,0.5984703302383423,0.9
696,0.5987015664577484,0.9
697,0.5992164015769958,0.9
698,0.5994035601615906,0.9
699,0.5994869768619537,0.9
700,0.6001957654953003,0.9
701,0.600858211517334,0.9
702,0.6010841280221939,0.9
703,0.6020889282226562,0.9
704,0.6021143198013306,0.9
705,0.6023716628551483,0.9
706,0.6024090945720673,0.9
707,0.602623462677002,0.9
708,0.6030700951814651,0.9
709,0.605380117893219,0.9
710,0.6059316992759705,0.9
711,0.6060635149478912,0.9
712,0.6078234314918518,0.9
713,0.6079805791378021,0.9
714,0.6080174744129181,0.9
715,0.608102411031723,0.9
716,0.6084770560264587,0.9
717,0.609068900346756,0.9
718,0.609597772359848,0.9
719,0.6097016036510468,0.9
720,0.6099952161312103,0.9
721,0.6102902889251709,0.9
722,0.6103627383708954,0.9
723,0.6104220151901245,0.9
724,0.6111145317554474,0.9
725,0.6111340373754501,0.9
726,0.6126650273799896,0.9
727,0.6146195530891418,0.9
728,0.6146974265575409,0.9
729,0.615347683429718,0.9
730,0.6158349215984344,0.9
731,0.6158421635627747,0.9
732,0.6160992980003357,0.9
733,0.61686572432518,0.9
734,0.6183124780654907,0.9
735,0.6190578043460846,0.9
736,0.619812548160553,0.9
737,0.6207046806812286,0.9
738,0.6208121180534363,0.9
739,0.6208268404006958,0.9
740,0.6217087805271149,0.9
741,0.6221751570701599,0.9
742,0.6223739385604858,0.9
743,0.6226350367069244,0.9
744,0.6226539611816406,0.9
745,0.622871071100235,0.9
746,0.6230190694332123,0.9
747,0.623088002204895,0.9
748,0.6239028573036194,0.9
749,0.6240987926721573,0.9
750,0.6241276860237122,0.9
751,0.6242073178291321,0.9
752,0.6250839531421661,0.9
753,0.6256552040576935,0.9
754,0.6256748884916306,0.9
755,0.6256993114948273,0.9
756,0.6257398426532745,0.9
757,0.6261282861232758,0.9
758,0.626165896654129,0.9
759,0.6263416707515717,0.9
760,0.6267594993114471,0.9
761,0.6271485239267349,0.9
762,0.6279443204402924,0.9
763,0.6287515461444855,0.9
764,0.6287716031074524,0.9
765,0.6287997663021088,0.9
766,0.6289085447788239,0.9
767,0.6289446353912354,0.9
768,0.6291691660881042,0.9
769,0.629555881023407,0.9
770,0.6296953856945038,0.9
771,0.6304092407226562,0.9
772,0.630887508392334,0.9
773,0.6313908100128174,0.9
774,0.6318482458591461,0.9
775,0.6322937905788422,0.9
776,0.6335034072399139,0.9
777,0.6335832178592682,0.9
778,0.6336704194545746,0.9
779,0.6337887048721313,0.9
780,0.6343567967414856,0.9
781,0.6343871653079987,0.9
782,0.6346644461154938,0.9
783,0.6348236799240112,0.9
784,0.6354641318321228,1.0
785,0.6355575919151306,1.0
786,0.6359186470508575,1.0
787,0.6361154913902283,1.0
788,0.6363621354103088,1.0
789,0.6363839507102966,1.0
790,0.6364378333091736,1.0
791,0.6374116241931915,1.0
792,0.6374282240867615,1.0
793,0.6376912593841553,1.0
794,0.6378307640552521,1.0
795,0.6382667124271393,1.0
796,0.6385794878005981,1.0
797,0.638659805059433,1.0
798,0.6390208899974823,1.0
799,0.6395547986030579,1.0
800,0.6396118402481079,1.0
801,0.6400243937969208,1.0
802,0.6401863098144531,1.0
803,0.6402281820774078,1.0
804,0.6410757601261139,1.0
805,0.6413831412792206,1.0
806,0.6414691805839539,1.0
807,0.6416946947574615,1.0
808,0.6418248116970062,1.0
809,0.642115980386734,1.0
810,0.6431637704372406,1.0
811,0.6432055830955505,1.0
812,0.643331378698349,1.0
813,0.6434260606765747,1.0
814,0.6440428495407104,1.0
815,0.6441408395767212,1.0
816,0.644631028175354,1.0
817,0.6448985636234283,1.0
818,0.6453123390674591,1.0
819,0.6461481153964996,1.0
820,0.6463184803724289,1.0
821,0.6466992199420929,1.0
822,0.6468624472618103,1.0
823,0.6468629539012909,1.0
824,0.6471550464630127,1.0
825,0.6476231217384338,1.0
826,0.6480535268783569,1.0
827,0.6485141515731812,1.0
828,0.6487114131450653,1.0
829,0.6487617790699005,1.0
830,0.6489187777042389,1.0
831,0.6489540636539459,1.0
832,0.6492909491062164,1.0
833,0.649308979511261,1.0
834,0.6495689153671265,1.0
835,0.6496346294879913,1.0
836,0.6497196853160858,1.0
837,0.6497483253479004,1.0
838,0.6500891745090485,1.0
839,0.6501112580299377,1.0
840,0.6514661014080048,1.0
841,0.6516582667827606,1.0
842,0.6520126760005951,1.0
843,0.6522825956344604,1.0
844,0.6527377963066101,1.0
845,0.6527929902076721,1.0
846,0.6531051695346832,1.0
847,0.6532012820243835,1.0
848,0.6539590060710907,1.0
849,0.6540335714817047,1.0
850,0.6540839970111847,1.0
851,0.6541355550289154,1.0
852,0.6542392075061798,1.0
853,0.6543911993503571,1.0
854,0.6546216607093811,1.0
855,0.6547258496284485,1.0
856,0.6552255749702454,1.0
857,0.6556230783462524,1.0
858,0.655938446521759,1.0
859,0.6561046540737152,1.0
860,0.6570685803890228,1.0
861,0.6572824716567993,1.0
862,0.65731081366539,1.0
863,0.6574489772319794,1.1
864,0.6574534773826599,1.1
865,0.6581135988235474,1.1
866,0.6585677266120911,1.1
867,0.6589010059833527,1.1
868,0.6590100526809692,1.1
869,0.6590622067451477,1.1
870,0.6595520377159119,1.1
871,0.6595911681652069,1.1
872,0.6599602103233337,1.1
873,0.6601848900318146,1.1
874,0.6605616509914398,1.1
875,0.6610209345817566,1.1
876,0.6612550020217896,1.1
877,0.6612792313098907,1.1
878,0.6614368259906769,1.1
879,0.6615684032440186,1.1
880,0.6630971431732178,1.1
881,0.66322460770607,1.1
882,0.6634572446346283,1.1
883,0.6640273034572601,1.1
884,0.6644028425216675,1.1
885,0.6659660935401917,1.1
886,0.6659805774688721,1.1
887,0.6664384305477142,1.1
888,0.6667257249355316,1.1
889,0.6667773723602295,1.1
890,0.6671891808509827,1.1
891,0.6677005887031555,1.1
892,0.6680324673652649,1.1
893,0.6683997213840485,1.1
894,0.6684603095054626,1.1
895,0.6686031520366669,1.1
896,0.668775737285614,1.1
897,0.6690942049026489,1.1
898,0.66974937915802,1.1
899,0.6702113449573517,1.1
900,0.670220136642456,1.1
901,0.6703652441501617,1.1
902,0.6703767478466034,1.1
903,0.6711915731430054,1.1
904,0.6713630259037018,1.1
905,0.6724441051483154,1.1
906,0.6726247072219849,1.1
907,0.6727308034896851,1.1
908,0.6728689670562744,1.1
909,0.6731462776660919,1.1
910,0.673415869474411,1.1
911,0.673725426197052,1.1
912,0.6737635433673859,1.1
913,0.6737773716449738,1.1
914,0.673964112997055,1.1
915,0.6740581393241882,1.1
916,0.6752304136753082,1.1
917,0.6753039360046387,1.1
918,0.6759973168373108,1.1
919,0.6760419309139252,1.1
920,0.6760819554328918,1.1
921,0.6761475801467896,1.1
922,0.6767564117908478,1.1
923,0.6767615079879761,1.1
924,0.6768889427185059,1.1
925,0.6769869029521942,1.1
926,0.6770980060100555,1.1
927,0.6770984828472137,1.1
928,0.6772912740707397,1.1
929,0.6780043542385101,1.1
930,0.6780229806900024,1.1
931,0.678130716085434,1.1
932,0.6791698634624481,1.1
933,0.6794513165950775,1.1
934,0.679697573184967,1.1
935,0.6801364719867706,1.1
936,0.6804632842540741,1.1
937,0.6804780960083008,1.1
938,0.6812838315963745,1.1
939,0.681352287530899,1.1
940,0.6813828647136688,1.1
941,0.6816959381103516,1.1
942,0.6828272938728333,1.1
943,0.6829084157943726,1.1
944,0.6829739511013031,1.1
945,0.6830772757530212,1.1
946,0.683271050453186,1.1
947,0.6835002303123474,1.1
948,0.6837501227855682,1.1
949,0.6843000650405884,1.1
950,0.6848336458206177,1.1
951,0.6850702166557312,1.1
952,0.6851604282855988,1.1
953,0.6852769553661346,1.1
954,0.6854925453662872,1.1
955,0.6860901415348053,1.1
956,0.6865020394325256,1.1
957,0.6865366995334625,1.1
958,0.6866147816181183,1.1
959,0.6867756545543671,1.1
960,0.6868931949138641,1.1
961,0.6869068741798401,1.1
962,0.6869127750396729,1.1
963,0.6870977580547333,1.1
964,0.6874153017997742,1.1
965,0.6875081360340118,1.1
966,0.6875763237476349,1.1
967,0.6877830028533936,1.1
968,0.6878100335597992,1.1
969,0.6886776387691498,1.1
970,0.6887806057929993,1.1
971,0.689718633890152,1.1
972,0.6899930238723755,1.1
973,0.6901252865791321,1.1
974,0.6901921927928925,1.1
975,0.6901924014091492,1.1
976,0.6905806213617325,1.1
977,0.6906401813030243,1.1
978,0.6913410127162933,1.1
979,0.6914102435112,1.1
980,0.6914418935775757,1.1
981,0.6915813088417053,1.1
982,0.6917112469673157,1.1
983,0.6917991042137146,1.1
984,0.6920305490493774,1.1
985,0.6937857568264008,1.2
986,0.693985641002655,1.2
987,0.6944066286087036,1.2
988,0.6944440603256226,1.2
989,0.6946811676025391,1.2
990,0.695087805390358,1.2
991,0.6955556869506836,1.2
992,0.6957407891750336,1.2
993,0.6964845657348633,1.2
994,0.6967112123966217,1.2
995,0.696790486574173,1.2
996,0.696791410446167,1.2
997,0.6968367695808411,1.2
998,0.6971577405929565,1.2
999,0.6976831555366516,1.2
1000,0.6980549693107605,1.2
1001,0.6986767649650574,1.2
1002,0.6987276673316956,1.2
1003,0.6992173492908478,1.2
1004,0.6996590197086334,1.2
1005,0.7001569867134094,1.2
1006,0.7001758217811584,1.2
1007,0.700903981924057,1.2
1008,0.701086014509201,1.2
1009,0.7011246383190155,1.2
1010,0.7012701630592346,1.2
1011,0.7017331421375275,1.2
1012,0.7024868428707123,1.2
1013,0.7026478946208954,1.2
1014,0.7032598555088043,1.2
1015,0.7038373351097107,1.2
1016,0.7040588557720184,1.2
1017,0.7046423554420471,1.2
1018,0.704980343580246,1.2
1019,0.7050735950469971,1.2
1020,0.7055749893188477,1.2
1021,0.705697625875473,1.2
1022,0.7057969868183136,1.2
1023,0.7063503861427307,1.2
1024,0.7068955898284912,1.2
1025,0.7071024179458618,1.2
1026,0.7072918713092804,1.2
1027,0.7074696719646454,1.2
1028,0.7080408334732056,1.2
1029,0.7081844508647919,1.2
1030,0.7084026336669922,1.2
1031,0.708687424659729,1.2
1032,0.7089192867279053,1.2
1033,0.7091352939605713,1.2
1034,0.709237813949585,1.2
1035,0.7092461585998535,1.2
1036,0.7094897031784058,1.2
1037,0.7097055912017822,1.2
1038,0.7101154625415802,1.2
1039,0.7103280425071716,1.2
1040,0.710558295249939,1.2
1041,0.7105641663074493,1.2
1042,0.7109993994235992,1.2
1043,0.7110852301120758,1.2
1044,0.7113995254039764,1.2
1045,0.7116788625717163,1.2
1046,0.7117585241794586,1.2
1047,0.7118850946426392,1.2
1048,0.7121318280696869,1.2
1049,0.7122369706630707,1.2
1050,0.7124350666999817,1.2
1051,0.7128165364265442,1.2
1052,0.7134647071361542,1.2
1053,0.7140581607818604,1.2
1054,0.7144753932952881,1.2
1055,0.714837521314621,1.2
1056,0.7149244844913483,1.2
1057,0.7153237462043762,1.2
1058,0.7154373526573181,1.2
1059,0.7158851623535156,1.2
1060,0.7158957719802856,1.2
1061,0.7160266041755676,1.2
1062,0.7161339521408081,1.2
1063,0.716514378786087,1.2
1064,0.7165156304836273,1.2
1065,0.7166372835636139,1.2
1066,0.7166678309440613,1.2
1067,0.717011958360672,1.2
1068,0.7173548638820648,1.2
1069,0.7175547778606415,1.2
1070,0.7176741361618042,1.2
1071,0.71772301197052,1.2
1072,0.7178075015544891,1.2
1073,0.7178114950656891,1.2
1074,0.7180191576480865,1.2
1075,0.7182061076164246,1.2
1076,0.7187579274177551,1.2
1077,0.7190888226032257,1.2
1078,0.7198045253753662,1.2
1079,0.7199082672595978,1.2
1080,0.719966322183609,1.2
1081,0.7203690409660339,1.2
1082,0.7224362790584564,1.2
1083,0.7224542498588562,1.2
1084,0.7225639820098877,1.2
1085,0.7227742671966553,1.2
1086,0.7228406667709351,1.2
1087,0.7233783602714539,1.2
1088,0.7236078679561615,1.2
1089,0.7240141034126282,1.2
1090,0.7249245941638947,1.2
1091,0.7249849736690521,1.2
1092,0.7250509858131409,1.2
1093,0.7255824506282806,1.2
1094,0.7256610095500946,1.2
1095,0.7259408533573151,1.2
1096,0.7261298596858978,1.2
1097,0.7262952029705048,1.2
1098,0.7266984581947327,1.2
1099,0.726922869682312,1.2
1100,0.7273711562156677,1.2
1101,0.7274958789348602,1.2
1102,0.7275109887123108,1.2
1103,0.7275924682617188,1.2
1104,0.7278006374835968,1.2
1105,0.7285291254520416,1.2
1106,0.7285719513893127,1.2
1107,0.7290027141571045,1.2
1108,0.7292282283306122,1.2
1109,0.7294391989707947,1.2
1110,0.7294546365737915,1.2
1111,0.729507714509964,1.2
1112,0.7296257317066193,1.3
1113,0.7297825515270233,1.3
1114,0.7298129498958588,1.3
1115,0.7299999296665192,1.3
1116,0.730403870344162,1.3
1117,0.7306576073169708,1.3
1118,0.7307422459125519,1.3
1119,0.7315147817134857,1.3
1120,0.7316649854183197,1.3
1121,0.7316755652427673,1.3
1122,0.7318116128444672,1.3
1123,0.7321855425834656,1.3
1124,0.7326746881008148,1.3
1125,0.7327148914337158,1.3
1126,0.7328047752380371,1.3
1127,0.7328511476516724,1.3
1128,0.7328830063343048,1.3
1129,0.7329271733760834,1.3
1130,0.7331979870796204,1.3
1131,0.7333440482616425,1.3
1132,0.7335582375526428,1.3
1133,0.7337009608745575,1.3
1134,0.7337230741977692,1.3
1135,0.7339401841163635,1.3
1136,0.7339422702789307,1.3
1137,0.7340715825557709,1.3
1138,0.734971821308136,1.3
1139,0.7351739406585693,1.3
1140,0.7356033623218536,1.3
1141,0.7358121871948242,1.3
1142,0.7360081970691681,1.3
1143,0.7360146641731262,1.3
1144,0.7360427677631378,1.3
1145,0.7361814975738525,1.3
1146,0.7362266778945923,1.3
1147,0.7363062500953674,1.3
1148,0.7370262444019318,1.3
1149,0.7370467782020569,1.3
1150,0.7371000945568085,1.3
1151,0.7375701367855072,1.3
1152,0.7376553416252136,1.3
1153,0.7379203736782074,1.3
1154,0.7379562854766846,1.3
1155,0.7380065023899078,1.3
1156,0.7384367287158966,1.3
1157,0.7385689914226532,1.3
1158,0.7386691868305206,1.3
1159,0.7399670481681824,1.3
1160,0.7410648167133331,1.3
1161,0.7410888671875,1.3
1162,0.7412992417812347,1.3
1163,0.7414139211177826,1.3
1164,0.741511195898056,1.3
1165,0.7415515184402466,1.3
1166,0.7416380643844604,1.3
1167,0.7417819499969482,1.3
1168,0.7423014640808105,1.3
1169,0.7425966560840607,1.3
1170,0.7426648736000061,1.3
1171,0.7427621483802795,1.3
1172,0.7430117428302765,1.3
1173,0.743031769990921,1.3
1174,0.7432547807693481,1.3
1175,0.7433180510997772,1.3
1176,0.7434814870357513,1.3
1177,0.7434827983379364,1.3
1178,0.7445613741874695,1.3
1179,0.7447078824043274,1.3
1180,0.7448717057704926,1.3
1181,0.7448798716068268,1.3
1182,0.7449966371059418,1.3
1183,0.745086133480072,1.3
1184,0.7458113133907318,1.3
1185,0.7459761500358582,1.3
1186,0.7460944056510925,1.3
1187,0.7463642060756683,1.3
1188,0.7466368675231934,1.3
1189,0.7468672394752502,1.3
1190,0.7473633587360382,1.3
1191,0.7475463151931763,1.3
1192,0.7486207187175751,1.3
1193,0.7493925094604492,1.3
1194,0.7496918141841888,1.3
1195,0.7497568428516388,1.3
1196,0.7498344779014587,1.3
1197,0.7499304711818695,1.3
1198,0.7499900758266449,1.3
1199,0.7501887679100037,1.3
1200,0.7505044639110565,1.3
1201,0.7509044706821442,1.3
1202,0.7510136365890503,1.3
1203,0.7516008019447327,1.4
1204,0.7518697679042816,1.4
1205,0.7520006895065308,1.4
1206,0.7521049678325653,1.4
1207,0.7524506747722626,1.4
1208,0.7534948587417603,1.4
1209,0.7535142004489899,1.4
1210,0.7535160779953003,1.4
1211,0.7535911798477173,1.4
1212,0.7537511587142944,1.4
1213,0.753775030374527,1.4
1214,0.7539186477661133,1.4
1215,0.754300445318222,1.4
1216,0.7543795108795166,1.4
1217,0.7549298703670502,1.4
1218,0.7549313008785248,1.4
1219,0.7550323307514191,1.4
1220,0.7550411522388458,1.4
1221,0.7552616596221924,1.4
1222,0.7553513646125793,1.4
1223,0.7555985152721405,1.4
1224,0.756015419960022,1.4
1225,0.7563393414020538,1.4
1226,0.756679356098175,1.4
1227,0.7568962872028351,1.4
1228,0.7569840550422668,1.4
1229,0.7572675049304962,1.4
1230,0.7581008076667786,1.4
1231,0.7583416402339935,1.4
1232,0.7584305703639984,1.4
1233,0.7585172057151794,1.4
1234,0.758845865726471,1.4
1235,0.7588916420936584,1.4
1236,0.7590318918228149,1.4
1237,0.7594520747661591,1.4
1238,0.7596645653247833,1.4
1239,0.7597443759441376,1.4
1240,0.760185956954956,1.4
1241,0.7603684365749359,1.4
1242,0.7606023252010345,1.4
1243,0.7609114944934845,1.4
1244,0.7609339356422424,1.4
1245,0.7609473168849945,1.4
1246,0.7609618902206421,1.4
1247,0.7613963484764099,1.4
1248,0.7615887522697449,1.4
1249,0.7616691291332245,1.4
1250,0.7618176937103271,1.4
1251,0.7618428468704224,1.4
1252,0.762700080871582,1.4
1253,0.7628003358840942,1.4
1254,0.7629975378513336,1.4
1255,0.7638473510742188,1.4
1256,0.7642837166786194,1.4
1257,0.7644957005977631,1.4
1258,0.764858067035675,1.4
1259,0.7652885913848877,1.4
1260,0.7655451595783234,1.4
1261,0.7658063769340515,1.4
1262,0.7659004032611847,1.4
1263,0.765934020280838,1.4
1264,0.7663014829158783,1.4
1265,0.7664140462875366,1.4
1266,0.7666076123714447,1.4
1267,0.767022967338562,1.4
1268,0.7679122388362885,1.4
1269,0.7680630385875702,1.4
1270,0.7683198153972626,1.4
1271,0.7685648202896118,1.4
1272,0.7693072855472565,1.4
1273,0.7694314122200012,1.4
1274,0.7697596251964569,1.4
1275,0.7699817717075348,1.4
1276,0.7700126469135284,1.4
1277,0.7700293362140656,1.4
1278,0.7703339159488678,1.4
1279,0.7707871198654175,1.4
1280,0.7708181738853455,1.4
1281,0.7709207236766815,1.4
1282,0.7711055278778076,1.4
1283,0.7714944183826447,1.4
1284,0.7720693349838257,1.4
1285,0.772482305765152,1.4
1286,0.7726369500160217,1.4
1287,0.7728151082992554,1.4
1288,0.773043692111969,1.4
1289,0.7730936706066132,1.4
1290,0.7734826505184174,1.4
1291,0.7736106812953949,1.4
1292,0.7736509740352631,1.4
1293,0.7736902832984924,1.4
1294,0.7738996148109436,1.4
1295,0.7742414772510529,1.4
1296,0.7745881974697113,1.4
1297,0.7750101983547211,1.4
1298,0.7753080129623413,1.4
1299,0.7757195234298706,1.4
1300,0.7758369445800781,1.4
1301,0.776125967502594,1.4
1302,0.7761580646038055,1.4
1303,0.7762220799922943,1.4
1304,0.7763952612876892,1.4
1305,0.7767393887042999,1.4
1306,0.7776743173599243,1.4
1307,0.778511643409729,1.4
1308,0.7789386212825775,1.4
1309,0.7791366875171661,1.4
1310,0.7792512774467468,1.4
1311,0.7792965173721313,1.4
1312,0.7802565395832062,1.4
1313,0.7803223431110382,1.4
1314,0.780620664358139,1.4
1315,0.7809470891952515,1.4
1316,0.7809497714042664,1.4
1317,0.7809528112411499,1.4
1318,0.7811717391014099,1.4
1319,0.7818158864974976,1.4
1320,0.7819009125232697,1.4
1321,0.7820897996425629,1.4
1322,0.7827074527740479,1.4
1323,0.7832167148590088,1.4
1324,0.7832384407520294,1.4
1325,0.7833454608917236,1.4
1326,0.7839528620243073,1.4
1327,0.7841503620147705,1.4
1328,0.7843800187110901,1.4
1329,0.7855219542980194,1.4
1330,0.7858811914920807,1.4
1331,0.7860411405563354,1.4
1332,0.786104142665863,1.4
1333,0.7861986756324768,1.4
1334,0.7865710556507111,1.4
1335,0.7866237461566925,1.4
1336,0.7866272330284119,1.4
1337,0.7873271405696869,1.5
1338,0.7876045107841492,1.5
1339,0.7879782021045685,1.5
1340,0.7880868911743164,1.5
1341,0.7883056700229645,1.5
1342,0.7883321046829224,1.5
1343,0.7884031534194946,1.5
1344,0.7892119884490967,1.5
1345,0.7894128859043121,1.5
1346,0.7894454300403595,1.5
1347,0.789457380771637,1.5
1348,0.7904978692531586,1.5
1349,0.7905256450176239,1.5
1350,0.7906023561954498,1.5
1351,0.7907488644123077,1.5
1352,0.7909381091594696,1.5
1353,0.7912115752696991,1.5
1354,0.7914363443851471,1.5
1355,0.7915819883346558,1.5
1356,0.7918292284011841,1.5
1357,0.7919481992721558,1.5
1358,0.7920165956020355,1.5
1359,0.7926005721092224,1.5
1360,0.7935780584812164,1.5
1361,0.7937467098236084,1.5
1362,0.7940075993537903,1.5
1363,0.7941474914550781,1.5
1364,0.7941579520702362,1.5
1365,0.7943095862865448,1.5
1366,0.7949820458889008,1.5
1367,0.7951034903526306,1.5
1368,0.7951927185058594,1.5
1369,0.7952068448066711,1.5
1370,0.7956542074680328,1.5
1371,0.7961011528968811,1.5
1372,0.7962651550769806,1.5
1373,0.7965979874134064,1.5
1374,0.7966904044151306,1.5
1375,0.7967802584171295,1.5
1376,0.7970512211322784,1.5
1377,0.7974336445331573,1.5
1378,0.7974724471569061,1.5
1379,0.7979270815849304,1.5
1380,0.7981413006782532,1.5
1381,0.7988733947277069,1.5
1382,0.7989207208156586,1.5
1383,0.7992299199104309,1.5
1384,0.799285501241684,1.5
1385,0.7997554242610931,1.5
1386,0.7998902797698975,1.5
1387,0.8001112043857574,1.5
1388,0.8001919984817505,1.5
1389,0.800497978925705,1.5
1390,0.8010919690132141,1.5
1391,0.802073210477829,1.5
1392,0.8024272322654724,1.5
1393,0.8025563061237335,1.5
1394,0.8028296828269958,1.5
1395,0.8029374778270721,1.5
1396,0.8031414747238159,1.5
1397,0.8036871254444122,1.5
1398,0.8039910793304443,1.5
1399,0.804404228925705,1.5
1400,0.8045243620872498,1.5
1401,0.8046725988388062,1.5
1402,0.8053450584411621,1.5
1403,0.8055614233016968,1.5
1404,0.8056304454803467,1.5
1405,0.8058174252510071,1.5
1406,0.8061363101005554,1.5
1407,0.8062177300453186,1.5
1408,0.8063193261623383,1.5
1409,0.8063246309757233,1.5
1410,0.8063705563545227,1.5
1411,0.8064395487308502,1.5
1412,0.8064839541912079,1.5
1413,0.8071160316467285,1.5
1414,0.8079874217510223,1.5
1415,0.8082368969917297,1.5
1416,0.808430403470993,1.5
1417,0.8088863790035248,1.5
1418,0.809049516916275,1.5
1419,0.8091023862361908,1.5
1420,0.8091702461242676,1.5
1421,0.8096610307693481,1.5
1422,0.8097308874130249,1.5
1423,0.8100751042366028,1.5
1424,0.8102708458900452,1.5
1425,0.8103106021881104,1.5
1426,0.8104477226734161,1.5
1427,0.8104609847068787,1.5
1428,0.8104723691940308,1.5
1429,0.8105390071868896,1.5
1430,0.8112756907939911,1.5
1431,0.8119027018547058,1.5
1432,0.8121577501296997,1.5
1433,0.8125303387641907,1.5
1434,0.8128571808338165,1.5
1435,0.8131552636623383,1.5
1436,0.81356081366539,1.5
1437,0.8136961758136749,1.5
1438,0.8137346506118774,1.5
1439,0.813777357339859,1.5
1440,0.8140076398849487,1.5
1441,0.8142246901988983,1.5
1442,0.814553439617157,1.5
1443,0.8147864937782288,1.5
1444,0.8153554499149323,1.5
1445,0.8153715431690216,1.5
1446,0.8153745532035828,1.5
1447,0.8154373168945312,1.5
1448,0.8154681921005249,1.5
1449,0.8156668543815613,1.5
1450,0.8163120150566101,1.5
1451,0.8163365125656128,1.5
1452,0.8165426254272461,1.5
1453,0.8166359663009644,1.5
1454,0.8170211017131805,1.5
1455,0.8171477913856506,1.5
1456,0.8174984157085419,1.5
1457,0.8192892372608185,1.6
1458,0.8194321990013123,1.6
1459,0.8196226060390472,1.6
1460,0.8197135031223297,1.6
1461,0.8197794854640961,1.6
1462,0.8202418684959412,1.6
1463,0.8202481865882874,1.6
1464,0.8203039765357971,1.6
1465,0.8206919133663177,1.6
1466,0.8207592070102692,1.6
1467,0.8220578730106354,1.6
1468,0.8221647143363953,1.6
1469,0.8223207294940948,1.6
1470,0.8225721418857574,1.6
1471,0.822637528181076,1.6
1472,0.8230813145637512,1.6
1473,0.8232273161411285,1.6
1474,0.8234427571296692,1.6
1475,0.8248053193092346,1.6
1476,0.8248651325702667,1.6
1477,0.825055330991745,1.6
1478,0.8252195715904236,1.6
1479,0.8252933919429779,1.6
1480,0.8265492618083954,1.6
1481,0.8265871703624725,1.6
1482,0.826774001121521,1.6
1483,0.8267849087715149,1.6
1484,0.8268496096134186,1.6
1485,0.8269070982933044,1.6
1486,0.8269947469234467,1.6
1487,0.827882707118988,1.6
1488,0.8279892206192017,1.6
1489,0.8280499577522278,1.6
1490,0.8280600011348724,1.6
1491,0.8283697962760925,1.6
1492,0.8290213942527771,1.6
1493,0.8291424512863159,1.6
1494,0.8291476666927338,1.6
1495,0.8292582035064697,1.6
1496,0.8294486403465271,1.6
1497,0.829499751329422,1.6
1498,0.829666942358017,1.6
1499,0.8296907246112823,1.6
1500,0.829983651638031,1.6
1501,0.830094039440155,1.6
1502,0.8302595615386963,1.6
1503,0.830892413854599,1.6
1504,0.8312337100505829,1.6
1505,0.8315986394882202,1.6
1506,0.8316088914871216,1.6
1507,0.8316103219985962,1.6
1508,0.8321056067943573,1.6
1509,0.8321657776832581,1.6
1510,0.8327496945858002,1.6
1511,0.8328344821929932,1.6
1512,0.833281010389328,1.6
1513,0.833753913640976,1.6
1514,0.8338623046875,1.6
1515,0.8344343304634094,1.6
1516,0.8346949815750122,1.6
1517,0.8350741565227509,1.6
1518,0.8353654444217682,1.6
1519,0.835394412279129,1.6
1520,0.8354353308677673,1.6
1521,0.8355607986450195,1.6
1522,0.8355801999568939,1.6
1523,0.8358445465564728,1.6
1524,0.8359971642494202,1.6
1525,0.8360115587711334,1.6
1526,0.836154043674469,1.6
1527,0.8362027108669281,1.6
1528,0.8362067937850952,1.6
1529,0.8362660706043243,1.6
1530,0.8363703787326813,1.6
1531,0.8364298939704895,1.6
1532,0.8364357948303223,1.6
1533,0.8364512026309967,1.6
1534,0.8369173109531403,1.6
1535,0.8371445834636688,1.6
1536,0.8371610343456268,1.6
1537,0.8374067842960358,1.6
1538,0.8376488387584686,1.6
1539,0.8377889692783356,1.6
1540,0.8378324806690216,1.6
1541,0.8381029069423676,1.6
1542,0.8382180333137512,1.6
1543,0.8384964168071747,1.6
1544,0.8390753865242004,1.6
1545,0.8391893804073334,1.6
1546,0.8391979336738586,1.6
1547,0.839354008436203,1.6
1548,0.8395500481128693,1.6
1549,0.8396305739879608,1.6
1550,0.8397411406040192,1.6
1551,0.8405233323574066,1.6
1552,0.8408894836902618,1.6
1553,0.8412401974201202,1.6
1554,0.8421357274055481,1.6
1555,0.842199444770813,1.6
1556,0.8422180712223053,1.6
1557,0.8429173827171326,1.6
1558,0.8429615497589111,1.6
1559,0.8433367908000946,1.6
1560,0.8433529734611511,1.6
1561,0.8435021936893463,1.6
1562,0.843771904706955,1.6
1563,0.8437834680080414,1.6
1564,0.8439464569091797,1.6
1565,0.8440150022506714,1.6
1566,0.8444380164146423,1.6
1567,0.8446459174156189,1.6
1568,0.844882994890213,1.6
1569,0.8449431359767914,1.6
1570,0.8450161218643188,1.6
1571,0.8454178869724274,1.6
1572,0.845424234867096,1.6
1573,0.8455933630466461,1.6
1574,0.8456949889659882,1.6
1575,0.8457945585250854,1.6
1576,0.8462066650390625,1.6
1577,0.8462530374526978,1.6
1578,0.8464445471763611,1.6
1579,0.8464920818805695,1.6
1580,0.8465753793716431,1.6
1581,0.8468424379825592,1.6
1582,0.8471279740333557,1.6
1583,0.8471953570842743,1.6
1584,0.8477140069007874,1.6
1585,0.8482027351856232,1.6
1586,0.8485173285007477,1.6
1587,0.8485179245471954,1.6
1588,0.8487854301929474,1.6
1589,0.8489180207252502,1.6
1590,0.849329024553299,1.6
1591,0.8497357070446014,1.6
1592,0.8502086400985718,1.6
1593,0.8504293859004974,1.6
1594,0.8504596948623657,1.6
1595,0.8506043553352356,1.6
1596,0.8507837057113647,1.6
1597,0.8508280813694,1.6
1598,0.8509650230407715,1.6
1599,0.8512005805969238,1.6
1600,0.8512987792491913,1.6
1601,0.8518328964710236,1.6
1602,0.8519523739814758,1.6
1603,0.8524365723133087,1.6
1604,0.8524974286556244,1.6
1605,0.8525199890136719,1.6
1606,0.8526155054569244,1.6
1607,0.8530139029026031,1.6
1608,0.8531466722488403,1.6
1609,0.8531654179096222,1.6
1610,0.853331595659256,1.6
1611,0.8535283505916595,1.6
1612,0.8542587161064148,1.6
1613,0.854410856962204,1.6
1614,0.854526937007904,1.6
1615,0.8546811044216156,1.6
1616,0.8547173142433167,1.6
1617,0.8550049066543579,1.6
1618,0.8554797172546387,1.6
1619,0.8556608855724335,1.7
1620,0.8556690216064453,1.7
1621,0.8560453057289124,1.7
1622,0.8566387593746185,1.7
1623,0.8567513227462769,1.7
1624,0.8568247258663177,1.7
1625,0.8568978607654572,1.7
1626,0.8569664359092712,1.7
1627,0.8569859564304352,1.7
1628,0.8573470115661621,1.7
1629,0.857719898223877,1.7
1630,0.8577955067157745,1.7
1631,0.8579978942871094,1.7
1632,0.8580453395843506,1.7
1633,0.8583284616470337,1.7
1634,0.8586197197437286,1.7
1635,0.8594681918621063,1.7
1636,0.8596783578395844,1.7
1637,0.8596824109554291,1.7
1638,0.8598322868347168,1.7
1639,0.8600186705589294,1.7
1640,0.8602811694145203,1.7
1641,0.8606021404266357,1.7
1642,0.8607819378376007,1.7
1643,0.8610288202762604,1.7
1644,0.8610940873622894,1.7
1645,0.8613909184932709,1.7
1646,0.861883670091629,1.7
1647,0.8620707094669342,1.7
1648,0.8623368740081787,1.7
1649,0.8624922931194305,1.7
1650,0.8626731634140015,1.7
1651,0.8628430068492889,1.7
1652,0.8629369735717773,1.7
1653,0.8635257184505463,1.7
1654,0.8636445105075836,1.7
1655,0.8638016283512115,1.7
1656,0.8638558089733124,1.7
1657,0.8639877140522003,1.7
1658,0.8643303215503693,1.7
1659,0.8644906282424927,1.7
1660,0.8645452857017517,1.7
1661,0.8647868931293488,1.7
1662,0.8647886216640472,1.7
1663,0.8648422956466675,1.7
1664,0.8649483323097229,1.7
1665,0.8650910556316376,1.7
1666,0.8651610016822815,1.7
1667,0.8659450113773346,1.7
1668,0.8663869202136993,1.7
1669,0.8669590353965759,1.7
1670,0.8669940829277039,1.7
1671,0.8672390580177307,1.7
1672,0.8677363395690918,1.7
1673,0.8681067228317261,1.7
1674,0.8681120872497559,1.7
1675,0.8682026267051697,1.7
1676,0.8683450222015381,1.7
1677,0.868759274482727,1.7
1678,0.8688851594924927,1.7
1679,0.8688896596431732,1.7
1680,0.8694368898868561,1.7
1681,0.8696302771568298,1.7
1682,0.8698843717575073,1.7
1683,0.8700954020023346,1.7
1684,0.8706120252609253,1.7
1685,0.8708637356758118,1.7
1686,0.8709191381931305,1.7
1687,0.8710942566394806,1.7
1688,0.8717269003391266,1.7
1689,0.8717769980430603,1.7
1690,0.8718489408493042,1.7
1691,0.8719516098499298,1.7
1692,0.8719913959503174,1.7
1693,0.8720040917396545,1.7
1694,0.8724699914455414,1.7
1695,0.8730545043945312,1.7
1696,0.8731404542922974,1.7
1697,0.8735915124416351,1.7
1698,0.8736554682254791,1.7
1699,0.8738162815570831,1.7
1700,0.8739610314369202,1.7
1701,0.8741255402565002,1.7
1702,0.8742583692073822,1.7
1703,0.87435182929039,1.7
1704,0.8744670748710632,1.7
1705,0.8744750022888184,1.7
1706,0.8745002150535583,1.7
1707,0.8745175004005432,1.7
1708,0.8745376765727997,1.7
1709,0.8748023509979248,1.7
1710,0.8750790059566498,1.7
1711,0.8751400113105774,1.7
1712,0.8751834332942963,1.7
1713,0.8752142488956451,1.7
1714,0.8752690255641937,1.7
1715,0.8754658997058868,1.7
1716,0.875774085521698,1.7
1717,0.8758696615695953,1.7
1718,0.8758760690689087,1.7
1719,0.8759177923202515,1.7
1720,0.8761131167411804,1.7
1721,0.8764641284942627,1.7
1722,0.8773252069950104,1.7
1723,0.8774437606334686,1.7
1724,0.8775193393230438,1.7
1725,0.8776184320449829,1.7
1726,0.8780956268310547,1.7
1727,0.8783263266086578,1.7
1728,0.878400057554245,1.7
1729,0.8784445524215698,1.7
1730,0.8787659108638763,1.7
1731,0.8789952397346497,1.7
1732,0.8794712424278259,1.7
1733,0.8794772922992706,1.7
1734,0.8796305656433105,1.7
1735,0.8797439634799957,1.8
1736,0.879755973815918,1.8
1737,0.8798158466815948,1.8
1738,0.8801883459091187,1.8
1739,0.8806594908237457,1.8
1740,0.8807108700275421,1.8
1741,0.8809094429016113,1.8
1742,0.8811647593975067,1.8
1743,0.8813735246658325,1.8
1744,0.8814669847488403,1.8
1745,0.881676197052002,1.8
1746,0.8820498585700989,1.8
1747,0.882122814655304,1.8
1748,0.8825352489948273,1.8
1749,0.8826305866241455,1.8
1750,0.8836356103420258,1.8
1751,0.8837988078594208,1.8
1752,0.8841651082038879,1.8
1753,0.8843871355056763,1.8
1754,0.8847543001174927,1.8
1755,0.8851006031036377,1.8
1756,0.8851532638072968,1.8
1757,0.8851606547832489,1.8
1758,0.8852437138557434,1.8
1759,0.8854672312736511,1.8
1760,0.8857187628746033,1.8
1761,0.885896623134613,1.8
1762,0.8862035870552063,1.8
1763,0.8864192068576813,1.8
1764,0.8864700794219971,1.8
1765,0.8866848945617676,1.8
1766,0.8870269358158112,1.8
1767,0.8872547149658203,1.8
1768,0.8874304294586182,1.8
1769,0.8875666856765747,1.8
1770,0.8877276480197906,1.8
1771,0.887801319360733,1.8
1772,0.8878184854984283,1.8
1773,0.8879418671131134,1.8
1774,0.8880463242530823,1.8
1775,0.8882093727588654,1.8
1776,0.8886741101741791,1.8
1777,0.888752669095993,1.8
1778,0.8888424038887024,1.8
1779,0.8890106379985809,1.8
1780,0.8894088864326477,1.8
1781,0.8895289897918701,1.8
1782,0.8898076117038727,1.8
1783,0.8903549611568451,1.8
1784,0.890768826007843,1.8
1785,0.8908373415470123,1.8
1786,0.8909044563770294,1.8
1787,0.8913962543010712,1.8
1788,0.8914328813552856,1.8
1789,0.8915497362613678,1.8
1790,0.89174485206604,1.8
1791,0.8917601704597473,1.8
1792,0.8920216858386993,1.8
1793,0.8921815752983093,1.8
1794,0.8923229575157166,1.8
1795,0.8924124240875244,1.8
1796,0.8927198052406311,1.8
1797,0.8929981291294098,1.8
1798,0.8930686414241791,1.8
1799,0.8935747444629669,1.8
1800,0.8936645686626434,1.8
1801,0.8936983942985535,1.8
1802,0.8938822150230408,1.8
1803,0.8943021595478058,1.8
1804,0.8944869339466095,1.8
1805,0.8945541381835938,1.8
1806,0.8945657312870026,1.8
1807,0.8947084844112396,1.8
1808,0.8947512209415436,1.8
1809,0.8947629034519196,1.8
1810,0.8948240578174591,1.8
1811,0.8948546648025513,1.8
1812,0.8950048387050629,1.8
1813,0.8950147032737732,1.8
1814,0.8953290581703186,1.8
1815,0.8953315317630768,1.8
1816,0.8953807950019836,1.8
1817,0.8954908549785614,1.8
1818,0.8955003917217255,1.8
1819,0.8955768942832947,1.8
1820,0.8956281244754791,1.8
1821,0.895777553319931,1.8
1822,0.8958131074905396,1.8
1823,0.8958187997341156,1.8
1824,0.8958229124546051,1.8
1825,0.8963791131973267,1.8
1826,0.8965166807174683,1.8
1827,0.8970482051372528,1.8
1828,0.8972181677818298,1.8
1829,0.8972828388214111,1.8
1830,0.8973520696163177,1.8
1831,0.8973608314990997,1.8
1832,0.8976181745529175,1.8
1833,0.8976235687732697,1.8
1834,0.897691160440445,1.8
1835,0.8977376222610474,1.8
1836,0.8980037569999695,1.8
1837,0.8980406820774078,1.8
1838,0.8980974555015564,1.8
1839,0.8982647359371185,1.8
1840,0.898283988237381,1.8
1841,0.8985500335693359,1.8
1842,0.8986480832099915,1.8
1843,0.8987298905849457,1.8
1844,0.8987301588058472,1.8
1845,0.8990688621997833,1.8
1846,0.899129718542099,1.8
1847,0.8992058634757996,1.8
1848,0.8993548154830933,1.8
1849,0.8994653522968292,1.8
1850,0.8994826674461365,1.8
1851,0.8994883000850677,1.8
1852,0.8995529115200043,1.8
1853,0.8998836576938629,1.8
1854,0.8998880088329315,1.8
1855,0.9001103639602661,1.8
1856,0.900156170129776,1.8
1857,0.9003563225269318,1.8
1858,0.9006510674953461,1.8
1859,0.9006952345371246,1.8
1860,0.9009766280651093,1.8
1861,0.9009959101676941,1.8
1862,0.9027217626571655,1.8
1863,0.9027361273765564,1.8
1864,0.9030562937259674,1.8
1865,0.9032866954803467,1.8
1866,0.9033736884593964,1.8
1867,0.9034088551998138,1.8
1868,0.9036519825458527,1.8
1869,0.9037081897258759,1.8
1870,0.9037094414234161,1.8
1871,0.9037436842918396,1.8
1872,0.9040282368659973,1.8
1873,0.904134064912796,1.8
1874,0.9043823480606079,1.9
1875,0.9049683809280396,1.9
1876,0.9052446484565735,1.9
1877,0.9053274989128113,1.9
1878,0.9054009020328522,1.9
1879,0.9054449200630188,1.9
1880,0.9056349396705627,1.9
1881,0.9059151709079742,1.9
1882,0.9062497317790985,1.9
1883,0.9063832759857178,1.9
1884,0.9066163897514343,1.9
1885,0.9067597985267639,1.9
1886,0.9068008959293365,1.9
1887,0.907099574804306,1.9
1888,0.9071063101291656,1.9
1889,0.9071172177791595,1.9
1890,0.9078367948532104,1.9
1891,0.9078824818134308,1.9
1892,0.9080478250980377,1.9
1893,0.9083664119243622,1.9
1894,0.9086549878120422,1.9
1895,0.9087303578853607,1.9
1896,0.9088377952575684,1.9
1897,0.9088937044143677,1.9
1898,0.9090318977832794,1.9
1899,0.9091073274612427,1.9
1900,0.9091416895389557,1.9
1901,0.9096835255622864,1.9
1902,0.9097226560115814,1.9
1903,0.9100058972835541,1.9
1904,0.9100068807601929,1.9
1905,0.9100105464458466,1.9
1906,0.9101585447788239,1.9
1907,0.9103153645992279,1.9
1908,0.9106534719467163,1.9
1909,0.9111428260803223,1.9
1910,0.911456286907196,1.9
1911,0.911546379327774,1.9
1912,0.9117129147052765,1.9
1913,0.9118160009384155,1.9
1914,0.9120606184005737,1.9
1915,0.9122931957244873,1.9
1916,0.9123896062374115,1.9
1917,0.9126969873905182,1.9
1918,0.9128895998001099,1.9
1919,0.9129965603351593,1.9
1920,0.9132022261619568,1.9
1921,0.9133068025112152,1.9
1922,0.9136084914207458,1.9
1923,0.9137291610240936,1.9
1924,0.9144375622272491,1.9
1925,0.9145705997943878,1.9
1926,0.9146166443824768,1.9
1927,0.9147530496120453,1.9
1928,0.9147857427597046,1.9
1929,0.9150104224681854,1.9
1930,0.9150648713111877,1.9
1931,0.9150876998901367,1.9
1932,0.9151963293552399,1.9
1933,0.9153932929039001,1.9
1934,0.9155155718326569,1.9
1935,0.9155689775943756,1.9
1936,0.9159527719020844,1.9
1937,0.9160864055156708,1.9
1938,0.9161686301231384,1.9
1939,0.9163438081741333,1.9
1940,0.9166383147239685,1.9
1941,0.9166855812072754,1.9
1942,0.91680508852005,1.9
1943,0.9169835448265076,1.9
1944,0.9170629978179932,1.9
1945,0.9170823395252228,1.9
1946,0.9173512160778046,1.9
1947,0.917389452457428,1.9
1948,0.9175151288509369,1.9
1949,0.9178208112716675,1.9
1950,0.9181037843227386,1.9
1951,0.9183366894721985,1.9
1952,0.9184477925300598,1.9
1953,0.9186412394046783,1.9
1954,0.9188361465930939,1.9
1955,0.919197142124176,1.9
1956,0.9192907214164734,1.9
1957,0.9193466901779175,1.9
1958,0.9194467961788177,1.9
1959,0.9195991158485413,1.9
1960,0.9197654128074646,1.9
1961,0.9199527204036713,1.9
1962,0.9203066229820251,1.9
1963,0.9206089377403259,1.9
1964,0.9212315678596497,1.9
1965,0.9216907918453217,1.9
1966,0.9218254387378693,1.9
1967,0.9218800961971283,1.9
1968,0.9219225943088531,1.9
1969,0.922067403793335,1.9
1970,0.9221493601799011,1.9
1971,0.9226911962032318,1.9
1972,0.9227175712585449,1.9
1973,0.9227952361106873,1.9
1974,0.9229004383087158,1.9
1975,0.9229054749011993,1.9
1976,0.9231003820896149,1.9
1977,0.9238508939743042,1.9
1978,0.9244255423545837,1.9
1979,0.9244681596755981,1.9
1980,0.9244751334190369,1.9
1981,0.9247382879257202,1.9
1982,0.9250168204307556,1.9
1983,0.925130695104599,1.9
1984,0.9251409769058228,1.9
1985,0.9251997768878937,1.9
1986,0.925565093755722,1.9
1987,0.9259903430938721,1.9
1988,0.9260777235031128,1.9
1989,0.926083117723465,1.9
1990,0.9260862171649933,1.9
1991,0.9263471961021423,1.9
1992,0.9263603985309601,1.9
1993,0.9268940687179565,1.9
1994,0.9269113838672638,1.9
1995,0.9270918369293213,1.9
1996,0.9273354411125183,1.9
1997,0.9273621439933777,1.9
1998,0.9273813962936401,1.9
1999,0.9276263117790222,1.9
2000,0.9279158115386963,1.9
2001,0.9288904964923859,1.9
2002,0.9291319847106934,1.9
2003,0.9291450679302216,1.9
2004,0.9291487336158752,1.9
2005,0.9292066991329193,1.9
2006,0.9294505417346954,1.9
2007,0.9294760823249817,1.9
2008,0.9296022355556488,1.9
2009,0.9296786487102509,1.9
2010,0.9296986162662506,1.9
2011,0.9297542572021484,1.9
2012,0.9299059510231018,1.9
2013,0.9305002391338348,2.0
2014,0.9306482672691345,2.0
2015,0.9308854639530182,2.0
2016,0.9310063719749451,2.0
2017,0.9313921332359314,2.0
2018,0.9314422011375427,2.0
2019,0.9317522048950195,2.0
2020,0.9318129122257233,2.0
2021,0.9318781495094299,2.0
2022,0.9320463240146637,2.0
2023,0.932165801525116,2.0
2024,0.9322710633277893,2.0
2025,0.9323169887065887,2.0
2026,0.9328265190124512,2.0
2027,0.9330748915672302,2.0
2028,0.9333919286727905,2.0
2029,0.9336552619934082,2.0
2030,0.9338181018829346,2.0
2031,0.9338508248329163,2.0
2032,0.9338864982128143,2.0
2033,0.9339943826198578,2.0
2034,0.9340069591999054,2.0
2035,0.9340449273586273,2.0
2036,0.9341908097267151,2.0
2037,0.9341968894004822,2.0
2038,0.9342131912708282,2.0
2039,0.9342319965362549,2.0
2040,0.9344022572040558,2.0
2041,0.9344351589679718,2.0
2042,0.9348274767398834,2.0
2043,0.9350543022155762,2.0
2044,0.9351061880588531,2.0
2045,0.9359695613384247,2.0
2046,0.9361348450183868,2.0
2047,0.9361388981342316,2.0
2048,0.9361675381660461,2.0
2049,0.9362578690052032,2.0
2050,0.9363074898719788,2.0
2051,0.9366601705551147,2.0
2052,0.9366979002952576,2.0
2053,0.9372039139270782,2.0
2054,0.937391459941864,2.0
2055,0.9374642670154572,2.0
2056,0.9375192523002625,2.0
2057,0.9375548362731934,2.0
2058,0.937597930431366,2.0
2059,0.9377179145812988,2.0
2060,0.9378111362457275,2.0
2061,0.9380088150501251,2.0
2062,0.9380673468112946,2.0
2063,0.9383979141712189,2.0
2064,0.9385776221752167,2.0
2065,0.9388123750686646,2.0
2066,0.9388328194618225,2.0
2067,0.9388466477394104,2.0
2068,0.9388754069805145,2.0
2069,0.9389350116252899,2.0
2070,0.9390876293182373,2.0
2071,0.9391390085220337,2.0
2072,0.9393789172172546,2.0
2073,0.9393848776817322,2.0
2074,0.9399940967559814,2.0
2075,0.9400669634342194,2.0
2076,0.9405445158481598,2.0
2077,0.9410203695297241,2.0
2078,0.9420627951622009,2.0
2079,0.9421692490577698,2.0
2080,0.9423640966415405,2.0
2081,0.942415177822113,2.0
2082,0.9426112771034241,2.0
2083,0.9428136050701141,2.0
2084,0.9432717561721802,2.0
2085,0.9435088634490967,2.0
2086,0.9436675608158112,2.0
2087,0.9437762796878815,2.0
2088,0.9441668391227722,2.0
2089,0.9448288381099701,2.0
2090,0.9452658593654633,2.0
2091,0.9453275799751282,2.0
2092,0.9453704655170441,2.0
2093,0.9454837739467621,2.0
2094,0.9457029700279236,2.0
2095,0.9457904696464539,2.0
2096,0.9461417198181152,2.0
2097,0.946474015712738,2.0
2098,0.9473254680633545,2.0
2099,0.9473796784877777,2.0
2100,0.947517454624176,2.0
2101,0.947897344827652,2.0
2102,0.9480592608451843,2.0
2103,0.9480732679367065,2.0
2104,0.9482415616512299,2.0
2105,0.9486225545406342,2.0
2106,0.9490370750427246,2.0
2107,0.9491128325462341,2.0
2108,0.9498252868652344,2.0
2109,0.9498333632946014,2.0
2110,0.949842244386673,2.0
2111,0.9499425292015076,2.0
2112,0.9499940276145935,2.0
2113,0.9506750404834747,2.0
2114,0.9508270919322968,2.0
2115,0.9509668350219727,2.0
2116,0.9510211944580078,2.0
2117,0.9511283040046692,2.0
2118,0.9517607688903809,2.0
2119,0.9519369900226593,2.0
2120,0.9519539177417755,2.0
2121,0.9519650340080261,2.0
2122,0.9519810080528259,2.0
2123,0.9521176517009735,2.0
2124,0.9521922767162323,2.0
2125,0.9522123038768768,2.0
2126,0.9525141716003418,2.0
2127,0.9525403380393982,2.0
2128,0.9527037441730499,2.0
2129,0.9527787566184998,2.0
2130,0.952799528837204,2.0
2131,0.9529172778129578,2.0
2132,0.9530367255210876,2.0
2133,0.9530443847179413,2.0
2134,0.9530957341194153,2.0
2135,0.954281747341156,2.0
2136,0.9547730982303619,2.0
2137,0.9550586342811584,2.0
2138,0.9550936818122864,2.0
2139,0.9552010595798492,2.0
2140,0.9552966058254242,2.0
2141,0.9556840360164642,2.0
2142,0.9557033777236938,2.0
2143,0.9558229744434357,2.0
2144,0.9559680223464966,2.0
2145,0.9566669166088104,2.0
2146,0.9570155441761017,2.0
2147,0.9582183361053467,2.0
2148,0.9583142101764679,2.0
2149,0.9583221673965454,2.0
2150,0.9586166143417358,2.0
2151,0.9588944315910339,2.0
2152,0.9589134752750397,2.0
2153,0.9589812159538269,2.0
2154,0.9590568244457245,2.0
2155,0.9595823287963867,2.1
2156,0.9596248865127563,2.1
2157,0.959850013256073,2.1
2158,0.9598589539527893,2.1
2159,0.9598703980445862,2.1
2160,0.9599261581897736,2.1
2161,0.9600184559822083,2.1
2162,0.9601779878139496,2.1
2163,0.9602653682231903,2.1
2164,0.9607347548007965,2.1
2165,0.9607535004615784,2.1
2166,0.9609907269477844,2.1
2167,0.9611731171607971,2.1
2168,0.9613169133663177,2.1
2169,0.9614076018333435,2.1
2170,0.9615163207054138,2.1
2171,0.9615562856197357,2.1
2172,0.9617269337177277,2.1
2173,0.961765319108963,2.1
2174,0.9621807038784027,2.1
2175,0.9621900916099548,2.1
2176,0.962628960609436,2.1
2177,0.9626913964748383,2.1
2178,0.9627981185913086,2.1
2179,0.962811142206192,2.1
2180,0.9628994762897491,2.1
2181,0.9632214903831482,2.1
2182,0.9634330868721008,2.1
2183,0.9637525975704193,2.1
2184,0.9639654159545898,2.1
2185,0.9641900658607483,2.1
2186,0.9642379581928253,2.1
2187,0.9646026790142059,2.1
2188,0.9647198021411896,2.1
2189,0.9648797512054443,2.1
2190,0.9649356603622437,2.1
2191,0.9650484323501587,2.1
2192,0.9651636481285095,2.1
2193,0.9652197659015656,2.1
2194,0.9653166234493256,2.1
2195,0.9660634994506836,2.1
2196,0.9662211537361145,2.1
2197,0.9666401147842407,2.1
2198,0.9669981002807617,2.1
2199,0.9670171737670898,2.1
2200,0.9673605263233185,2.1
2201,0.9677639007568359,2.1
2202,0.9678892493247986,2.1
2203,0.9678946435451508,2.1
2204,0.9679763913154602,2.1
2205,0.9682997167110443,2.1
2206,0.9685748219490051,2.1
2207,0.9686831831932068,2.1
2208,0.9689003229141235,2.1
2209,0.9690509140491486,2.1
2210,0.969097226858139,2.1
2211,0.9692630171775818,2.1
2212,0.9693277776241302,2.1
2213,0.9695010781288147,2.1
2214,0.9695210754871368,2.1
2215,0.9700784087181091,2.1
2216,0.97012859582901,2.1
2217,0.9701398313045502,2.1
2218,0.9703214466571808,2.1
2219,0.9705331921577454,2.1
2220,0.9705954790115356,2.1
2221,0.9707918167114258,2.1
2222,0.9708491861820221,2.1
2223,0.9709492325782776,2.1
2224,0.9709771573543549,2.1
2225,0.9710553586483002,2.1
2226,0.9716662764549255,2.1
2227,0.9716741442680359,2.1
2228,0.9717403650283813,2.1
2229,0.971960723400116,2.1
2230,0.9721099138259888,2.1
2231,0.9721660017967224,2.1
2232,0.9722011685371399,2.1
2233,0.9722632467746735,2.1
2234,0.9722744226455688,2.1
2235,0.9723924100399017,2.1
2236,0.9727035760879517,2.1
2237,0.9727805852890015,2.1
2238,0.9727984964847565,2.1
2239,0.9734908938407898,2.1
2240,0.973540723323822,2.1
2241,0.9740789830684662,2.1
2242,0.9741891324520111,2.1
2243,0.9745605885982513,2.1
2244,0.9751392006874084,2.1
2245,0.9754398167133331,2.1
2246,0.9755680561065674,2.1
2247,0.9757257699966431,2.1
2248,0.9757661521434784,2.1
2249,0.9762150943279266,2.1
2250,0.976439505815506,2.1
2251,0.9765064120292664,2.1
2252,0.9766706228256226,2.1
2253,0.9767983257770538,2.1
2254,0.9768522083759308,2.1
2255,0.9770860075950623,2.1
2256,0.9772266745567322,2.1
2257,0.9773692190647125,2.1
2258,0.9774337112903595,2.1
2259,0.9774882197380066,2.1
2260,0.9777418375015259,2.1
2261,0.9777737557888031,2.1
2262,0.97797030210495,2.1
2263,0.9781078100204468,2.1
2264,0.9783377945423126,2.1
2265,0.9785706400871277,2.1
2266,0.9786455929279327,2.1
2267,0.9786924421787262,2.1
2268,0.9787268042564392,2.1
2269,0.9790138304233551,2.1
2270,0.9790167510509491,2.1
2271,0.9792961776256561,2.1
2272,0.979431688785553,2.1
2273,0.9794706404209137,2.1
2274,0.9795710444450378,2.1
2275,0.9798645973205566,2.1
2276,0.9799806177616119,2.1
2277,0.9800827205181122,2.1
2278,0.9800990521907806,2.1
2279,0.980297863483429,2.1
2280,0.9808135032653809,2.1
2281,0.9810618758201599,2.1
2282,0.9813136160373688,2.1
2283,0.9813469648361206,2.1
2284,0.9815000295639038,2.1
2285,0.9818259477615356,2.1
2286,0.9818280637264252,2.1
2287,0.9818909466266632,2.1
2288,0.9819217324256897,2.1
2289,0.9823710322380066,2.1
2290,0.9825055003166199,2.1
2291,0.982724666595459,2.1
2292,0.9827678799629211,2.1
2293,0.9833530187606812,2.1
2294,0.9837267994880676,2.1
2295,0.9837970733642578,2.1
2296,0.9838808178901672,2.1
2297,0.9839645326137543,2.2
2298,0.9844925105571747,2.2
2299,0.9848107993602753,2.2
2300,0.9848333299160004,2.2
2301,0.9849877059459686,2.2
2302,0.9851704239845276,2.2
2303,0.985212504863739,2.2
2304,0.9853342175483704,2.2
2305,0.985384464263916,2.2
2306,0.9856372773647308,2.2
2307,0.9856450855731964,2.2
2308,0.9856657981872559,2.2
2309,0.9858088791370392,2.2
2310,0.9859262406826019,2.2
2311,0.9860009551048279,2.2
2312,0.9861452579498291,2.2
2313,0.9861966073513031,2.2
2314,0.986271470785141,2.2
2315,0.9863244593143463,2.2
2316,0.9863293468952179,2.2
2317,0.9863632917404175,2.2
2318,0.9868821501731873,2.2
2319,0.9871468245983124,2.2
2320,0.9872862994670868,2.2
2321,0.9874817132949829,2.2
2322,0.9877857863903046,2.2
2323,0.9878207743167877,2.2
2324,0.9878400564193726,2.2
2325,0.9879811704158783,2.2
2326,0.9881043136119843,2.2
2327,0.98813796043396,2.2
2328,0.9889332354068756,2.2
2329,0.9890549182891846,2.2
2330,0.9891260266304016,2.2
2331,0.9892372190952301,2.2
2332,0.9894742667675018,2.2
2333,0.9895780384540558,2.2
2334,0.9898147881031036,2.2
2335,0.9900331199169159,2.2
2336,0.9903460741043091,2.2
2337,0.9903877377510071,2.2
2338,0.9905017018318176,2.2
2339,0.9906221628189087,2.2
2340,0.9910171031951904,2.2
2341,0.9911893606185913,2.2
2342,0.9912054240703583,2.2
2343,0.9912392795085907,2.2
2344,0.9913598001003265,2.2
2345,0.9914761483669281,2.2
2346,0.9915039539337158,2.2
2347,0.9916251301765442,2.2
2348,0.9917116761207581,2.2
2349,0.9919183850288391,2.2
2350,0.992175966501236,2.2
2351,0.9922949373722076,2.2
2352,0.9923167824745178,2.2
2353,0.9926205277442932,2.2
2354,0.9926843345165253,2.2
2355,0.9927747249603271,2.2
2356,0.9927881062030792,2.2
2357,0.9930143654346466,2.2
2358,0.993279218673706,2.2
2359,0.9940532743930817,2.2
2360,0.9940595924854279,2.2
2361,0.994177907705307,2.2
2362,0.9943271577358246,2.2
2363,0.9943526089191437,2.2
2364,0.9944935441017151,2.2
2365,0.9946359097957611,2.2
2366,0.9946704208850861,2.2
2367,0.9948216080665588,2.2
2368,0.9949201047420502,2.2
2369,0.9949289262294769,2.2
2370,0.9952585101127625,2.2
2371,0.9952877163887024,2.2
2372,0.995455265045166,2.2
2373,0.9955116212368011,2.2
2374,0.9960379302501678,2.2
2375,0.9960772097110748,2.2
2376,0.99641352891922,2.2
2377,0.9965419471263885,2.2
2378,0.9966572523117065,2.2
2379,0.9968639314174652,2.2
2380,0.9969014525413513,2.2
2381,0.997243195772171,2.2
2382,0.9973618984222412,2.2
2383,0.997375100851059,2.2
2384,0.9973826706409454,2.2
2385,0.9974977076053619,2.2
2386,0.9976922869682312,2.2
2387,0.9980120658874512,2.2
2388,0.9980492889881134,2.2
2389,0.998119980096817,2.2
2390,0.9982638955116272,2.2
2391,0.9984828531742096,2.2
2392,0.9985639750957489,2.2
2393,0.9986458420753479,2.2
2394,0.9987987279891968,2.2
2395,0.999028354883194,2.2
2396,0.9990380108356476,2.2
2397,0.9990591704845428,2.2
2398,0.9992499351501465,2.2
2399,0.9992716908454895,2.2
2400,0.999630331993103,2.2
2401,0.9996630847454071,2.2
2402,0.9997273981571198,2.2
2403,1.000320017337799,2.2
2404,1.0003961324691772,2.2
2405,1.0004222095012665,2.2
2406,1.0005380809307098,2.2
2407,1.0010626912117004,2.2
2408,1.0011328756809235,2.2
2409,1.0012194216251373,2.2
2410,1.001307100057602,2.2
2411,1.0013909339904785,2.2
2412,1.0014383792877197,2.2
2413,1.001441776752472,2.2
2414,1.0016785562038422,2.2
2415,1.0026938915252686,2.2
2416,1.002695769071579,2.2
2417,1.002968668937683,2.3
2418,1.0031140446662903,2.3
2419,1.0035033822059631,2.3
2420,1.0035166144371033,2.3
2421,1.0036124289035797,2.3
2422,1.0038435459136963,2.3
2423,1.0041870772838593,2.3
2424,1.0043119490146637,2.3
2425,1.004688948392868,2.3
2426,1.0046917796134949,2.3
2427,1.0050175487995148,2.3
2428,1.005616545677185,2.3
2429,1.0057128369808197,2.3
2430,1.0059874057769775,2.3
2431,1.0060747265815735,2.3
2432,1.0066217184066772,2.3
2433,1.00669926404953,2.3
2434,1.0068580508232117,2.3
2435,1.007010668516159,2.3
2436,1.0070658922195435,2.3
2437,1.0070856213569641,2.3
2438,1.0070863664150238,2.3
2439,1.007117509841919,2.3
2440,1.007177472114563,2.3
2441,1.0077639818191528,2.3
2442,1.0078428387641907,2.3
2443,1.0084567666053772,2.3
2444,1.0084898471832275,2.3
2445,1.008576512336731,2.3
2446,1.0086916983127594,2.3
2447,1.0092250108718872,2.3
2448,1.009270191192627,2.3
2449,1.0092957615852356,2.3
2450,1.009377896785736,2.3
2451,1.0094525218009949,2.3
2452,1.0096426904201508,2.3
2453,1.0097866356372833,2.3
2454,1.009961724281311,2.3
2455,1.0102514028549194,2.3
2456,1.0102528035640717,2.3
2457,1.0104818046092987,2.3
2458,1.0105535686016083,2.3
2459,1.0106755197048187,2.3
2460,1.0107130706310272,2.3
2461,1.0108244717121124,2.3
2462,1.0112853646278381,2.3
2463,1.0117263197898865,2.3
2464,1.0117477774620056,2.3
2465,1.011916160583496,2.3
2466,1.012067049741745,2.3
2467,1.0127356052398682,2.3
2468,1.0129673182964325,2.3
2469,1.0132937133312225,2.3
2470,1.013696312904358,2.3
2471,1.0139020681381226,2.3
2472,1.0139371156692505,2.3
2473,1.0139734745025635,2.3
2474,1.014030396938324,2.3
2475,1.014240711927414,2.3
2476,1.0144329369068146,2.3
2477,1.0144684612751007,2.3
2478,1.0145861506462097,2.3
2479,1.0146322846412659,2.3
2480,1.0148185789585114,2.3
2481,1.0150209963321686,2.3
2482,1.0150395035743713,2.3
2483,1.0154680609703064,2.3
2484,1.0158603191375732,2.3
2485,1.0158882439136505,2.3
2486,1.015906274318695,2.3
2487,1.015947848558426,2.3
2488,1.0160930752754211,2.3
2489,1.0163108706474304,2.3
2490,1.016445904970169,2.3
2491,1.0165596902370453,2.3
2492,1.016751766204834,2.3
2493,1.0168600678443909,2.3
2494,1.0171676874160767,2.3
2495,1.0172661542892456,2.3
2496,1.017619788646698,2.3
2497,1.017636388540268,2.3
2498,1.0177919268608093,2.3
2499,1.0178288221359253,2.3
2500,1.0179304480552673,2.3
2501,1.0183111131191254,2.3
2502,1.01882004737854,2.3
2503,1.0191400647163391,2.3
2504,1.01926988363266,2.3
2505,1.0192706286907196,2.3
2506,1.0193090438842773,2.3
2507,1.0194960236549377,2.3
2508,1.0195993185043335,2.3
2509,1.0196757316589355,2.3
2510,1.0199006795883179,2.3
2511,1.0201684534549713,2.3
2512,1.020597666501999,2.3
2513,1.020801305770874,2.3
2514,1.0212661623954773,2.3
2515,1.021514117717743,2.3
2516,1.0216885209083557,2.3
2517,1.021747887134552,2.3
2518,1.0227263271808624,2.3
2519,1.0229822099208832,2.3
2520,1.0230067670345306,2.3
2521,1.0230157971382141,2.3
2522,1.0230883359909058,2.3
2523,1.0231247544288635,2.3
2524,1.0232144594192505,2.3
2525,1.0232512652873993,2.3
2526,1.0235543251037598,2.3
2527,1.0236495733261108,2.3
2528,1.0238666236400604,2.3
2529,1.0238845348358154,2.3
2530,1.0243433713912964,2.3
2531,1.0248388051986694,2.3
2532,1.024839997291565,2.3
2533,1.0248456001281738,2.3
2534,1.02493816614151,2.3
2535,1.0249691605567932,2.4
2536,1.0260336101055145,2.4
2537,1.026035487651825,2.4
2538,1.0261779427528381,2.4
2539,1.026875615119934,2.4
2540,1.0270275175571442,2.4
2541,1.0270542204380035,2.4
2542,1.0272030532360077,2.4
2543,1.0272610783576965,2.4
2544,1.027547687292099,2.4
2545,1.0276934802532196,2.4
2546,1.0281385481357574,2.4
2547,1.0282070934772491,2.4
2548,1.0285899937152863,2.4
2549,1.0293505787849426,2.4
2550,1.029543787240982,2.4
2551,1.0295498371124268,2.4
2552,1.0296071767807007,2.4
2553,1.0299272537231445,2.4
2554,1.0306302309036255,2.4
2555,1.0306957960128784,2.4
2556,1.0307074189186096,2.4
2557,1.0308427810668945,2.4
2558,1.030979037284851,2.4
2559,1.030996322631836,2.4
2560,1.0313153862953186,2.4
2561,1.031412422657013,2.4
2562,1.0315485000610352,2.4
2563,1.0315520465373993,2.4
2564,1.031972348690033,2.4
2565,1.032297134399414,2.4
2566,1.0323339700698853,2.4
2567,1.032340943813324,2.4
2568,1.0323980450630188,2.4
2569,1.0327917337417603,2.4
2570,1.0328007638454437,2.4
2571,1.0329013168811798,2.4
2572,1.032924234867096,2.4
2573,1.0329645276069641,2.4
2574,1.0329914093017578,2.4
2575,1.0330777168273926,2.4
2576,1.033387005329132,2.4
2577,1.034327358007431,2.4
2578,1.0344088077545166,2.4
2579,1.034606695175171,2.4
2580,1.034676432609558,2.4
2581,1.0347949266433716,2.4
2582,1.0348228216171265,2.4
2583,1.0351141691207886,2.4
2584,1.035161316394806,2.4
2585,1.0351620316505432,2.4
2586,1.035321056842804,2.4
2587,1.035353571176529,2.4
2588,1.0354196429252625,2.4
2589,1.035459816455841,2.4
2590,1.0356693267822266,2.4
2591,1.0358234643936157,2.4
2592,1.035886287689209,2.4
2593,1.0368980765342712,2.4
2594,1.0369415581226349,2.4
2595,1.03720623254776,2.4
2596,1.0373156666755676,2.4
2597,1.0373855531215668,2.4
2598,1.0374138951301575,2.4
2599,1.037484496831894,2.4
2600,1.0375018119812012,2.4
2601,1.0376380681991577,2.4
2602,1.0378025770187378,2.4
2603,1.037853628396988,2.4
2604,1.0379848778247833,2.4
2605,1.0379875600337982,2.4
2606,1.038790374994278,2.4
2607,1.0387906432151794,2.4
2608,1.0387957096099854,2.4
2609,1.0389500558376312,2.4
2610,1.0391281247138977,2.4
2611,1.0393711924552917,2.4
2612,1.039394497871399,2.4
2613,1.0394089221954346,2.4
2614,1.0394350290298462,2.4
2615,1.0394553542137146,2.4
2616,1.039680927991867,2.4
2617,1.0397392213344574,2.4
2618,1.0398117303848267,2.4
2619,1.0398836135864258,2.4
2620,1.039997547864914,2.4
2621,1.039999008178711,2.4
2622,1.0401729941368103,2.4
2623,1.0402013659477234,2.4
2624,1.0402584373950958,2.4
2625,1.0402772426605225,2.4
2626,1.0412537455558777,2.4
2627,1.0417312383651733,2.4
2628,1.0419166088104248,2.4
2629,1.042157769203186,2.4
2630,1.042216420173645,2.4
2631,1.042452871799469,2.4
2632,1.0427441000938416,2.4
2633,1.0432569980621338,2.4
2634,1.043306052684784,2.4
2635,1.0434027910232544,2.4
2636,1.0434529781341553,2.4
2637,1.0438262224197388,2.4
2638,1.0438350439071655,2.4
2639,1.043851613998413,2.4
2640,1.043860912322998,2.4
2641,1.043901950120926,2.4
2642,1.0440242886543274,2.4
2643,1.044467717409134,2.4
2644,1.0446894764900208,2.4
2645,1.0447126626968384,2.4
2646,1.0447880029678345,2.4
2647,1.0449173152446747,2.4
2648,1.0451330244541168,2.4
2649,1.0453243255615234,2.4
2650,1.0455964803695679,2.4
2651,1.0458291471004486,2.4
2652,1.0459315478801727,2.4
2653,1.0461103022098541,2.4
2654,1.0464618504047394,2.4
2655,1.0471067428588867,2.4
2656,1.0474748611450195,2.4
2657,1.0476102828979492,2.4
2658,1.0480038523674011,2.4
2659,1.0481274724006653,2.4
2660,1.0482786297798157,2.4
2661,1.0486547350883484,2.4
2662,1.0488186478614807,2.4
2663,1.04923415184021,2.4
2664,1.0494091510772705,2.4
2665,1.0495409965515137,2.4
2666,1.0496113300323486,2.4
2667,1.049643874168396,2.4
2668,1.0497431755065918,2.4
2669,1.049799382686615,2.4
2670,1.0502017140388489,2.4
2671,1.0506207346916199,2.4
2672,1.0507352650165558,2.4
2673,1.0509288311004639,2.4
2674,1.0511531829833984,2.4
2675,1.0512235760688782,2.4
2676,1.0512316823005676,2.4
2677,1.0512819290161133,2.4
2678,1.0513651967048645,2.4
2679,1.0514400005340576,2.4
2680,1.0516091883182526,2.4
2681,1.0516497492790222,2.4
2682,1.0518778562545776,2.4
2683,1.0523601770401,2.5
2684,1.0525444149971008,2.5
2685,1.0525973439216614,2.5
2686,1.0527471899986267,2.5
2687,1.0529794692993164,2.5
2688,1.0532563924789429,2.5
2689,1.0532950162887573,2.5
2690,1.0534060597419739,2.5
2691,1.0539520382881165,2.5
2692,1.0540508031845093,2.5
2693,1.0540788173675537,2.5
2694,1.0541831254959106,2.5
2695,1.0542829036712646,2.5
2696,1.0543479919433594,2.5
2697,1.0545653402805328,2.5
2698,1.0548217296600342,2.5
2699,1.0550188422203064,2.5
2700,1.0550817251205444,2.5
2701,1.0552949011325836,2.5
2702,1.055609107017517,2.5
2703,1.0557719469070435,2.5
2704,1.0557746887207031,2.5
2705,1.0559771656990051,2.5
2706,1.0560205578804016,2.5
2707,1.0560401678085327,2.5
2708,1.0560503602027893,2.5
2709,1.0561602711677551,2.5
2710,1.056342601776123,2.5
2711,1.056520700454712,2.5
2712,1.0566869676113129,2.5
2713,1.0568737983703613,2.5
2714,1.0569921135902405,2.5
2715,1.0570244193077087,2.5
2716,1.057044506072998,2.5
2717,1.0574079155921936,2.5
2718,1.0577489137649536,2.5
2719,1.0577943921089172,2.5
2720,1.0579313039779663,2.5
2721,1.0579917132854462,2.5
2722,1.0583558678627014,2.5
2723,1.0584418773651123,2.5
2724,1.058700442314148,2.5
2725,1.0587038397789001,2.5
2726,1.058804214000702,2.5
2727,1.0590680837631226,2.5
2728,1.0593429207801819,2.5
2729,1.0596321523189545,2.5
2730,1.0600377917289734,2.5
2731,1.060083121061325,2.5
2732,1.060145080089569,2.5
2733,1.0602338314056396,2.5
2734,1.0602485537528992,2.5
2735,1.0608466267585754,2.5
2736,1.0609230995178223,2.5
2737,1.060965895652771,2.5
2738,1.0611836314201355,2.5
2739,1.0612674951553345,2.5
2740,1.0613136887550354,2.5
2741,1.061331868171692,2.5
2742,1.0617972612380981,2.5
2743,1.0619178414344788,2.5
2744,1.0620216131210327,2.5
2745,1.0625423789024353,2.5
2746,1.062930405139923,2.5
2747,1.0632597208023071,2.5
2748,1.063416063785553,2.5
2749,1.0634251832962036,2.5
2750,1.063514083623886,2.5
2751,1.0635265111923218,2.5
2752,1.0638840794563293,2.5
2753,1.064051777124405,2.5
2754,1.064540147781372,2.5
2755,1.0647150874137878,2.5
2756,1.064888834953308,2.5
2757,1.0650589168071747,2.5
2758,1.0652410387992859,2.5
2759,1.0654115974903107,2.5
2760,1.065479964017868,2.5
2761,1.0655348896980286,2.5
2762,1.065542459487915,2.5
2763,1.0657657086849213,2.5
2764,1.0658345222473145,2.5
2765,1.0659798383712769,2.5
2766,1.0665977001190186,2.5
2767,1.066700518131256,2.5
2768,1.0668067336082458,2.5
2769,1.0670501589775085,2.5
2770,1.0671835541725159,2.5
2771,1.0672460794448853,2.5
2772,1.067314088344574,2.5
2773,1.0680196285247803,2.5
2774,1.0681915879249573,2.5
2775,1.0683704614639282,2.5
2776,1.068491280078888,2.5
2777,1.068491280078888,2.5
2778,1.0689641833305359,2.5
2779,1.0694907903671265,2.5
2780,1.0695024132728577,2.5
2781,1.0695217847824097,2.5
2782,1.0696858167648315,2.5
2783,1.0697824954986572,2.5
2784,1.0700221061706543,2.5
2785,1.070076584815979,2.5
2786,1.0701762437820435,2.5
2787,1.0704952776432037,2.5
2788,1.0706380009651184,2.5
2789,1.070971667766571,2.5
2790,1.071612298488617,2.5
2791,1.0716561079025269,2.5
2792,1.0722138285636902,2.5
2793,1.0722194910049438,2.5
2794,1.0722349882125854,2.5
2795,1.0723605751991272,2.5
2796,1.0723881721496582,2.5
2797,1.07248455286026,2.5
2798,1.0725535452365875,2.5
2799,1.072804570198059,2.5
2800,1.0729862451553345,2.5
2801,1.0731987953186035,2.5
2802,1.0732201933860779,2.5
2803,1.0732403695583344,2.5
2804,1.0735704898834229,2.5
2805,1.0736019611358643,2.5
2806,1.0739551782608032,2.5
2807,1.0741137266159058,2.5
2808,1.0741536617279053,2.5
2809,1.0741995573043823,2.5
2810,1.0742455124855042,2.5
2811,1.074492633342743,2.5
2812,1.0749546885490417,2.5
2813,1.0750107765197754,2.5
2814,1.0750581622123718,2.5
2815,1.0752012729644775,2.5
2816,1.075236290693283,2.5
2817,1.075297772884369,2.5
2818,1.0753069519996643,2.5
2819,1.0755471289157867,2.5
2820,1.0762528777122498,2.5
2821,1.07632115483284,2.5
2822,1.0768195986747742,2.5
2823,1.0776860117912292,2.5
2824,1.0778629183769226,2.5
2825,1.0779882073402405,2.5
2826,1.0780773162841797,2.6
2827,1.0783434808254242,2.6
2828,1.078372061252594,2.6
2829,1.078587293624878,2.6
2830,1.078606128692627,2.6
2831,1.0786704421043396,2.6
2832,1.0788013935089111,2.6
2833,1.0790931582450867,2.6
2834,1.0792144536972046,2.6
2835,1.0793911218643188,2.6
2836,1.0794745683670044,2.6
2837,1.079629123210907,2.6
2838,1.0798452496528625,2.6
2839,1.0798967480659485,2.6
2840,1.0799672305583954,2.6
2841,1.0800209939479828,2.6
2842,1.0800904035568237,2.6
2843,1.0802290439605713,2.6
2844,1.0809257626533508,2.6
2845,1.0812090039253235,2.6
2846,1.081562101840973,2.6
2847,1.0816148519515991,2.6
2848,1.0817152857780457,2.6
2849,1.0820948481559753,2.6
2850,1.0829798579216003,2.6
2851,1.083217740058899,2.6
2852,1.0838977694511414,2.6
2853,1.083919107913971,2.6
2854,1.084023356437683,2.6
2855,1.084315299987793,2.6
2856,1.0843413472175598,2.6
2857,1.084358036518097,2.6
2858,1.0844169855117798,2.6
2859,1.0845747590065002,2.6
2860,1.0848520994186401,2.6
2861,1.0850450992584229,2.6
2862,1.0855275988578796,2.6
2863,1.0855666995048523,2.6
2864,1.0857259631156921,2.6
2865,1.085731327533722,2.6
2866,1.0857789516448975,2.6
2867,1.0862327218055725,2.6
2868,1.0869601964950562,2.6
2869,1.0869920253753662,2.6
2870,1.0870574712753296,2.6
2871,1.0871357321739197,2.6
2872,1.0871514081954956,2.6
2873,1.0873552560806274,2.6
2874,1.0873682498931885,2.6
2875,1.0874318480491638,2.6
2876,1.0878366231918335,2.6
2877,1.0879604816436768,2.6
2878,1.0886363983154297,2.6
2879,1.088640034198761,2.6
2880,1.0886977910995483,2.6
2881,1.0887677073478699,2.6
2882,1.0887805223464966,2.6
2883,1.0888846516609192,2.6
2884,1.089167594909668,2.6
2885,1.0892975628376007,2.6
2886,1.0893796682357788,2.6
2887,1.089518964290619,2.6
2888,1.0897448360919952,2.6
2889,1.0897542238235474,2.6
2890,1.0897938013076782,2.6
2891,1.0899105668067932,2.6
2892,1.0901612639427185,2.6
2893,1.090308129787445,2.6
2894,1.0905868411064148,2.6
2895,1.0906597971916199,2.6
2896,1.0907275676727295,2.6
2897,1.0907770693302155,2.6
2898,1.0908294916152954,2.6
2899,1.0910810828208923,2.6
2900,1.0911468863487244,2.6
2901,1.0911577343940735,2.6
2902,1.0916656851768494,2.6
2903,1.0919418334960938,2.6
2904,1.091955304145813,2.6
2905,1.0921000242233276,2.6
2906,1.0922585129737854,2.6
2907,1.0924941301345825,2.6
2908,1.092724621295929,2.6
2909,1.0930465459823608,2.6
2910,1.0931698381900787,2.6
2911,1.0932570695877075,2.6
2912,1.0932799875736237,2.6
2913,1.0934491157531738,2.6
2914,1.0934624671936035,2.6
2915,1.0934967398643494,2.6
2916,1.0936556458473206,2.6
2917,1.093959093093872,2.6
2918,1.0939696729183197,2.6
2919,1.0949071645736694,2.6
2920,1.0950151681900024,2.6
2921,1.0954313278198242,2.6
2922,1.09577214717865,2.6
2923,1.096047818660736,2.6
2924,1.096595138311386,2.6
2925,1.096598207950592,2.6
2926,1.0966067612171173,2.6
2927,1.096611201763153,2.6
2928,1.0971654653549194,2.6
2929,1.0978599190711975,2.6
2930,1.0979790687561035,2.6
2931,1.098082721233368,2.6
2932,1.0982611179351807,2.6
2933,1.0982768535614014,2.6
2934,1.0983201265335083,2.6
2935,1.0983543395996094,2.6
2936,1.0983818769454956,2.6
2937,1.0984675288200378,2.6
2938,1.098991334438324,2.6
2939,1.0990632772445679,2.6
2940,1.0990697741508484,2.6
2941,1.0991668105125427,2.6
2942,1.0993815660476685,2.6
2943,1.0997392535209656,2.6
2944,1.0997725129127502,2.6
2945,1.100085973739624,2.6
2946,1.100211262702942,2.6
2947,1.1003317832946777,2.6
2948,1.10089510679245,2.6
2949,1.1009511947631836,2.6
2950,1.1009882688522339,2.6
2951,1.1010833382606506,2.6
2952,1.1010956764221191,2.6
2953,1.1011622548103333,2.6
2954,1.1016218662261963,2.6
2955,1.1016265749931335,2.6
2956,1.1016335487365723,2.6
2957,1.101686418056488,2.7
2958,1.1019685864448547,2.7
2959,1.1020045280456543,2.7
2960,1.1020204424858093,2.7
2961,1.1021126508712769,2.7
2962,1.102273404598236,2.7
2963,1.102301299571991,2.7
2964,1.1029015183448792,2.7
2965,1.1029865741729736,2.7
2966,1.103162944316864,2.7
2967,1.1036002039909363,2.7
2968,1.1036931276321411,2.7
2969,1.1037357449531555,2.7
2970,1.1037575602531433,2.7
2971,1.103957712650299,2.7
2972,1.1040602326393127,2.7
2973,1.1042195558547974,2.7
2974,1.1043707132339478,2.7
2975,1.1044130325317383,2.7
2976,1.1044651865959167,2.7
2977,1.1045637130737305,2.7
2978,1.1049052476882935,2.7
2979,1.1049126386642456,2.7
2980,1.1050087809562683,2.7
2981,1.105261743068695,2.7
2982,1.1053296327590942,2.7
2983,1.1053500771522522,2.7
2984,1.1055057644844055,2.7
2985,1.105522871017456,2.7
2986,1.1058027148246765,2.7
2987,1.1062493920326233,2.7
2988,1.1068780422210693,2.7
2989,1.1069735288619995,2.7
2990,1.1071388721466064,2.7
2991,1.1071420907974243,2.7
2992,1.1072719097137451,2.7
2993,1.107447862625122,2.7
2994,1.1075425744056702,2.7
2995,1.1078461408615112,2.7
2996,1.1079554557800293,2.7
2997,1.1081785559654236,2.7
2998,1.1083953976631165,2.7
2999,1.1084910035133362,2.7
3000,1.1086397767066956,2.7
3001,1.1086876690387726,2.7
3002,1.1090694665908813,2.7
3003,1.1091764569282532,2.7
3004,1.109203279018402,2.7
3005,1.10939359664917,2.7
3006,1.109474003314972,2.7
3007,1.1095728278160095,2.7
3008,1.1096014380455017,2.7
3009,1.109910786151886,2.7
3010,1.1102313995361328,2.7
3011,1.1104384660720825,2.7
3012,1.1106884479522705,2.7
3013,1.1108035445213318,2.7
3014,1.1111139059066772,2.7
3015,1.1113221645355225,2.7
3016,1.1115283370018005,2.7
3017,1.1115995049476624,2.7
3018,1.1119527220726013,2.7
3019,1.1123453378677368,2.7
3020,1.112507700920105,2.7
3021,1.1126989126205444,2.7
3022,1.1132313013076782,2.7
3023,1.1132577061653137,2.7
3024,1.1135555505752563,2.7
3025,1.1137596368789673,2.7
3026,1.1140668988227844,2.7
3027,1.1142935156822205,2.7
3028,1.1144914627075195,2.7
3029,1.1146727800369263,2.7
3030,1.1148632168769836,2.7
3031,1.1148935556411743,2.7
3032,1.1152556538581848,2.7
3033,1.115411400794983,2.7
3034,1.1154651045799255,2.7
3035,1.1155607104301453,2.7
3036,1.1161970496177673,2.7
3037,1.1165795922279358,2.7
3038,1.1166439652442932,2.7
3039,1.116819441318512,2.7
3040,1.1171985268592834,2.7
3041,1.1172069907188416,2.7
3042,1.1172285676002502,2.7
3043,1.1172441840171814,2.7
3044,1.117291808128357,2.7
3045,1.1177092790603638,2.7
3046,1.1179056763648987,2.7
3047,1.1180610060691833,2.7
3048,1.1182411909103394,2.7
3049,1.1182881295681,2.7
3050,1.1189810037612915,2.7
3051,1.1190841794013977,2.7
3052,1.1191442608833313,2.7
3053,1.1193662285804749,2.7
3054,1.1194890141487122,2.7
3055,1.119520127773285,2.7
3056,1.1196333765983582,2.7
3057,1.1196455359458923,2.7
3058,1.1199114918708801,2.7
3059,1.120319128036499,2.7
3060,1.1204132437705994,2.7
3061,1.1207475662231445,2.7
3062,1.1207827031612396,2.7
3063,1.1208707690238953,2.7
3064,1.1210725605487823,2.7
3065,1.1212823987007141,2.7
3066,1.1218525171279907,2.8
3067,1.1219075918197632,2.8
3068,1.121911108493805,2.8
3069,1.122155487537384,2.8
3070,1.1225892901420593,2.8
3071,1.1229224801063538,2.8
3072,1.1232010126113892,2.8
3073,1.1233155727386475,2.8
3074,1.1235727071762085,2.8
3075,1.123574823141098,2.8
3076,1.1235934495925903,2.8
3077,1.124214231967926,2.8
3078,1.124602198600769,2.8
3079,1.124611496925354,2.8
3080,1.1246756315231323,2.8
3081,1.1249485611915588,2.8
3082,1.1250140070915222,2.8
3083,1.125052809715271,2.8
3084,1.1253774166107178,2.8
3085,1.125459462404251,2.8
3086,1.1256722211837769,2.8
3087,1.125980705022812,2.8
3088,1.126110553741455,2.8
3089,1.126146674156189,2.8
3090,1.1262662410736084,2.8
3091,1.1266112327575684,2.8
3092,1.1267396211624146,2.8
3093,1.126896321773529,2.8
3094,1.1269833445549011,2.8
3095,1.127014696598053,2.8
3096,1.1270318031311035,2.8
3097,1.1273407936096191,2.8
3098,1.1278330385684967,2.8
3099,1.1281888484954834,2.8
3100,1.128234326839447,2.8
3101,1.1282464861869812,2.8
3102,1.1283586621284485,2.8
3103,1.1287116408348083,2.8
3104,1.1287282705307007,2.8
3105,1.1290536522865295,2.8
3106,1.1291211247444153,2.8
3107,1.1293083429336548,2.8
3108,1.1295177340507507,2.8
3109,1.130206286907196,2.8
3110,1.1303468346595764,2.8
3111,1.130400002002716,2.8
3112,1.1304101943969727,2.8
3113,1.130533754825592,2.8
3114,1.1307832598686218,2.8
3115,1.1307924389839172,2.8
3116,1.1309463381767273,2.8
3117,1.1310483813285828,2.8
3118,1.131069839000702,2.8
3119,1.1311994791030884,2.8
3120,1.131393164396286,2.8
3121,1.1318373084068298,2.8
3122,1.132793128490448,2.8
3123,1.1328749060630798,2.8
3124,1.1332714557647705,2.8
3125,1.1333081722259521,2.8
3126,1.1336216926574707,2.8
3127,1.1336880922317505,2.8
3128,1.133851408958435,2.8
3129,1.1338956356048584,2.8
3130,1.1340371370315552,2.8
3131,1.1340451836585999,2.8
3132,1.1341187059879303,2.8
3133,1.1341944336891174,2.8
3134,1.1343151330947876,2.8
3135,1.134415626525879,2.8
3136,1.134475290775299,2.8
3137,1.1350511312484741,2.8
3138,1.1352407932281494,2.8
3139,1.1358155012130737,2.8
3140,1.1359177231788635,2.8
3141,1.1360450983047485,2.8
3142,1.136099636554718,2.8
3143,1.1363940834999084,2.8
3144,1.1369450688362122,2.8
3145,1.1371493339538574,2.8
3146,1.1372228860855103,2.8
3147,1.137237787246704,2.8
3148,1.1372482180595398,2.8
3149,1.1372758746147156,2.8
3150,1.1373203992843628,2.8
3151,1.1373242139816284,2.8
3152,1.1373807787895203,2.8
3153,1.1374043226242065,2.8
3154,1.137415885925293,2.8
3155,1.1374885439872742,2.8
3156,1.1376430988311768,2.8
3157,1.1381317377090454,2.8
3158,1.1383690237998962,2.8
3159,1.1384366154670715,2.8
3160,1.1385257840156555,2.8
3161,1.1387988328933716,2.8
3162,1.138940691947937,2.8
3163,1.139143466949463,2.8
3164,1.1394029259681702,2.8
3165,1.1400997042655945,2.8
3166,1.1404336094856262,2.8
3167,1.14052152633667,2.8
3168,1.140539824962616,2.8
3169,1.1407526731491089,2.8
3170,1.1408358812332153,2.8
3171,1.141081988811493,2.8
3172,1.1411025524139404,2.8
3173,1.141557514667511,2.8
3174,1.1415753960609436,2.8
3175,1.141942322254181,2.8
3176,1.1422178745269775,2.8
3177,1.142242670059204,2.8
3178,1.142306387424469,2.8
3179,1.1424643993377686,2.8
3180,1.1427018642425537,2.8
3181,1.1428635716438293,2.8
3182,1.1432453393936157,2.8
3183,1.1433164477348328,2.8
3184,1.1433906555175781,2.9
3185,1.1436030864715576,2.9
3186,1.1436695456504822,2.9
3187,1.1437321603298187,2.9
3188,1.1439499258995056,2.9
3189,1.14406818151474,2.9
3190,1.1444954872131348,2.9
3191,1.144638478755951,2.9
3192,1.1447773575782776,2.9
3193,1.14488285779953,2.9
3194,1.1450567841529846,2.9
3195,1.145457148551941,2.9
3196,1.1467176675796509,2.9
3197,1.146773874759674,2.9
3198,1.1468035578727722,2.9
3199,1.1472951173782349,2.9
3200,1.1476325392723083,2.9
3201,1.1479306817054749,2.9
3202,1.1480193734169006,2.9
3203,1.1483595371246338,2.9
3204,1.1489374041557312,2.9
3205,1.1489683389663696,2.9
3206,1.1489830017089844,2.9
3207,1.1491096019744873,2.9
3208,1.1495150923728943,2.9
3209,1.1496909260749817,2.9
3210,1.1498884558677673,2.9
3211,1.1501739025115967,2.9
3212,1.1503088474273682,2.9
3213,1.1504184007644653,2.9
3214,1.1504477858543396,2.9
3215,1.1506434679031372,2.9
3216,1.150674819946289,2.9
3217,1.15076744556427,2.9
3218,1.1508033871650696,2.9
3219,1.15093195438385,2.9
3220,1.151109755039215,2.9
3221,1.1511103510856628,2.9
3222,1.1511935591697693,2.9
3223,1.1512494087219238,2.9
3224,1.1512920260429382,2.9
3225,1.151404619216919,2.9
3226,1.1517518162727356,2.9
3227,1.1517747044563293,2.9
3228,1.151776909828186,2.9
3229,1.1518599390983582,2.9
3230,1.1519581079483032,2.9
3231,1.1520533859729767,2.9
3232,1.1522285342216492,2.9
3233,1.1526303887367249,2.9
3234,1.1527619361877441,2.9
3235,1.1530426144599915,2.9
3236,1.1534251868724823,2.9
3237,1.1537402272224426,2.9
3238,1.1537607312202454,2.9
3239,1.1537610292434692,2.9
3240,1.1539282202720642,2.9
3241,1.1541128754615784,2.9
3242,1.1544101238250732,2.9
3243,1.1546378135681152,2.9
3244,1.155159056186676,2.9
3245,1.1552059650421143,2.9
3246,1.1553796529769897,2.9
3247,1.1554409861564636,2.9
3248,1.1555106043815613,2.9
3249,1.1556529998779297,2.9
3250,1.156019926071167,2.9
3251,1.1562231183052063,2.9
3252,1.1562658548355103,2.9
3253,1.156598150730133,2.9
3254,1.1567405462265015,2.9
3255,1.156855285167694,2.9
3256,1.1569735407829285,2.9
3257,1.1572954058647156,2.9
3258,1.1573405265808105,2.9
3259,1.15739506483078,2.9
3260,1.1575202941894531,2.9
3261,1.1575429439544678,2.9
3262,1.1577028632164001,2.9
3263,1.1578494906425476,2.9
3264,1.1579686999320984,2.9
3265,1.158007562160492,2.9
3266,1.1582285165786743,2.9
3267,1.1582720875740051,2.9
3268,1.1584585905075073,2.9
3269,1.158541977405548,2.9
3270,1.158950686454773,2.9
3271,1.1590418815612793,2.9
3272,1.1591925024986267,2.9
3273,1.1597381234169006,2.9
3274,1.1600357294082642,2.9
3275,1.1600669026374817,2.9
3276,1.1606030464172363,2.9
3277,1.1611173152923584,2.9
3278,1.161134660243988,2.9
3279,1.1611953973770142,2.9
3280,1.1613301038742065,2.9
3281,1.1617681980133057,2.9
3282,1.1618010997772217,2.9
3283,1.1621004343032837,2.9
3284,1.1621113419532776,2.9
3285,1.1622514724731445,2.9
3286,1.1624500155448914,2.9
3287,1.1627500653266907,2.9
3288,1.1629124283790588,2.9
3289,1.1629328727722168,2.9
3290,1.1633704900741577,2.9
3291,1.1634376049041748,2.9
3292,1.1635728478431702,2.9
3293,1.1636762619018555,2.9
3294,1.1636828780174255,2.9
3295,1.1637296080589294,2.9
3296,1.1637406945228577,2.9
3297,1.1638428568840027,2.9
3298,1.1639310717582703,2.9
3299,1.1639369130134583,2.9
3300,1.1639491319656372,2.9
3301,1.164126694202423,2.9
3302,1.1642693877220154,2.9
3303,1.1643283367156982,2.9
3304,1.1644386649131775,2.9
3305,1.1644889116287231,2.9
3306,1.1645346283912659,2.9
3307,1.164627730846405,2.9
3308,1.1653011441230774,2.9
3309,1.165412187576294,2.9
3310,1.1654525995254517,2.9
3311,1.165460467338562,2.9
3312,1.1656468510627747,2.9
3313,1.1656547784805298,2.9
3314,1.1658109426498413,2.9
3315,1.165814995765686,2.9
3316,1.1659042239189148,2.9
3317,1.165973961353302,2.9
3318,1.166088342666626,2.9
3319,1.1662043333053589,3.0
3320,1.166459321975708,3.0
3321,1.1668530106544495,3.0
3322,1.167651116847992,3.0
3323,1.167767882347107,3.0
3324,1.1681872010231018,3.0
3325,1.1682521104812622,3.0
3326,1.168469250202179,3.0
3327,1.1687403917312622,3.0
3328,1.1687736511230469,3.0
3329,1.1687975525856018,3.0
3330,1.1688177287578583,3.0
3331,1.1688424944877625,3.0
3332,1.168844223022461,3.0
3333,1.16888028383255,3.0
3334,1.1689549088478088,3.0
3335,1.1689919233322144,3.0
3336,1.1695786118507385,3.0
3337,1.1696720719337463,3.0
3338,1.1698337197303772,3.0
3339,1.1699137091636658,3.0
3340,1.1700533628463745,3.0
3341,1.1704200506210327,3.0
3342,1.1704877018928528,3.0
3343,1.170557975769043,3.0
3344,1.170691430568695,3.0
3345,1.1709426641464233,3.0
3346,1.171039342880249,3.0
3347,1.1710879802703857,3.0
3348,1.1711451411247253,3.0
3349,1.171457290649414,3.0
3350,1.1715775728225708,3.0
3351,1.1716279089450836,3.0
3352,1.1718899011611938,3.0
3353,1.1721612811088562,3.0
3354,1.172394037246704,3.0
3355,1.1724222302436829,3.0
3356,1.1724745035171509,3.0
3357,1.1727275252342224,3.0
3358,1.1729089617729187,3.0
3359,1.1731930375099182,3.0
3360,1.1732298731803894,3.0
3361,1.1732330918312073,3.0
3362,1.1734941005706787,3.0
3363,1.1735123991966248,3.0
3364,1.173621952533722,3.0
3365,1.1739203333854675,3.0
3366,1.173949956893921,3.0
3367,1.1743955612182617,3.0
3368,1.1745212078094482,3.0
3369,1.1745437979698181,3.0
3370,1.1745900511741638,3.0
3371,1.1746395230293274,3.0
3372,1.1746551990509033,3.0
3373,1.1747530698776245,3.0
3374,1.1747536659240723,3.0
3375,1.1749778985977173,3.0
3376,1.1751269102096558,3.0
3377,1.17561537027359,3.0
3378,1.1760269403457642,3.0
3379,1.176096498966217,3.0
3380,1.176164150238037,3.0
3381,1.1761967539787292,3.0
3382,1.1762841939926147,3.0
3383,1.1763425469398499,3.0
3384,1.17638099193573,3.0
3385,1.176566243171692,3.0
3386,1.176637351512909,3.0
3387,1.1766725182533264,3.0
3388,1.176773726940155,3.0
3389,1.176900565624237,3.0
3390,1.176941990852356,3.0
3391,1.1769647598266602,3.0
3392,1.1770237684249878,3.0
3393,1.177177369594574,3.0
3394,1.177262008190155,3.0
3395,1.1772925853729248,3.0
3396,1.177427053451538,3.0
3397,1.1775917410850525,3.0
3398,1.1776399612426758,3.0
3399,1.177817702293396,3.0
3400,1.177985966205597,3.0
3401,1.1780160069465637,3.0
3402,1.178043782711029,3.0
3403,1.1780566573143005,3.0
3404,1.1784409284591675,3.0
3405,1.1785055994987488,3.0
3406,1.178523302078247,3.0
3407,1.1785303354263306,3.0
3408,1.17857027053833,3.0
3409,1.178787350654602,3.0
3410,1.178810179233551,3.0
3411,1.1791507601737976,3.0
3412,1.1792364120483398,3.0
3413,1.1792828440666199,3.0
3414,1.1794453263282776,3.0
3415,1.1794589757919312,3.0
3416,1.1795517206192017,3.0
3417,1.1795592904090881,3.0
3418,1.1796480119228363,3.0
3419,1.179657757282257,3.0
3420,1.1799932718276978,3.0
3421,1.180251121520996,3.0
3422,1.1803874969482422,3.0
3423,1.1804882287979126,3.0
3424,1.1807981133460999,3.0
3425,1.1811771392822266,3.0
3426,1.1814841032028198,3.0
3427,1.1816596984863281,3.0
3428,1.181746244430542,3.0
3429,1.181799590587616,3.0
3430,1.1818809509277344,3.0
3431,1.1820449233055115,3.0
3432,1.1824347376823425,3.0
3433,1.1824390888214111,3.0
3434,1.182494580745697,3.0
3435,1.1826017498970032,3.0
3436,1.1826936602592468,3.0
3437,1.1827441453933716,3.0
3438,1.1828587651252747,3.0
3439,1.182896077632904,3.0
3440,1.1830320954322815,3.0
3441,1.1836736798286438,3.0
3442,1.183795988559723,3.0
3443,1.1838244199752808,3.0
3444,1.1838420033454895,3.0
3445,1.1839460134506226,3.0
3446,1.1839624047279358,3.0
3447,1.1839677691459656,3.0
3448,1.1841156482696533,3.0
3449,1.1841230988502502,3.0
3450,1.1845105290412903,3.0
3451,1.1847026944160461,3.0
3452,1.1855823397636414,3.0
3453,1.185803771018982,3.0
3454,1.1865395307540894,3.0
3455,1.1866339445114136,3.0
3456,1.1866437196731567,3.0
3457,1.1866998672485352,3.0
3458,1.1867754459381104,3.0
3459,1.1868005394935608,3.0
3460,1.187384843826294,3.0
3461,1.1875729858875275,3.0
3462,1.1876782178878784,3.0
3463,1.1876938343048096,3.0
3464,1.1880703568458557,3.0
3465,1.1881553530693054,3.0
3466,1.1882373690605164,3.0
3467,1.1883718967437744,3.0
3468,1.1886209845542908,3.0
3469,1.188686490058899,3.1
3470,1.1888991594314575,3.1
3471,1.1889422535896301,3.1
3472,1.1891406774520874,3.1
3473,1.189185380935669,3.1
3474,1.1894469857215881,3.1
3475,1.1894994378089905,3.1
3476,1.1895536184310913,3.1
3477,1.1895979046821594,3.1
3478,1.1898325085639954,3.1
3479,1.1899785995483398,3.1
3480,1.1900203227996826,3.1
3481,1.1902952194213867,3.1
3482,1.1903261542320251,3.1
3483,1.190481424331665,3.1
3484,1.190675675868988,3.1
3485,1.1907082796096802,3.1
3486,1.1907832622528076,3.1
3487,1.1908860206604004,3.1
3488,1.191075623035431,3.1
3489,1.1911460757255554,3.1
3490,1.1914260983467102,3.1
3491,1.1917545199394226,3.1
3492,1.1917630434036255,3.1
3493,1.1918505430221558,3.1
3494,1.1921452283859253,3.1
3495,1.1922133564949036,3.1
3496,1.192261278629303,3.1
3497,1.1924659609794617,3.1
3498,1.192521572113037,3.1
3499,1.1927920579910278,3.1
3500,1.1928467154502869,3.1
3501,1.1929657459259033,3.1
3502,1.193241834640503,3.1
3503,1.1933643221855164,3.1
3504,1.1936794519424438,3.1
3505,1.1939936876296997,3.1
3506,1.1941742300987244,3.1
3507,1.1943572759628296,3.1
3508,1.1944618225097656,3.1
3509,1.1945334076881409,3.1
3510,1.194696068763733,3.1
3511,1.1948098540306091,3.1
3512,1.1948174834251404,3.1
3513,1.1951320171356201,3.1
3514,1.1952406167984009,3.1
3515,1.1955182552337646,3.1
3516,1.195544958114624,3.1
3517,1.195566177368164,3.1
3518,1.1958500742912292,3.1
3519,1.1959354281425476,3.1
3520,1.1959781050682068,3.1
3521,1.1961138844490051,3.1
3522,1.1964919567108154,3.1
3523,1.1965906620025635,3.1
3524,1.1966319680213928,3.1
3525,1.1966398358345032,3.1
3526,1.1966557502746582,3.1
3527,1.1966962218284607,3.1
3528,1.1967624425888062,3.1
3529,1.1968238353729248,3.1
3530,1.1970702409744263,3.1
3531,1.1971337795257568,3.1
3532,1.1971455812454224,3.1
3533,1.1972368955612183,3.1
3534,1.1973631978034973,3.1
3535,1.1975944638252258,3.1
3536,1.197717547416687,3.1
3537,1.1977314352989197,3.1
3538,1.1977564692497253,3.1
3539,1.1977618932724,3.1
3540,1.1977706551551819,3.1
3541,1.1977819204330444,3.1
3542,1.1978052854537964,3.1
3543,1.1978451609611511,3.1
3544,1.198084533214569,3.1
3545,1.198546588420868,3.1
3546,1.1988502144813538,3.1
3547,1.1990118026733398,3.1
3548,1.1991015672683716,3.1
3549,1.199160635471344,3.1
3550,1.199252188205719,3.1
3551,1.199321210384369,3.1
3552,1.1998363733291626,3.1
3553,1.2001211047172546,3.1
3554,1.2001685500144958,3.1
3555,1.2003945708274841,3.1
3556,1.2006046175956726,3.1
3557,1.2010060548782349,3.1
3558,1.2014341950416565,3.1
3559,1.2014829516410828,3.1
3560,1.201814591884613,3.1
3561,1.201941728591919,3.1
3562,1.2021256387233734,3.1
3563,1.202223539352417,3.1
3564,1.2023518681526184,3.1
3565,1.20257568359375,3.1
3566,1.2027016282081604,3.1
3567,1.2030423879623413,3.1
3568,1.2030472159385681,3.1
3569,1.2032016515731812,3.1
3570,1.203307330608368,3.1
3571,1.2034141421318054,3.1
3572,1.203952670097351,3.1
3573,1.20484060049057,3.1
3574,1.2048526406288147,3.1
3575,1.204990565776825,3.1
3576,1.2049978971481323,3.1
3577,1.2051493525505066,3.1
3578,1.205230712890625,3.1
3579,1.2053189873695374,3.1
3580,1.2056286334991455,3.1
3581,1.2057245373725891,3.1
3582,1.2057892680168152,3.1
3583,1.2058789730072021,3.2
3584,1.2059504985809326,3.2
3585,1.2059897780418396,3.2
3586,1.2060966491699219,3.2
3587,1.2062984108924866,3.2
3588,1.2064077854156494,3.2
3589,1.2067835927009583,3.2
3590,1.2069259285926819,3.2
3591,1.2072665095329285,3.2
3592,1.2073333263397217,3.2
3593,1.2076056003570557,3.2
3594,1.2076569199562073,3.2
3595,1.2079190015792847,3.2
3596,1.2081890106201172,3.2
3597,1.2085434794425964,3.2
3598,1.2085726261138916,3.2
3599,1.2086411714553833,3.2
3600,1.2086925506591797,3.2
3601,1.2089171409606934,3.2
3602,1.2090352177619934,3.2
3603,1.2092050313949585,3.2
3604,1.2093361020088196,3.2
3605,1.2096050381660461,3.2
3606,1.2096128463745117,3.2
3607,1.2096563577651978,3.2
3608,1.2096572518348694,3.2
3609,1.2098583579063416,3.2
3610,1.2100824117660522,3.2
3611,1.2100875973701477,3.2
3612,1.2101866006851196,3.2
3613,1.2102996110916138,3.2
3614,1.2104180455207825,3.2
3615,1.2104549407958984,3.2
3616,1.2104638814926147,3.2
3617,1.2106700539588928,3.2
3618,1.210815966129303,3.2
3619,1.2108741998672485,3.2
3620,1.2109374403953552,3.2
3621,1.2109706401824951,3.2
3622,1.2109751105308533,3.2
3623,1.2110759615898132,3.2
3624,1.211326003074646,3.2
3625,1.2114011645317078,3.2
3626,1.2115471959114075,3.2
3627,1.2121095657348633,3.2
3628,1.2123656272888184,3.2
3629,1.2123728394508362,3.2
3630,1.2124889492988586,3.2
3631,1.212674617767334,3.2
3632,1.213224709033966,3.2
3633,1.2132987976074219,3.2
3634,1.2136226892471313,3.2
3635,1.2137140035629272,3.2
3636,1.2137301564216614,3.2
3637,1.2138325572013855,3.2
3638,1.2140538692474365,3.2
3639,1.2145031094551086,3.2
3640,1.2146474123001099,3.2
3641,1.214775264263153,3.2
3642,1.2148266434669495,3.2
3643,1.2149227857589722,3.2
3644,1.215125858783722,3.2
3645,1.2152833938598633,3.2
3646,1.2152921557426453,3.2
3647,1.2152994275093079,3.2
3648,1.2157962322235107,3.2
3649,1.2159392833709717,3.2
3650,1.216019093990326,3.2
3651,1.2160215973854065,3.2
3652,1.2161247730255127,3.2
3653,1.2162016034126282,3.2
3654,1.2162924408912659,3.2
3655,1.2162993550300598,3.2
3656,1.216671645641327,3.2
3657,1.216684877872467,3.2
3658,1.2168754935264587,3.2
3659,1.2171684503555298,3.2
3660,1.217219591140747,3.2
3661,1.2172845005989075,3.2
3662,1.2173348665237427,3.2
3663,1.217345952987671,3.2
3664,1.217387855052948,3.2
3665,1.2176585793495178,3.2
3666,1.2176592946052551,3.2
3667,1.217682123184204,3.2
3668,1.2177981734275818,3.2
3669,1.2179191708564758,3.2
3670,1.2179298996925354,3.2
3671,1.2181511521339417,3.2
3672,1.218196988105774,3.2
3673,1.2183985114097595,3.2
3674,1.2184346318244934,3.2
3675,1.218528389930725,3.2
3676,1.2186095118522644,3.2
3677,1.2188454270362854,3.2
3678,1.2190027832984924,3.2
3679,1.2190507650375366,3.2
3680,1.2191232442855835,3.2
3681,1.2192573547363281,3.2
3682,1.219276487827301,3.2
3683,1.2193796038627625,3.2
3684,1.2195931673049927,3.2
3685,1.2197979092597961,3.2
3686,1.2198957800865173,3.2
3687,1.2201004028320312,3.2
3688,1.220118522644043,3.2
3689,1.2207282185554504,3.2
3690,1.2207859754562378,3.2
3691,1.220866858959198,3.2
3692,1.22095388174057,3.2
3693,1.2210999727249146,3.2
3694,1.2213183045387268,3.2
3695,1.2214283347129822,3.2
3696,1.2214839458465576,3.2
3697,1.2218488454818726,3.2
3698,1.2220006585121155,3.2
3699,1.2220415472984314,3.2
3700,1.2221317291259766,3.2
3701,1.2227140069007874,3.2
3702,1.2228910326957703,3.2
3703,1.222970724105835,3.2
3704,1.2233363389968872,3.2
3705,1.2234108448028564,3.2
3706,1.223550021648407,3.2
3707,1.2237210869789124,3.2
3708,1.2238314151763916,3.2
3709,1.2239649295806885,3.2
3710,1.2240060567855835,3.2
3711,1.2241360545158386,3.2
3712,1.224206805229187,3.2
3713,1.2242280840873718,3.2
3714,1.224554568529129,3.2
3715,1.2245905995368958,3.2
3716,1.2247642278671265,3.2
3717,1.2250301837921143,3.2
3718,1.2250338196754456,3.3
3719,1.2251810431480408,3.3
3720,1.2253097891807556,3.3
3721,1.2256034016609192,3.3
3722,1.2256578207015991,3.3
3723,1.225782573223114,3.3
3724,1.2257974743843079,3.3
3725,1.2258121967315674,3.3
3726,1.225995659828186,3.3
3727,1.2261216640472412,3.3
3728,1.2261428236961365,3.3
3729,1.2261680960655212,3.3
3730,1.2264140844345093,3.3
3731,1.2265030145645142,3.3
3732,1.226708173751831,3.3
3733,1.2267954349517822,3.3
3734,1.2268928289413452,3.3
3735,1.2270157933235168,3.3
3736,1.2270921468734741,3.3
3737,1.2271032929420471,3.3
3738,1.2273374795913696,3.3
3739,1.2273708879947662,3.3
3740,1.2275313138961792,3.3
3741,1.2276799082756042,3.3
3742,1.2277347445487976,3.3
3743,1.2278778553009033,3.3
3744,1.2280412912368774,3.3
3745,1.2282020449638367,3.3
3746,1.2282414436340332,3.3
3747,1.2283098101615906,3.3
3748,1.2286469340324402,3.3
3749,1.2287476658821106,3.3
3750,1.2287662625312805,3.3
3751,1.2289087772369385,3.3
3752,1.2289126515388489,3.3
3753,1.2290964126586914,3.3
3754,1.229112148284912,3.3
3755,1.229280948638916,3.3
3756,1.229361891746521,3.3
3757,1.2297269701957703,3.3
3758,1.229785442352295,3.3
3759,1.2299148440361023,3.3
3760,1.2299886345863342,3.3
3761,1.230105996131897,3.3
3762,1.2303395867347717,3.3
3763,1.2305044531822205,3.3
3764,1.2306391596794128,3.3
3765,1.2307171821594238,3.3
3766,1.2308345437049866,3.3
3767,1.231467604637146,3.3
3768,1.231472671031952,3.3
3769,1.231522798538208,3.3
3770,1.2316184043884277,3.3
3771,1.2316982746124268,3.3
3772,1.2320351004600525,3.3
3773,1.2321061491966248,3.3
3774,1.232161521911621,3.3
3775,1.2322043180465698,3.3
3776,1.2322291731834412,3.3
3777,1.2324718236923218,3.3
3778,1.2325660586357117,3.3
3779,1.232654631137848,3.3
3780,1.232744574546814,3.3
3781,1.233081579208374,3.3
3782,1.233174979686737,3.3
3783,1.23326975107193,3.3
3784,1.233273446559906,3.3
3785,1.2334423661231995,3.3
3786,1.234056830406189,3.3
3787,1.2341543436050415,3.3
3788,1.2341585755348206,3.3
3789,1.2341659665107727,3.3
3790,1.2342617511749268,3.3
3791,1.2342841029167175,3.3
3792,1.2345157861709595,3.3
3793,1.234546959400177,3.3
3794,1.2345834374427795,3.3
3795,1.2349660992622375,3.3
3796,1.2350214123725891,3.3
3797,1.2351088523864746,3.3
3798,1.2351105213165283,3.3
3799,1.2351619005203247,3.3
3800,1.2352443933486938,3.3
3801,1.2352575659751892,3.3
3802,1.2355255484580994,3.3
3803,1.2359393239021301,3.3
3804,1.2360002994537354,3.3
3805,1.2360774278640747,3.3
3806,1.2363794445991516,3.3
3807,1.2365301847457886,3.3
3808,1.2365891933441162,3.3
3809,1.2365979552268982,3.3
3810,1.236764669418335,3.3
3811,1.2368361949920654,3.3
3812,1.2372561693191528,3.3
3813,1.2373399138450623,3.3
3814,1.2375150322914124,3.3
3815,1.2376335263252258,3.3
3816,1.2383747100830078,3.3
3817,1.2385405898094177,3.3
3818,1.2385427951812744,3.3
3819,1.2387529015541077,3.3
3820,1.2388296723365784,3.3
3821,1.2391200065612793,3.3
3822,1.2391375303268433,3.3
3823,1.2392011880874634,3.3
3824,1.2392542958259583,3.3
3825,1.2392974495887756,3.4
3826,1.2393481135368347,3.4
3827,1.2393583059310913,3.4
3828,1.239377200603485,3.4
3829,1.2395449876785278,3.4
3830,1.2398687601089478,3.4
3831,1.2399086952209473,3.4
3832,1.2399150729179382,3.4
3833,1.2401414513587952,3.4
3834,1.240200936794281,3.4
3835,1.240568995475769,3.4
3836,1.2408850193023682,3.4
3837,1.2409422397613525,3.4
3838,1.2409570813179016,3.4
3839,1.241067886352539,3.4
3840,1.2411850094795227,3.4
3841,1.2411934733390808,3.4
3842,1.2412307262420654,3.4
3843,1.241451919078827,3.4
3844,1.2419714331626892,3.4
3845,1.2426939606666565,3.4
3846,1.242745578289032,3.4
3847,1.242832362651825,3.4
3848,1.2432886362075806,3.4
3849,1.2433817982673645,3.4
3850,1.2435186207294464,3.4
3851,1.2436604499816895,3.4
3852,1.2437303066253662,3.4
3853,1.2439480423927307,3.4
3854,1.2440033555030823,3.4
3855,1.2441561222076416,3.4
3856,1.244531273841858,3.4
3857,1.2445856928825378,3.4
3858,1.2448344230651855,3.4
3859,1.2448673844337463,3.4
3860,1.2448843121528625,3.4
3861,1.2449114322662354,3.4
3862,1.2449617981910706,3.4
3863,1.2452325820922852,3.4
3864,1.2453982830047607,3.4
3865,1.2455952167510986,3.4
3866,1.2458967566490173,3.4
3867,1.2459783554077148,3.4
3868,1.2460386753082275,3.4
3869,1.246331810951233,3.4
3870,1.246343195438385,3.4
3871,1.246354877948761,3.4
3872,1.246496319770813,3.4
3873,1.246552586555481,3.4
3874,1.2469249963760376,3.4
3875,1.247170090675354,3.4
3876,1.2473762035369873,3.4
3877,1.24761563539505,3.4
3878,1.247657984495163,3.4
3879,1.247667908668518,3.4
3880,1.2477131485939026,3.4
3881,1.247864007949829,3.4
3882,1.24798583984375,3.4
3883,1.2480127215385437,3.4
3884,1.2481719255447388,3.4
3885,1.2483270764350891,3.4
3886,1.2484655976295471,3.4
3887,1.248479425907135,3.4
3888,1.2485066652297974,3.4
3889,1.2489618062973022,3.4
3890,1.249262273311615,3.4
3891,1.2492678761482239,3.4
3892,1.2493227124214172,3.4
3893,1.249380111694336,3.4
3894,1.2495962977409363,3.4
3895,1.2496892213821411,3.4
3896,1.2498719692230225,3.4
3897,1.249881625175476,3.4
3898,1.2499231100082397,3.4
3899,1.2499772310256958,3.4
3900,1.2504791021347046,3.4
3901,1.2505385279655457,3.4
3902,1.2505413889884949,3.4
3903,1.2506930232048035,3.4
3904,1.2507153153419495,3.4
3905,1.250768780708313,3.4
3906,1.2507949471473694,3.4
3907,1.2508710026741028,3.4
3908,1.2509288787841797,3.4
3909,1.2510113716125488,3.4
3910,1.25119948387146,3.4
3911,1.2513453960418701,3.4
3912,1.251456379890442,3.4
3913,1.2516762018203735,3.4
3914,1.2518221735954285,3.4
3915,1.2518430948257446,3.4
3916,1.2521196007728577,3.4
3917,1.252250611782074,3.4
3918,1.2524543404579163,3.4
3919,1.2524870038032532,3.4
3920,1.2525126934051514,3.4
3921,1.2525514960289001,3.4
3922,1.252696692943573,3.4
3923,1.2529433965682983,3.4
3924,1.252976655960083,3.4
3925,1.2532946467399597,3.4
3926,1.2533605694770813,3.4
3927,1.2539137601852417,3.4
3928,1.253950834274292,3.4
3929,1.2540295720100403,3.4
3930,1.2541199326515198,3.4
3931,1.2542588114738464,3.4
3932,1.2545598149299622,3.4
3933,1.2545858025550842,3.4
3934,1.254650056362152,3.4
3935,1.2547595500946045,3.4
3936,1.2547853589057922,3.4
3937,1.2552069425582886,3.4
3938,1.255535900592804,3.4
3939,1.2560030817985535,3.4
3940,1.2560968399047852,3.4
3941,1.2561681270599365,3.4
3942,1.2563189268112183,3.4
3943,1.256327509880066,3.4
3944,1.2563543915748596,3.4
3945,1.256610631942749,3.4
3946,1.2566753029823303,3.4
3947,1.2566821575164795,3.4
3948,1.2567523121833801,3.4
3949,1.256770670413971,3.4
3950,1.2568294405937195,3.4
3951,1.2570123672485352,3.4
3952,1.2571611404418945,3.4
3953,1.2573378086090088,3.4
3954,1.2576873302459717,3.4
3955,1.2577319741249084,3.4
3956,1.2577748894691467,3.4
3957,1.2578485012054443,3.4
3958,1.2578796744346619,3.4
3959,1.2582253217697144,3.4
3960,1.2582629323005676,3.4
3961,1.258441686630249,3.4
3962,1.2586580514907837,3.5
3963,1.2587337493896484,3.5
3964,1.2589221596717834,3.5
3965,1.2592459917068481,3.5
3966,1.2595601081848145,3.5
3967,1.2598167657852173,3.5
3968,1.259818971157074,3.5
3969,1.25991290807724,3.5
3970,1.2599489092826843,3.5
3971,1.2600185871124268,3.5
3972,1.2601232528686523,3.5
3973,1.2601318955421448,3.5
3974,1.2602802515029907,3.5
3975,1.2603683471679688,3.5
3976,1.2605014443397522,3.5
3977,1.260520875453949,3.5
3978,1.2605528235435486,3.5
3979,1.2605905532836914,3.5
3980,1.2606837749481201,3.5
3981,1.2607072591781616,3.5
3982,1.2607364058494568,3.5
3983,1.2608181834220886,3.5
3984,1.260854423046112,3.5
3985,1.2608967423439026,3.5
3986,1.261616051197052,3.5
3987,1.2617904543876648,3.5
3988,1.261942446231842,3.5
3989,1.2619877457618713,3.5
3990,1.2623103260993958,3.5
3991,1.2623170018196106,3.5
3992,1.2625815272331238,3.5
3993,1.262723445892334,3.5
3994,1.262761652469635,3.5
3995,1.2633495330810547,3.5
3996,1.2633759379386902,3.5
3997,1.2635261416435242,3.5
3998,1.2636598348617554,3.5
3999,1.263752818107605,3.5
4000,1.264013648033142,3.5
4001,1.264394223690033,3.5
4002,1.264454424381256,3.5
4003,1.2645036578178406,3.5
4004,1.264618992805481,3.5
4005,1.2647642493247986,3.5
4006,1.2648051977157593,3.5
4007,1.264983892440796,3.5
4008,1.2659010291099548,3.5
4009,1.2661742568016052,3.5
4010,1.2662932872772217,3.5
4011,1.2664403319358826,3.5
4012,1.266642451286316,3.5
4013,1.266649842262268,3.5
4014,1.2671350240707397,3.5
4015,1.2671895027160645,3.5
4016,1.2672799825668335,3.5
4017,1.2673351168632507,3.5
4018,1.267520785331726,3.5
4019,1.2675918340682983,3.5
4020,1.267738163471222,3.5
4021,1.2677574753761292,3.5
4022,1.2680368423461914,3.5
4023,1.2681143283843994,3.5
4024,1.2681426405906677,3.5
4025,1.2682119011878967,3.5
4026,1.2683047652244568,3.5
4027,1.2683573365211487,3.5
4028,1.2684020400047302,3.5
4029,1.268808126449585,3.5
4030,1.2689757943153381,3.5
4031,1.269325613975525,3.5
4032,1.2693657875061035,3.5
4033,1.2693865895271301,3.5
4034,1.2694903016090393,3.5
4035,1.269544005393982,3.5
4036,1.2698329091072083,3.5
4037,1.2699211835861206,3.5
4038,1.2699768543243408,3.5
4039,1.2701610922813416,3.5
4040,1.2703579664230347,3.5
4041,1.2704331874847412,3.5
4042,1.2705238461494446,3.5
4043,1.2706354856491089,3.5
4044,1.270677387714386,3.5
4045,1.2707433104515076,3.5
4046,1.2708119750022888,3.5
4047,1.27096426486969,3.5
4048,1.271018922328949,3.5
4049,1.2710286974906921,3.5
4050,1.2711607217788696,3.5
4051,1.2712677717208862,3.5
4052,1.2713232040405273,3.5
4053,1.2715767621994019,3.5
4054,1.2715904712677002,3.5
4055,1.2715908288955688,3.5
4056,1.272108554840088,3.5
4057,1.2721453309059143,3.5
4058,1.272206723690033,3.5
4059,1.2722111344337463,3.5
4060,1.2722409963607788,3.5
4061,1.2722883820533752,3.5
4062,1.2722963690757751,3.5
4063,1.272306501865387,3.5
4064,1.272491693496704,3.5
4065,1.2726367115974426,3.5
4066,1.2726445198059082,3.5
4067,1.273271381855011,3.5
4068,1.273303508758545,3.5
4069,1.2734150290489197,3.5
4070,1.273622751235962,3.5
4071,1.2737834453582764,3.5
4072,1.2738468050956726,3.5
4073,1.2740938663482666,3.5
4074,1.2745954990386963,3.5
4075,1.2746875882148743,3.5
4076,1.2750152349472046,3.5
4077,1.275015652179718,3.5
4078,1.2753430008888245,3.5
4079,1.2754834294319153,3.5
4080,1.2755069136619568,3.5
4081,1.275512456893921,3.5
4082,1.275749921798706,3.5
4083,1.2760425806045532,3.5
4084,1.2760871052742004,3.5
4085,1.2762649059295654,3.5
4086,1.2763372659683228,3.5
4087,1.2764427065849304,3.5
4088,1.2765071988105774,3.5
4089,1.2770701050758362,3.5
4090,1.2771081328392029,3.5
4091,1.277517855167389,3.5
4092,1.2778807282447815,3.5
4093,1.2779093384742737,3.5
4094,1.2779517769813538,3.5
4095,1.2784448266029358,3.5
4096,1.2784903645515442,3.5
4097,1.278529405593872,3.5
4098,1.2785905599594116,3.5
4099,1.2788024544715881,3.5
4100,1.2789911031723022,3.5
4101,1.2790518403053284,3.6
4102,1.279179573059082,3.6
4103,1.2792242765426636,3.6
4104,1.2792773246765137,3.6
4105,1.2794334888458252,3.6
4106,1.2794804573059082,3.6
4107,1.2796187996864319,3.6
4108,1.279904305934906,3.6
4109,1.2799690961837769,3.6
4110,1.2801579236984253,3.6
4111,1.2802926301956177,3.6
4112,1.280358612537384,3.6
4113,1.280627727508545,3.6
4114,1.280760943889618,3.6
4115,1.2807933688163757,3.6
4116,1.2809178233146667,3.6
4117,1.2810468077659607,3.6
4118,1.281207263469696,3.6
4119,1.2812098860740662,3.6
4120,1.281216025352478,3.6
4121,1.2813084125518799,3.6
4122,1.28133225440979,3.6
4123,1.281581997871399,3.6
4124,1.2823529839515686,3.6
4125,1.2823625206947327,3.6
4126,1.2823866605758667,3.6
4127,1.2824114561080933,3.6
4128,1.282428801059723,3.6
4129,1.2825735211372375,3.6
4130,1.283827781677246,3.6
4131,1.283833086490631,3.6
4132,1.2839231491088867,3.6
4133,1.284061074256897,3.6
4134,1.2841021418571472,3.6
4135,1.2841142416000366,3.6
4136,1.2847073674201965,3.6
4137,1.2847715616226196,3.6
4138,1.2847941517829895,3.6
4139,1.2848213911056519,3.6
4140,1.2852211594581604,3.6
4141,1.2853609919548035,3.6
4142,1.285533368587494,3.6
4143,1.28569757938385,3.6
4144,1.2857210040092468,3.6
4145,1.285782516002655,3.6
4146,1.286271333694458,3.6
4147,1.286360263824463,3.6
4148,1.2864720821380615,3.6
4149,1.286497175693512,3.6
4150,1.286612629890442,3.6
4151,1.286648690700531,3.6
4152,1.2866538763046265,3.6
4153,1.2869108319282532,3.6
4154,1.2870746850967407,3.6
4155,1.2871311902999878,3.6
4156,1.2871671915054321,3.6
4157,1.287290096282959,3.6
4158,1.287352442741394,3.6
4159,1.2873913645744324,3.6
4160,1.2877510786056519,3.6
4161,1.288043200969696,3.6
4162,1.2880496978759766,3.6
4163,1.2881869077682495,3.6
4164,1.288280963897705,3.6
4165,1.288309931755066,3.6
4166,1.288345217704773,3.6
4167,1.2884257435798645,3.6
4168,1.288493275642395,3.6
4169,1.2885320782661438,3.6
4170,1.2886528372764587,3.6
4171,1.288712739944458,3.6
4172,1.2888863682746887,3.6
4173,1.2895722389221191,3.6
4174,1.2899064421653748,3.6
4175,1.290015697479248,3.6
4176,1.2905702590942383,3.6
4177,1.2913313508033752,3.6
4178,1.291624903678894,3.6
4179,1.2916354537010193,3.6
4180,1.2916476726531982,3.6
4181,1.2917444705963135,3.6
4182,1.2923652529716492,3.6
4183,1.2924335598945618,3.6
4184,1.2924984693527222,3.6
4185,1.2927458882331848,3.6
4186,1.2927887439727783,3.6
4187,1.2929081320762634,3.6
4188,1.2931672930717468,3.6
4189,1.2932684421539307,3.6
4190,1.2933540344238281,3.6
4191,1.2935966849327087,3.6
4192,1.293645441532135,3.6
4193,1.2936763763427734,3.6
4194,1.2938604354858398,3.6
4195,1.2938929796218872,3.6
4196,1.293999969959259,3.7
4197,1.2944591045379639,3.7
4198,1.294483244419098,3.7
4199,1.2945430874824524,3.7
4200,1.2953787446022034,3.7
4201,1.295422077178955,3.7
4202,1.2955328226089478,3.7
4203,1.2956374287605286,3.7
4204,1.2956716418266296,3.7
4205,1.2956717610359192,3.7
4206,1.2956726551055908,3.7
4207,1.2956824898719788,3.7
4208,1.2958182096481323,3.7
4209,1.2961401343345642,3.7
4210,1.2962294220924377,3.7
4211,1.296440303325653,3.7
4212,1.2964518666267395,3.7
4213,1.2965136766433716,3.7
4214,1.2965524196624756,3.7
4215,1.2965819835662842,3.7
4216,1.296858310699463,3.7
4217,1.2968685626983643,3.7
4218,1.2970402836799622,3.7
4219,1.2971793413162231,3.7
4220,1.2972426414489746,3.7
4221,1.2974430918693542,3.7
4222,1.2977898120880127,3.7
4223,1.298028826713562,3.7
4224,1.2980866432189941,3.7
4225,1.2981581091880798,3.7
4226,1.2981634736061096,3.7
4227,1.2981849908828735,3.7
4228,1.2982097864151,3.7
4229,1.2983489036560059,3.7
4230,1.298751711845398,3.7
4231,1.2987561225891113,3.7
4232,1.2988564372062683,3.7
4233,1.2993475794792175,3.7
4234,1.2994214296340942,3.7
4235,1.2994598746299744,3.7
4236,1.299610435962677,3.7
4237,1.2996962070465088,3.7
4238,1.2999703884124756,3.7
4239,1.2999778985977173,3.7
4240,1.3001359701156616,3.7
4241,1.3001399636268616,3.7
4242,1.3001928925514221,3.7
4243,1.3002684712409973,3.7
4244,1.3006234169006348,3.7
4245,1.3007772564888,3.7
4246,1.3008027076721191,3.7
4247,1.3008951544761658,3.7
4248,1.3011741638183594,3.7
4249,1.3013761043548584,3.7
4250,1.3014006614685059,3.7
4251,1.3015349507331848,3.7
4252,1.3015378713607788,3.7
4253,1.301675021648407,3.7
4254,1.3017153143882751,3.7
4255,1.3020356893539429,3.7
4256,1.3023013472557068,3.7
4257,1.3024795055389404,3.7
4258,1.3030667304992676,3.7
4259,1.3030948638916016,3.7
4260,1.3031595945358276,3.7
4261,1.3032119274139404,3.7
4262,1.3036234378814697,3.7
4263,1.3037588596343994,3.7
4264,1.303850531578064,3.7
4265,1.3040456771850586,3.7
4266,1.3040606379508972,3.7
4267,1.3042970299720764,3.7
4268,1.304333508014679,3.7
4269,1.3044774532318115,3.7
4270,1.3045159578323364,3.7
4271,1.3045868277549744,3.7
4272,1.304822862148285,3.7
4273,1.3050773739814758,3.7
4274,1.3050814270973206,3.7
4275,1.3050959706306458,3.7
4276,1.3051202297210693,3.7
4277,1.305181622505188,3.7
4278,1.3054959774017334,3.7
4279,1.3055011630058289,3.7
4280,1.3055734634399414,3.7
4281,1.3056185841560364,3.7
4282,1.3056554794311523,3.7
4283,1.3057300448417664,3.7
4284,1.3059284090995789,3.7
4285,1.3059351444244385,3.7
4286,1.3059437274932861,3.7
4287,1.3060584664344788,3.7
4288,1.3061020970344543,3.7
4289,1.306261658668518,3.7
4290,1.3064997792243958,3.7
4291,1.306678295135498,3.7
4292,1.306705355644226,3.7
4293,1.3069823384284973,3.7
4294,1.3073927760124207,3.7
4295,1.3074397444725037,3.7
4296,1.3075132966041565,3.7
4297,1.3075145483016968,3.7
4298,1.3079167604446411,3.7
4299,1.3081268072128296,3.8
4300,1.3081802129745483,3.8
4301,1.308189034461975,3.8
4302,1.3082274198532104,3.8
4303,1.3082828521728516,3.8
4304,1.3083562850952148,3.8
4305,1.3084807991981506,3.8
4306,1.3086271286010742,3.8
4307,1.3086366057395935,3.8
4308,1.3086612820625305,3.8
4309,1.3087507486343384,3.8
4310,1.3089748620986938,3.8
4311,1.3090529441833496,3.8
4312,1.3094052076339722,3.8
4313,1.3094787001609802,3.8
4314,1.3094805479049683,3.8
4315,1.3098203539848328,3.8
4316,1.3098470568656921,3.8
4317,1.3098546266555786,3.8
4318,1.3098751306533813,3.8
4319,1.3098883628845215,3.8
4320,1.3101593255996704,3.8
4321,1.3102431893348694,3.8
4322,1.3102484345436096,3.8
4323,1.3103567361831665,3.8
4324,1.3107303380966187,3.8
4325,1.3107659816741943,3.8
4326,1.3112081289291382,3.8
4327,1.3117735385894775,3.8
4328,1.3117811679840088,3.8
4329,1.3118504881858826,3.8
4330,1.3118555545806885,3.8
4331,1.3119507431983948,3.8
4332,1.3120386600494385,3.8
4333,1.31205815076828,3.8
4334,1.3120792508125305,3.8
4335,1.3121338486671448,3.8
4336,1.3121519684791565,3.8
4337,1.312168836593628,3.8
4338,1.3122087717056274,3.8
4339,1.3123463988304138,3.8
4340,1.3124277591705322,3.8
4341,1.3126723170280457,3.8
4342,1.312899887561798,3.8
4343,1.3133453130722046,3.8
4344,1.3134267926216125,3.8
4345,1.3135648965835571,3.8
4346,1.3138890266418457,3.8
4347,1.314068853855133,3.8
4348,1.3142958879470825,3.8
4349,1.314355492591858,3.8
4350,1.3144078254699707,3.8
4351,1.3144844770431519,3.8
4352,1.31454199552536,3.8
4353,1.3147614002227783,3.8
4354,1.3147937059402466,3.8
4355,1.3149511218070984,3.8
4356,1.315034031867981,3.8
4357,1.3152524828910828,3.8
4358,1.3153499960899353,3.8
4359,1.3156231045722961,3.8
4360,1.3156761527061462,3.8
4361,1.3157918453216553,3.8
4362,1.3161104917526245,3.8
4363,1.3161144852638245,3.8
4364,1.316230297088623,3.8
4365,1.31654292345047,3.8
4366,1.3166385889053345,3.8
4367,1.3167217373847961,3.8
4368,1.316967487335205,3.8
4369,1.3172795176506042,3.8
4370,1.3173623085021973,3.8
4371,1.317463219165802,3.8
4372,1.3178365230560303,3.8
4373,1.3179984092712402,3.8
4374,1.318192958831787,3.8
4375,1.3182429671287537,3.8
4376,1.3182581663131714,3.8
4377,1.3183295130729675,3.8
4378,1.3184341788291931,3.8
4379,1.3184937238693237,3.8
4380,1.3186258673667908,3.8
4381,1.3186636567115784,3.8
4382,1.3187718391418457,3.8
4383,1.318960428237915,3.8
4384,1.3189800381660461,3.8
4385,1.3189874291419983,3.8
4386,1.3191106915473938,3.8
4387,1.3191378712654114,3.8
4388,1.3192580938339233,3.8
4389,1.3192782998085022,3.8
4390,1.3194202184677124,3.8
4391,1.3196762800216675,3.8
4392,1.3197926878929138,3.8
4393,1.3198015093803406,3.8
4394,1.3198558688163757,3.8
4395,1.319903552532196,3.8
4396,1.320293128490448,3.8
4397,1.3203057050704956,3.8
4398,1.320442020893097,3.8
4399,1.3209190964698792,3.8
4400,1.3210203051567078,3.8
4401,1.3211520314216614,3.8
4402,1.3216140270233154,3.8
4403,1.3216333985328674,3.8
4404,1.3216565251350403,3.8
4405,1.3217642307281494,3.8
4406,1.321775734424591,3.8
4407,1.321786344051361,3.8
4408,1.3225005865097046,3.8
4409,1.322576642036438,3.8
4410,1.322583556175232,3.8
4411,1.3226156830787659,3.8
4412,1.3227786421775818,3.8
4413,1.3228194117546082,3.8
4414,1.3228707313537598,3.8
4415,1.3228848576545715,3.8
4416,1.322936236858368,3.8
4417,1.3229496479034424,3.8
4418,1.3230658769607544,3.8
4419,1.3232077956199646,3.8
4420,1.3232443928718567,3.8
4421,1.3232816457748413,3.8
4422,1.3234440684318542,3.8
4423,1.3245208263397217,3.8
4424,1.3245311379432678,3.8
4425,1.324761986732483,3.8
4426,1.3248713612556458,3.8
4427,1.3250510692596436,3.8
4428,1.325825035572052,3.8
4429,1.3258270025253296,3.8
4430,1.3262116312980652,3.8
4431,1.3262210488319397,3.8
4432,1.3262808918952942,3.8
4433,1.3264508247375488,3.8
4434,1.3267915844917297,3.9
4435,1.326941967010498,3.9
4436,1.327251136302948,3.9
4437,1.3272975087165833,3.9
4438,1.3273257613182068,3.9
4439,1.32733815908432,3.9
4440,1.3274760246276855,3.9
4441,1.3275336027145386,3.9
4442,1.327639400959015,3.9
4443,1.327823519706726,3.9
4444,1.3279206156730652,3.9
4445,1.3279686570167542,3.9
4446,1.328060805797577,3.9
4447,1.3280832171440125,3.9
4448,1.3285305500030518,3.9
4449,1.3286076188087463,3.9
4450,1.3287292122840881,3.9
4451,1.3290372490882874,3.9
4452,1.3292244672775269,3.9
4453,1.3292720317840576,3.9
4454,1.3295559883117676,3.9
4455,1.329708755016327,3.9
4456,1.329841673374176,3.9
4457,1.3299908638000488,3.9
4458,1.3299965262413025,3.9
4459,1.3302180767059326,3.9
4460,1.3302468657493591,3.9
4461,1.3302965760231018,3.9
4462,1.3304186463356018,3.9
4463,1.3304734826087952,3.9
4464,1.3307886719703674,3.9
4465,1.3308640718460083,3.9
4466,1.330891489982605,3.9
4467,1.3310394287109375,3.9
4468,1.3311371803283691,3.9
4469,1.3311687111854553,3.9
4470,1.3312589526176453,3.9
4471,1.3313015699386597,3.9
4472,1.3315027356147766,3.9
4473,1.3315926790237427,3.9
4474,1.3316709399223328,3.9
4475,1.331692397594452,3.9
4476,1.3317977786064148,3.9
4477,1.3318392038345337,3.9
4478,1.332150638103485,3.9
4479,1.3321931958198547,3.9
4480,1.3323381543159485,3.9
4481,1.3324326276779175,3.9
4482,1.3324377536773682,3.9
4483,1.332523226737976,3.9
4484,1.3325977325439453,3.9
4485,1.3326181769371033,3.9
4486,1.3326616883277893,3.9
4487,1.3326905369758606,3.9
4488,1.3327633142471313,3.9
4489,1.3328180313110352,3.9
4490,1.332869291305542,3.9
4491,1.333167314529419,3.9
4492,1.3335216045379639,3.9
4493,1.333560585975647,3.9
4494,1.333778440952301,3.9
4495,1.333935797214508,3.9
4496,1.3343956470489502,3.9
4497,1.334413230419159,3.9
4498,1.334566593170166,3.9
4499,1.3345856666564941,3.9
4500,1.3346967697143555,3.9
4501,1.3348798751831055,3.9
4502,1.3356395959854126,3.9
4503,1.3356813788414001,3.9
4504,1.3357524871826172,3.9
4505,1.3358567357063293,3.9
4506,1.3361846208572388,3.9
4507,1.3363308310508728,3.9
4508,1.3364117741584778,3.9
4509,1.336418867111206,3.9
4510,1.336581826210022,3.9
4511,1.3366806507110596,3.9
4512,1.3367969989776611,3.9
4513,1.336903989315033,3.9
4514,1.3372519612312317,3.9
4515,1.3376031517982483,3.9
4516,1.3376742601394653,3.9
4517,1.337725043296814,3.9
4518,1.337748944759369,3.9
4519,1.337836503982544,3.9
4520,1.337868332862854,3.9
4521,1.3379853963851929,3.9
4522,1.3381818532943726,3.9
4523,1.3381997346878052,3.9
4524,1.3382771611213684,3.9
4525,1.3385342359542847,3.9
4526,1.3387522101402283,3.9
4527,1.3387697339057922,3.9
4528,1.3388368487358093,3.9
4529,1.3389620780944824,3.9
4530,1.339063048362732,3.9
4531,1.3391438722610474,3.9
4532,1.3391889929771423,3.9
4533,1.339212715625763,3.9
4534,1.3393662571907043,3.9
4535,1.3393988609313965,3.9
4536,1.3394402265548706,3.9
4537,1.339577317237854,3.9
4538,1.3401508927345276,3.9
4539,1.3406673073768616,3.9
4540,1.340717613697052,3.9
4541,1.340934693813324,3.9
4542,1.3409354090690613,3.9
4543,1.3410120010375977,3.9
4544,1.341479778289795,3.9
4545,1.3416436910629272,3.9
4546,1.3417094349861145,3.9
4547,1.3423831462860107,3.9
4548,1.3424583673477173,3.9
4549,1.342465579509735,3.9
4550,1.3426349759101868,3.9
4551,1.3427824974060059,3.9
4552,1.3427909016609192,3.9
4553,1.3429090976715088,3.9
4554,1.3429714441299438,3.9
4555,1.3434786796569824,3.9
4556,1.3434985280036926,3.9
4557,1.3444269895553589,3.9
4558,1.3450720310211182,3.9
4559,1.3450727462768555,3.9
4560,1.3452544212341309,3.9
4561,1.345371425151825,3.9
4562,1.3454641699790955,3.9
4563,1.3456066250801086,3.9
4564,1.3456453680992126,3.9
4565,1.3456574082374573,4.0
4566,1.346019446849823,4.0
4567,1.3461344838142395,4.0
4568,1.346228003501892,4.0
4569,1.3463836908340454,4.0
4570,1.3463969230651855,4.0
4571,1.3464171290397644,4.0
4572,1.3466429114341736,4.0
4573,1.3469417095184326,4.0
4574,1.3470580577850342,4.0
4575,1.3470942378044128,4.0
4576,1.3472980260849,4.0
4577,1.3474192023277283,4.0
4578,1.3476349711418152,4.0
4579,1.3477265238761902,4.0
4580,1.3477983474731445,4.0
4581,1.3478200435638428,4.0
4582,1.3481727242469788,4.0
4583,1.3483522534370422,4.0
4584,1.3484686017036438,4.0
4585,1.3486574292182922,4.0
4586,1.3486841917037964,4.0
4587,1.3488972187042236,4.0
4588,1.3490473628044128,4.0
4589,1.349787175655365,4.0
4590,1.3498051762580872,4.0
4591,1.3498741388320923,4.0
4592,1.3501264452934265,4.0
4593,1.3501319289207458,4.0
4594,1.3506791591644287,4.0
4595,1.3507655262947083,4.0
4596,1.3507726788520813,4.0
4597,1.350888967514038,4.0
4598,1.3509808778762817,4.0
4599,1.3514036536216736,4.0
4600,1.3514743447303772,4.0
4601,1.3515092730522156,4.0
4602,1.3515780568122864,4.0
4603,1.3517372608184814,4.0
4604,1.3517374992370605,4.0
4605,1.3517559170722961,4.0
4606,1.3517773151397705,4.0
4607,1.3520166873931885,4.0
4608,1.3521623015403748,4.0
4609,1.352452576160431,4.0
4610,1.352533996105194,4.0
4611,1.3525654077529907,4.0
4612,1.3526270389556885,4.0
4613,1.3527002930641174,4.0
4614,1.3531672954559326,4.0
4615,1.3533153533935547,4.0
4616,1.353416621685028,4.0
4617,1.353466272354126,4.0
4618,1.3536059260368347,4.0
4619,1.353772759437561,4.0
4620,1.353860318660736,4.0
4621,1.3540456295013428,4.0
4622,1.3540868163108826,4.0
4623,1.3542747497558594,4.0
4624,1.3546955585479736,4.0
4625,1.3550450205802917,4.0
4626,1.3550873398780823,4.0
4627,1.3552727699279785,4.0
4628,1.355578064918518,4.0
4629,1.3555793166160583,4.0
4630,1.3555817604064941,4.0
4631,1.3556153178215027,4.0
4632,1.3556824922561646,4.0
4633,1.355921983718872,4.0
4634,1.3559479117393494,4.0
4635,1.3559678196907043,4.0
4636,1.3559985756874084,4.0
4637,1.3561367392539978,4.0
4638,1.3561674356460571,4.0
4639,1.3562480211257935,4.0
4640,1.3562757968902588,4.0
4641,1.3563944101333618,4.0
4642,1.3564056158065796,4.0
4643,1.3564987778663635,4.0
4644,1.3568226099014282,4.0
4645,1.3568252325057983,4.0
4646,1.3568740487098694,4.0
4647,1.35696142911911,4.0
4648,1.3570436239242554,4.0
4649,1.3570481538772583,4.0
4650,1.3570643663406372,4.0
4651,1.3573212027549744,4.0
4652,1.3577890396118164,4.0
4653,1.3582090139389038,4.0
4654,1.3584170937538147,4.0
4655,1.3585862517356873,4.0
4656,1.3587310910224915,4.0
4657,1.3587660789489746,4.0
4658,1.358887255191803,4.0
4659,1.359016478061676,4.0
4660,1.3592910170555115,4.0
4661,1.359558641910553,4.0
4662,1.3597871661186218,4.0
4663,1.3598905205726624,4.0
4664,1.3599702715873718,4.0
4665,1.3599945902824402,4.0
4666,1.360046923160553,4.0
4667,1.3601134419441223,4.0
4668,1.3601257801055908,4.0
4669,1.360140860080719,4.0
4670,1.3602784872055054,4.0
4671,1.36031836271286,4.0
4672,1.3603453040122986,4.0
4673,1.3603602647781372,4.0
4674,1.3606024384498596,4.0
4675,1.3606091141700745,4.0
4676,1.3608142137527466,4.0
4677,1.3608562350273132,4.0
4678,1.361274778842926,4.0
4679,1.3618367314338684,4.0
4680,1.361901342868805,4.0
4681,1.3619098663330078,4.0
4682,1.36209237575531,4.0
4683,1.3622785210609436,4.0
4684,1.3624820709228516,4.0
4685,1.362814724445343,4.0
4686,1.3633943796157837,4.0
4687,1.3636389374732971,4.0
4688,1.3636745810508728,4.0
4689,1.364534318447113,4.0
4690,1.3645808100700378,4.1
4691,1.3645907640457153,4.1
4692,1.3647257089614868,4.1
4693,1.364987552165985,4.1
4694,1.3650007843971252,4.1
4695,1.3656005859375,4.1
4696,1.3661901950836182,4.1
4697,1.3662310242652893,4.1
4698,1.3664641380310059,4.1
4699,1.3665337562561035,4.1
4700,1.3671218156814575,4.1
4701,1.3672540187835693,4.1
4702,1.3673191666603088,4.1
4703,1.367457926273346,4.1
4704,1.3676738739013672,4.1
4705,1.3676813244819641,4.1
4706,1.3677626252174377,4.1
4707,1.367854118347168,4.1
4708,1.3678680658340454,4.1
4709,1.3685097694396973,4.1
4710,1.3688083291053772,4.1
4711,1.3689375519752502,4.1
4712,1.3690428137779236,4.1
4713,1.369134783744812,4.1
4714,1.3691852688789368,4.1
4715,1.3696113228797913,4.1
4716,1.3697292804718018,4.1
4717,1.3697566390037537,4.1
4718,1.370246171951294,4.1
4719,1.3702853918075562,4.1
4720,1.3707404732704163,4.1
4721,1.370788812637329,4.1
4722,1.371086299419403,4.1
4723,1.3711740970611572,4.1
4724,1.3712311387062073,4.1
4725,1.3712733387947083,4.1
4726,1.3712754249572754,4.1
4727,1.3713847398757935,4.1
4728,1.3720293641090393,4.1
4729,1.3720725178718567,4.1
4730,1.3721118569374084,4.1
4731,1.3722367882728577,4.1
4732,1.3723961114883423,4.1
4733,1.3725393414497375,4.1
4734,1.3726894855499268,4.1
4735,1.37269926071167,4.1
4736,1.3730408549308777,4.1
4737,1.3730466961860657,4.1
4738,1.373146653175354,4.1
4739,1.3734037280082703,4.1
4740,1.3735681772232056,4.1
4741,1.3736260533332825,4.1
4742,1.3737344145774841,4.1
4743,1.3738611936569214,4.1
4744,1.3741232752799988,4.1
4745,1.3742120862007141,4.1
4746,1.3743606209754944,4.1
4747,1.3743714690208435,4.1
4748,1.3745319247245789,4.1
4749,1.374584674835205,4.1
4750,1.3747235536575317,4.1
4751,1.3747974038124084,4.1
4752,1.3751307725906372,4.1
4753,1.375168263912201,4.1
4754,1.3753632307052612,4.1
4755,1.3754820227622986,4.1
4756,1.375500202178955,4.1
4757,1.3755085468292236,4.1
4758,1.375544548034668,4.1
4759,1.3758803009986877,4.1
4760,1.3759694695472717,4.1
4761,1.3760056495666504,4.1
4762,1.3761685490608215,4.1
4763,1.37623131275177,4.1
4764,1.376258134841919,4.1
4765,1.376313865184784,4.1
4766,1.376666784286499,4.1
4767,1.3766862750053406,4.1
4768,1.3767206072807312,4.1
4769,1.376916527748108,4.1
4770,1.376937210559845,4.1
4771,1.3769533038139343,4.1
4772,1.3770389556884766,4.2
4773,1.3770575523376465,4.2
4774,1.3771419525146484,4.2
4775,1.3772376775741577,4.2
4776,1.3773452043533325,4.2
4777,1.3773918151855469,4.2
4778,1.3776610493659973,4.2
4779,1.377751350402832,4.2
4780,1.3777586817741394,4.2
4781,1.377863585948944,4.2
4782,1.3780179023742676,4.2
4783,1.3780481815338135,4.2
4784,1.3782818913459778,4.2
4785,1.3783018589019775,4.2
4786,1.378313958644867,4.2
4787,1.3783544301986694,4.2
4788,1.3786568641662598,4.2
4789,1.3787618279457092,4.2
4790,1.3788334131240845,4.2
4791,1.3788352608680725,4.2
4792,1.3792986869812012,4.2
4793,1.3793489933013916,4.2
4794,1.3794309496879578,4.2
4795,1.3795720338821411,4.2
4796,1.379607617855072,4.2
4797,1.3797005414962769,4.2
4798,1.3798142075538635,4.2
4799,1.380048155784607,4.2
4800,1.380107045173645,4.2
4801,1.3802453875541687,4.2
4802,1.3802860975265503,4.2
4803,1.3802961111068726,4.2
4804,1.380298674106598,4.2
4805,1.3804195523262024,4.2
4806,1.380557656288147,4.2
4807,1.3805956840515137,4.2
4808,1.3807149529457092,4.2
4809,1.3809925317764282,4.2
4810,1.3810707330703735,4.2
4811,1.3811741471290588,4.2
4812,1.381300449371338,4.2
4813,1.3814765810966492,4.2
4814,1.3818106651306152,4.2
4815,1.3821018934249878,4.2
4816,1.3821471333503723,4.2
4817,1.3822858333587646,4.2
4818,1.3827692866325378,4.2
4819,1.3830353617668152,4.2
4820,1.3830841183662415,4.2
4821,1.3832290768623352,4.2
4822,1.3832314014434814,4.2
4823,1.383435070514679,4.2
4824,1.38400000333786,4.2
4825,1.3842692375183105,4.2
4826,1.3842801451683044,4.2
4827,1.3844923973083496,4.2
4828,1.38467276096344,4.2
4829,1.3846892714500427,4.2
4830,1.3848475217819214,4.2
4831,1.384970784187317,4.2
4832,1.3851222395896912,4.2
4833,1.3852477669715881,4.2
4834,1.3854347467422485,4.2
4835,1.385619580745697,4.2
4836,1.3856215476989746,4.2
4837,1.3857014775276184,4.2
4838,1.3857134580612183,4.2
4839,1.3857243657112122,4.2
4840,1.385899841785431,4.2
4841,1.3859681487083435,4.2
4842,1.3863719701766968,4.2
4843,1.386372447013855,4.2
4844,1.3865812420845032,4.2
4845,1.3866828083992004,4.2
4846,1.3867153525352478,4.2
4847,1.3871175646781921,4.2
4848,1.3872438669204712,4.2
4849,1.3876874446868896,4.2
4850,1.3878340125083923,4.2
4851,1.3879708647727966,4.2
4852,1.3881447315216064,4.2
4853,1.3883864879608154,4.2
4854,1.3884661793708801,4.2
4855,1.3886310458183289,4.2
4856,1.3888850212097168,4.2
4857,1.388966679573059,4.2
4858,1.389354169368744,4.2
4859,1.3894344568252563,4.2
4860,1.389714539051056,4.2
4861,1.3897172808647156,4.2
4862,1.3898724913597107,4.2
4863,1.3900073766708374,4.2
4864,1.3900507092475891,4.2
4865,1.390390157699585,4.2
4866,1.39042729139328,4.2
4867,1.3904818892478943,4.2
4868,1.390562891960144,4.2
4869,1.3906811475753784,4.2
4870,1.3907577395439148,4.2
4871,1.3907609581947327,4.2
4872,1.390989899635315,4.2
4873,1.3910553455352783,4.2
4874,1.3911371231079102,4.2
4875,1.391140103340149,4.2
4876,1.3913138508796692,4.2
4877,1.3913518190383911,4.2
4878,1.3913722038269043,4.2
4879,1.3915919661521912,4.2
4880,1.3916168212890625,4.2
4881,1.3916476964950562,4.2
4882,1.3916987180709839,4.2
4883,1.3922494053840637,4.2
4884,1.392412543296814,4.2
4885,1.392868995666504,4.2
4886,1.3928707242012024,4.2
4887,1.3930531740188599,4.2
4888,1.39336359500885,4.2
4889,1.3934558033943176,4.2
4890,1.3934598565101624,4.2
4891,1.3935748934745789,4.2
4892,1.393730640411377,4.2
4893,1.3938766121864319,4.2
4894,1.3940057754516602,4.2
4895,1.3940824270248413,4.2
4896,1.3945788145065308,4.2
4897,1.394657850265503,4.2
4898,1.3946587443351746,4.2
4899,1.3947490453720093,4.2
4900,1.3947777152061462,4.2
4901,1.394820511341095,4.2
4902,1.3950814604759216,4.2
4903,1.3953792452812195,4.3
4904,1.3957757949829102,4.3
4905,1.3958153128623962,4.3
4906,1.395862877368927,4.3
4907,1.3959401845932007,4.3
4908,1.3963124752044678,4.3
4909,1.3965311646461487,4.3
4910,1.3966767191886902,4.3
4911,1.3967938423156738,4.3
4912,1.3969934582710266,4.3
4913,1.3973855376243591,4.3
4914,1.3974035382270813,4.3
4915,1.397600769996643,4.3
4916,1.3976739645004272,4.3
4917,1.3977760076522827,4.3
4918,1.3979679346084595,4.3
4919,1.3981751203536987,4.3
4920,1.3983973264694214,4.3
4921,1.3986430168151855,4.3
4922,1.3987022042274475,4.3
4923,1.3988579511642456,4.3
4924,1.3988656997680664,4.3
4925,1.3989230394363403,4.3
4926,1.39900541305542,4.3
4927,1.3996734023094177,4.3
4928,1.4001474380493164,4.3
4929,1.4002166390419006,4.3
4930,1.4004977941513062,4.3
4931,1.400514841079712,4.3
4932,1.4006016254425049,4.3
4933,1.4006083607673645,4.3
4934,1.400627613067627,4.3
4935,1.4007049202919006,4.3
4936,1.400723397731781,4.3
4937,1.400839626789093,4.3
4938,1.4009591937065125,4.3
4939,1.4009650349617004,4.3
4940,1.401160478591919,4.3
4941,1.4012965559959412,4.3
4942,1.4017727971076965,4.3
4943,1.4020398259162903,4.3
4944,1.4021164178848267,4.3
4945,1.4025369882583618,4.3
4946,1.4025620222091675,4.3
4947,1.4027475714683533,4.3
4948,1.4030426740646362,4.3
4949,1.4031642079353333,4.3
4950,1.4031908512115479,4.3
4951,1.4032544493675232,4.3
4952,1.4033085107803345,4.3
4953,1.4033599495887756,4.3
4954,1.403680145740509,4.3
4955,1.4040573835372925,4.3
4956,1.4043903946876526,4.3
4957,1.404417097568512,4.3
4958,1.4046375751495361,4.3
4959,1.4047325253486633,4.3
4960,1.4048433303833008,4.3
4961,1.4049082398414612,4.3
4962,1.4052411317825317,4.3
4963,1.405369520187378,4.3
4964,1.4054477214813232,4.3
4965,1.4055883884429932,4.3
4966,1.4057766199111938,4.3
4967,1.4058443903923035,4.3
4968,1.4058998823165894,4.3
4969,1.4060330390930176,4.3
4970,1.4062107801437378,4.3
4971,1.4063746333122253,4.3
4972,1.406438946723938,4.3
4973,1.4064943194389343,4.3
4974,1.4069159030914307,4.3
4975,1.4072421193122864,4.3
4976,1.4072496891021729,4.3
4977,1.4073717594146729,4.3
4978,1.4075007438659668,4.3
4979,1.4076948761940002,4.3
4980,1.4077301025390625,4.3
4981,1.407863438129425,4.3
4982,1.4078693985939026,4.3
4983,1.4078842401504517,4.3
4984,1.4079369902610779,4.3
4985,1.4081521034240723,4.3
4986,1.4083402156829834,4.3
4987,1.4084601998329163,4.3
4988,1.4087936878204346,4.3
4989,1.4088379740715027,4.3
4990,1.40887051820755,4.3
4991,1.409129559993744,4.3
4992,1.4091663360595703,4.3
4993,1.4092119932174683,4.3
4994,1.4096705317497253,4.3
4995,1.409870445728302,4.3
4996,1.4102544784545898,4.3
4997,1.410738468170166,4.3
4998,1.410759449005127,4.4
4999,1.4110640287399292,4.4
5000,1.411113202571869,4.4
5001,1.4111312627792358,4.4
5002,1.4111555814743042,4.4
5003,1.411426603794098,4.4
5004,1.4115691781044006,4.4
5005,1.4115867018699646,4.4
5006,1.411670207977295,4.4
5007,1.4118002653121948,4.4
5008,1.4121437668800354,4.4
5009,1.4128873944282532,4.4
5010,1.4128941893577576,4.4
5011,1.412945032119751,4.4
5012,1.4130489826202393,4.4
5013,1.41311514377594,4.4
5014,1.4133167266845703,4.4
5015,1.4134750962257385,4.4
5016,1.4134936332702637,4.4
5017,1.4140201807022095,4.4
5018,1.4140844941139221,4.4
5019,1.4141483306884766,4.4
5020,1.4142397046089172,4.4
5021,1.4144276976585388,4.4
5022,1.414458692073822,4.4
5023,1.414505422115326,4.4
5024,1.4150682091712952,4.4
5025,1.4152477383613586,4.4
5026,1.4152551889419556,4.4
5027,1.4153730273246765,4.4
5028,1.4159143567085266,4.4
5029,1.4161128997802734,4.4
5030,1.4161880016326904,4.4
5031,1.4162068367004395,4.4
5032,1.4163711667060852,4.4
5033,1.4165825247764587,4.4
5034,1.4167827367782593,4.4
5035,1.4170711040496826,4.4
5036,1.4174950122833252,4.4
5037,1.4177513718605042,4.4
5038,1.4179863333702087,4.4
5039,1.4180511236190796,4.4
5040,1.4182153344154358,4.4
5041,1.4186990857124329,4.4
5042,1.418945074081421,4.4
5043,1.419098675251007,4.4
5044,1.4195213913917542,4.4
5045,1.4195687770843506,4.4
5046,1.419590413570404,4.4
5047,1.4199223518371582,4.4
5048,1.4201911091804504,4.4
5049,1.4210293889045715,4.4
5050,1.4210585355758667,4.4
5051,1.4211647510528564,4.4
5052,1.4211931824684143,4.4
5053,1.42139732837677,4.4
5054,1.421468734741211,4.4
5055,1.421493411064148,4.4
5056,1.4217100739479065,4.4
5057,1.421756386756897,4.4
5058,1.42177414894104,4.4
5059,1.422007143497467,4.4
5060,1.422335684299469,4.4
5061,1.422352373600006,4.4
5062,1.4224770069122314,4.4
5063,1.4224910140037537,4.4
5064,1.4226744771003723,4.4
5065,1.422764539718628,4.4
5066,1.423064410686493,4.4
5067,1.4232049584388733,4.4
5068,1.4237458109855652,4.4
5069,1.423785388469696,4.4
5070,1.4239648580551147,4.4
5071,1.4243335723876953,4.4
5072,1.4245089888572693,4.4
5073,1.4245939254760742,4.4
5074,1.4246999025344849,4.4
5075,1.4248311519622803,4.4
5076,1.4249102473258972,4.4
5077,1.4249927997589111,4.4
5078,1.4251531958580017,4.4
5079,1.4251786470413208,4.4
5080,1.4256651997566223,4.4
5081,1.425810992717743,4.4
5082,1.426062524318695,4.4
5083,1.4261245131492615,4.4
5084,1.4262545704841614,4.4
5085,1.4263182282447815,4.4
5086,1.4263557195663452,4.4
5087,1.4264995455741882,4.4
5088,1.4265366196632385,4.4
5089,1.426539123058319,4.4
5090,1.4266064167022705,4.4
5091,1.426740288734436,4.4
5092,1.4271089434623718,4.4
5093,1.4273927807807922,4.4
5094,1.4276134967803955,4.4
5095,1.4277547597885132,4.4
5096,1.4279571771621704,4.4
5097,1.4280855059623718,4.4
5098,1.4283777475357056,4.4
5099,1.4284232258796692,4.4
5100,1.428441047668457,4.4
5101,1.4284421801567078,4.4
5102,1.428681194782257,4.4
5103,1.428969144821167,4.4
5104,1.429179310798645,4.4
5105,1.4292293190956116,4.5
5106,1.429263412952423,4.5
5107,1.4293000102043152,4.5
5108,1.429751455783844,4.5
5109,1.4297672510147095,4.5
5110,1.4301462173461914,4.5
5111,1.4303718209266663,4.5
5112,1.4304624795913696,4.5
5113,1.4306238889694214,4.5
5114,1.4306663274765015,4.5
5115,1.4307985305786133,4.5
5116,1.430854320526123,4.5
5117,1.4308956265449524,4.5
5118,1.4309238195419312,4.5
5119,1.4309611916542053,4.5
5120,1.4311248064041138,4.5
5121,1.4315027594566345,4.5
5122,1.4318182468414307,4.5
5123,1.431863784790039,4.5
5124,1.4319074749946594,4.5
5125,1.4319733381271362,4.5
5126,1.4320186376571655,4.5
5127,1.4320440292358398,4.5
5128,1.4320599436759949,4.5
5129,1.4320627450942993,4.5
5130,1.4320802092552185,4.5
5131,1.4321587085723877,4.5
5132,1.432304859161377,4.5
5133,1.4325118660926819,4.5
5134,1.4325451254844666,4.5
5135,1.4326511025428772,4.5
5136,1.4330043196678162,4.5
5137,1.4331634640693665,4.5
5138,1.433663785457611,4.5
5139,1.4336715340614319,4.5
5140,1.433836042881012,4.5
5141,1.4346382021903992,4.5
5142,1.4352025985717773,4.5
5143,1.4352348446846008,4.5
5144,1.4358775615692139,4.5
5145,1.43591970205307,4.5
5146,1.4359300136566162,4.5
5147,1.435949444770813,4.5
5148,1.4359744191169739,4.5
5149,1.4360748529434204,4.5
5150,1.4361417889595032,4.5
5151,1.4361642003059387,4.5
5152,1.4361684322357178,4.5
5153,1.4364274740219116,4.5
5154,1.4366861581802368,4.5
5155,1.436750888824463,4.5
5156,1.4370181560516357,4.5
5157,1.437304973602295,4.5
5158,1.4373635053634644,4.5
5159,1.4377633333206177,4.5
5160,1.4378383159637451,4.5
5161,1.4380242824554443,4.5
5162,1.438191294670105,4.5
5163,1.4383028745651245,4.5
5164,1.4383384585380554,4.5
5165,1.4385695457458496,4.5
5166,1.438758909702301,4.5
5167,1.4388834834098816,4.5
5168,1.4389480948448181,4.5
5169,1.4395584464073181,4.5
5170,1.4396636486053467,4.5
5171,1.4396821856498718,4.5
5172,1.4401952624320984,4.5
5173,1.4402397274971008,4.5
5174,1.4407325387001038,4.5
5175,1.4407742619514465,4.5
5176,1.440865397453308,4.5
5177,1.4408685564994812,4.5
5178,1.4410955309867859,4.5
5179,1.441342830657959,4.5
5180,1.4414799809455872,4.5
5181,1.4415039420127869,4.5
5182,1.44183349609375,4.5
5183,1.4419183135032654,4.5
5184,1.441982626914978,4.5
5185,1.4420801997184753,4.5
5186,1.4423246383666992,4.5
5187,1.4424206614494324,4.5
5188,1.4425597786903381,4.5
5189,1.4425952434539795,4.5
5190,1.4427218437194824,4.5
5191,1.4427433609962463,4.5
5192,1.4427748322486877,4.5
5193,1.4429543018341064,4.5
5194,1.443049669265747,4.5
5195,1.4432136416435242,4.5
5196,1.443332314491272,4.5
5197,1.4435271620750427,4.5
5198,1.443867027759552,4.5
5199,1.443869948387146,4.5
5200,1.4442248344421387,4.5
5201,1.444246530532837,4.5
5202,1.4442578554153442,4.5
5203,1.444337248802185,4.5
5204,1.4443638324737549,4.5
5205,1.4444681406021118,4.5
5206,1.4445068836212158,4.5
5207,1.4445313811302185,4.5
5208,1.4451007843017578,4.5
5209,1.4457356333732605,4.5
5210,1.4463310837745667,4.5
5211,1.4463396072387695,4.5
5212,1.4466725587844849,4.5
5213,1.446801245212555,4.5
5214,1.446903645992279,4.5
5215,1.447067141532898,4.5
5216,1.4471983909606934,4.5
5217,1.4475125670433044,4.5
5218,1.4475263953208923,4.5
5219,1.4477354288101196,4.5
5220,1.447970986366272,4.5
5221,1.4479832649230957,4.5
5222,1.4481106400489807,4.5
5223,1.4484186172485352,4.5
5224,1.4488208889961243,4.5
5225,1.4488599300384521,4.5
5226,1.448988676071167,4.5
5227,1.4492716789245605,4.5
5228,1.4493041634559631,4.5
5229,1.449478566646576,4.5
5230,1.4496435523033142,4.5
5231,1.4498571753501892,4.5
5232,1.4498713612556458,4.5
5233,1.450234293937683,4.5
5234,1.4503608345985413,4.5
5235,1.4504656195640564,4.5
5236,1.4504727721214294,4.5
5237,1.4505377411842346,4.5
5238,1.4505473375320435,4.5
5239,1.4505975842475891,4.5
5240,1.4508443474769592,4.5
5241,1.4510433077812195,4.5
5242,1.4511487483978271,4.5
5243,1.4511778950691223,4.5
5244,1.4511955976486206,4.5
5245,1.4517298340797424,4.6
5246,1.4517869353294373,4.6
5247,1.4521569609642029,4.6
5248,1.4521681666374207,4.6
5249,1.4521867632865906,4.6
5250,1.4523457884788513,4.6
5251,1.4524585008621216,4.6
5252,1.4526754021644592,4.6
5253,1.45271497964859,4.6
5254,1.4530085325241089,4.6
5255,1.4531516432762146,4.6
5256,1.4533108472824097,4.6
5257,1.4533172249794006,4.6
5258,1.4535998702049255,4.6
5259,1.4538311958312988,4.6
5260,1.4540157914161682,4.6
5261,1.454056739807129,4.6
5262,1.4540939331054688,4.6
5263,1.4544162154197693,4.6
5264,1.454432487487793,4.6
5265,1.4545332789421082,4.6
5266,1.4546364545822144,4.6
5267,1.4546581506729126,4.6
5268,1.4550883173942566,4.6
5269,1.4553021788597107,4.6
5270,1.4553398489952087,4.6
5271,1.4554500579833984,4.6
5272,1.4555652737617493,4.6
5273,1.4556297659873962,4.6
5274,1.455759882926941,4.6
5275,1.455999732017517,4.6
5276,1.4561798572540283,4.6
5277,1.4563472270965576,4.6
5278,1.4563555121421814,4.6
5279,1.4564492106437683,4.6
5280,1.4564912915229797,4.6
5281,1.4566987752914429,4.6
5282,1.4568939805030823,4.6
5283,1.4569518566131592,4.6
5284,1.4573317170143127,4.6
5285,1.4574007987976074,4.6
5286,1.4575257897377014,4.6
5287,1.4575483202934265,4.6
5288,1.4576739072799683,4.6
5289,1.4577391743659973,4.6
5290,1.4577515125274658,4.6
5291,1.4578495025634766,4.6
5292,1.457933247089386,4.6
5293,1.458109736442566,4.6
5294,1.458137571811676,4.6
5295,1.458366572856903,4.6
5296,1.458408236503601,4.6
5297,1.4584120512008667,4.6
5298,1.4587258696556091,4.6
5299,1.45889413356781,4.6
5300,1.4591306447982788,4.6
5301,1.4591357707977295,4.6
5302,1.4595359563827515,4.6
5303,1.459729015827179,4.6
5304,1.4597328305244446,4.6
5305,1.4602661728858948,4.6
5306,1.4604021310806274,4.6
5307,1.4604354500770569,4.6
5308,1.4605141878128052,4.6
5309,1.4605863690376282,4.6
5310,1.46058851480484,4.6
5311,1.4607393741607666,4.6
5312,1.4607754349708557,4.6
5313,1.4607864618301392,4.6
5314,1.461032211780548,4.6
5315,1.4611225128173828,4.6
5316,1.461182415485382,4.6
5317,1.4611941576004028,4.6
5318,1.4614161252975464,4.6
5319,1.4616179466247559,4.6
5320,1.4618390202522278,4.6
5321,1.4618512392044067,4.6
5322,1.4618713855743408,4.6
5323,1.4619324803352356,4.6
5324,1.462363064289093,4.6
5325,1.4624517560005188,4.6
5326,1.4625468254089355,4.6
5327,1.4626798033714294,4.6
5328,1.4632194638252258,4.6
5329,1.4632524251937866,4.6
5330,1.4635608196258545,4.6
5331,1.4636239409446716,4.6
5332,1.4637871980667114,4.6
5333,1.4639355540275574,4.6
5334,1.4641165137290955,4.6
5335,1.4646838903427124,4.6
5336,1.4648112654685974,4.6
5337,1.4648215174674988,4.6
5338,1.464865267276764,4.6
5339,1.4649349451065063,4.6
5340,1.4650167226791382,4.6
5341,1.4651965498924255,4.6
5342,1.4654591083526611,4.6
5343,1.4655853509902954,4.6
5344,1.4656386971473694,4.6
5345,1.466595709323883,4.6
5346,1.466612696647644,4.6
5347,1.4668515920639038,4.6
5348,1.466869056224823,4.6
5349,1.4670311212539673,4.6
5350,1.467054009437561,4.7
5351,1.4671044945716858,4.7
5352,1.4671702980995178,4.7
5353,1.467518150806427,4.7
5354,1.4677108526229858,4.7
5355,1.4678838849067688,4.7
5356,1.4679973721504211,4.7
5357,1.468024730682373,4.7
5358,1.4681063294410706,4.7
5359,1.4684649109840393,4.7
5360,1.4684877395629883,4.7
5361,1.468538522720337,4.7
5362,1.4685728549957275,4.7
5363,1.4687191843986511,4.7
5364,1.468881368637085,4.7
5365,1.4689520001411438,4.7
5366,1.4689791798591614,4.7
5367,1.4690359234809875,4.7
5368,1.4691834449768066,4.7
5369,1.4692041873931885,4.7
5370,1.469375491142273,4.7
5371,1.469582438468933,4.7
5372,1.469691276550293,4.7
5373,1.4698034524917603,4.7
5374,1.469822108745575,4.7
5375,1.4698261618614197,4.7
5376,1.4698659777641296,4.7
5377,1.4700835943222046,4.7
5378,1.470104992389679,4.7
5379,1.4703723788261414,4.7
5380,1.4704177975654602,4.7
5381,1.4704492688179016,4.7
5382,1.4709474444389343,4.7
5383,1.4712048172950745,4.7
5384,1.4712193608283997,4.7
5385,1.4713213443756104,4.7
5386,1.4717268347740173,4.7
5387,1.4718601703643799,4.7
5388,1.4720645546913147,4.7
5389,1.4720657467842102,4.7
5390,1.4720990657806396,4.7
5391,1.4721959233283997,4.7
5392,1.472300410270691,4.7
5393,1.472699224948883,4.7
5394,1.472870111465454,4.7
5395,1.4731634259223938,4.7
5396,1.4734700322151184,4.7
5397,1.4737657308578491,4.7
5398,1.4737921357154846,4.7
5399,1.4739570617675781,4.7
5400,1.4739747047424316,4.7
5401,1.4741441011428833,4.7
5402,1.474279522895813,4.7
5403,1.4744343161582947,4.7
5404,1.4744365215301514,4.7
5405,1.4744579195976257,4.7
5406,1.474500298500061,4.7
5407,1.4745748043060303,4.7
5408,1.4745796918869019,4.7
5409,1.4746533632278442,4.7
5410,1.4749083518981934,4.7
5411,1.4749143719673157,4.7
5412,1.4749992489814758,4.7
5413,1.475024938583374,4.7
5414,1.475048542022705,4.7
5415,1.4751585125923157,4.7
5416,1.4752700924873352,4.7
5417,1.475285291671753,4.7
5418,1.4753292798995972,4.7
5419,1.4755854606628418,4.7
5420,1.475652813911438,4.7
5421,1.4757758378982544,4.7
5422,1.4759975671768188,4.7
5423,1.4761093258857727,4.7
5424,1.4761667251586914,4.7
5425,1.4761797189712524,4.7
5426,1.4762375354766846,4.7
5427,1.476349413394928,4.7
5428,1.4763899445533752,4.7
5429,1.4766793847084045,4.7
5430,1.4772840738296509,4.7
5431,1.4772918820381165,4.7
5432,1.477463960647583,4.7
5433,1.4775184988975525,4.7
5434,1.4775259494781494,4.7
5435,1.4776669144630432,4.7
5436,1.477717936038971,4.7
5437,1.477996289730072,4.7
5438,1.4785575866699219,4.7
5439,1.4786773920059204,4.7
5440,1.4787335991859436,4.7
5441,1.478956937789917,4.7
5442,1.4789941310882568,4.7
5443,1.4790571928024292,4.7
5444,1.4790819883346558,4.7
5445,1.4792156219482422,4.7
5446,1.47922682762146,4.7
5447,1.4792548418045044,4.7
5448,1.4793493151664734,4.7
5449,1.47942054271698,4.7
5450,1.479526162147522,4.7
5451,1.479779064655304,4.7
5452,1.4798318147659302,4.7
5453,1.4799908995628357,4.7
5454,1.4800089597702026,4.7
5455,1.4800177812576294,4.7
5456,1.4800258874893188,4.8
5457,1.480026125907898,4.8
5458,1.480206549167633,4.8
5459,1.4804148077964783,4.8
5460,1.4805138111114502,4.8
5461,1.48052316904068,4.8
5462,1.4807164072990417,4.8
5463,1.4809681177139282,4.8
5464,1.48097163438797,4.8
5465,1.480987548828125,4.8
5466,1.481062889099121,4.8
5467,1.4810997247695923,4.8
5468,1.48111230134964,4.8
5469,1.4811484813690186,4.8
5470,1.4811968803405762,4.8
5471,1.4812569618225098,4.8
5472,1.4814445972442627,4.8
5473,1.4815471172332764,4.8
5474,1.4815704226493835,4.8
5475,1.4816145300865173,4.8
5476,1.481662094593048,4.8
5477,1.481754720211029,4.8
5478,1.4820500612258911,4.8
5479,1.482129156589508,4.8
5480,1.482780635356903,4.8
5481,1.4828515648841858,4.8
5482,1.4835092425346375,4.8
5483,1.4835596680641174,4.8
5484,1.4835684299468994,4.8
5485,1.4836729168891907,4.8
5486,1.4837154746055603,4.8
5487,1.483792245388031,4.8
5488,1.483917772769928,4.8
5489,1.484117567539215,4.8
5490,1.4841904640197754,4.8
5491,1.4842016100883484,4.8
5492,1.48422771692276,4.8
5493,1.4843959212303162,4.8
5494,1.4844054579734802,4.8
5495,1.4844329953193665,4.8
5496,1.4844417572021484,4.8
5497,1.4852316975593567,4.8
5498,1.4854483604431152,4.8
5499,1.4855089783668518,4.8
5500,1.4856063723564148,4.8
5501,1.4857088327407837,4.8
5502,1.4860206246376038,4.8
5503,1.4860293865203857,4.8
5504,1.4862996935844421,4.8
5505,1.486351191997528,4.8
5506,1.486597716808319,4.8
5507,1.4870826601982117,4.8
5508,1.4873664379119873,4.8
5509,1.4875966310501099,4.8
5510,1.4876294136047363,4.8
5511,1.4876366257667542,4.8
5512,1.488203763961792,4.8
5513,1.4882851839065552,4.8
5514,1.4884970784187317,4.8
5515,1.4885735511779785,4.8
5516,1.4887518882751465,4.8
5517,1.488845944404602,4.8
5518,1.48892480134964,4.8
5519,1.489234983921051,4.8
5520,1.4892768859863281,4.8
5521,1.4892772436141968,4.8
5522,1.4893794655799866,4.8
5523,1.489478886127472,4.8
5524,1.4895055294036865,4.8
5525,1.4897016882896423,4.8
5526,1.4900410771369934,4.8
5527,1.4902139902114868,4.8
5528,1.4904163479804993,4.8
5529,1.4905999898910522,4.8
5530,1.4912485480308533,4.8
5531,1.49144047498703,4.8
5532,1.4916314482688904,4.8
5533,1.491844117641449,4.8
5534,1.491882562637329,4.8
5535,1.4919281601905823,4.8
5536,1.492054283618927,4.8
5537,1.49220210313797,4.8
5538,1.4926472306251526,4.8
5539,1.4926989078521729,4.8
5540,1.4928200244903564,4.8
5541,1.49308443069458,4.8
5542,1.4931150674819946,4.8
5543,1.4931654930114746,4.8
5544,1.4933008551597595,4.8
5545,1.4933841824531555,4.8
5546,1.4934239387512207,4.8
5547,1.4936129450798035,4.8
5548,1.4936712384223938,4.8
5549,1.49380761384964,4.8
5550,1.4938126802444458,4.8
5551,1.4942623376846313,4.8
5552,1.49452543258667,4.8
5553,1.4946661591529846,4.8
5554,1.4947907328605652,4.8
5555,1.4950324892997742,4.8
5556,1.4951027035713196,4.8
5557,1.4951503276824951,4.8
5558,1.495241641998291,4.8
5559,1.4954386949539185,4.8
5560,1.4957866668701172,4.8
5561,1.495933711528778,4.8
5562,1.496047556400299,4.8
5563,1.4963050484657288,4.8
5564,1.496603548526764,4.8
5565,1.496875822544098,4.8
5566,1.4970654249191284,4.8
5567,1.497138261795044,4.8
5568,1.497154951095581,4.8
5569,1.4974092841148376,4.9
5570,1.4975097179412842,4.9
5571,1.4975706934928894,4.9
5572,1.4980868697166443,4.9
5573,1.498371422290802,4.9
5574,1.4986695647239685,4.9
5575,1.4986762404441833,4.9
5576,1.4988856315612793,4.9
5577,1.49896240234375,4.9
5578,1.499427855014801,4.9
5579,1.4997047781944275,4.9
5580,1.49984610080719,4.9
5581,1.5000667572021484,4.9
5582,1.5003136992454529,4.9
5583,1.500475823879242,4.9
5584,1.500755786895752,4.9
5585,1.5007742047309875,4.9
5586,1.5007896423339844,4.9
5587,1.5009803771972656,4.9
5588,1.5010578632354736,4.9
5589,1.501269519329071,4.9
5590,1.5012721419334412,4.9
5591,1.5016400814056396,4.9
5592,1.5018687844276428,4.9
5593,1.5019263625144958,4.9
5594,1.5020562410354614,4.9
5595,1.5027818083763123,4.9
5596,1.502823829650879,4.9
5597,1.5028291940689087,4.9
5598,1.5029579997062683,4.9
5599,1.5029688477516174,4.9
5600,1.5030068159103394,4.9
5601,1.5032866597175598,4.9
5602,1.5034979581832886,4.9
5603,1.5035174489021301,4.9
5604,1.503622829914093,4.9
5605,1.5038158297538757,4.9
5606,1.503839910030365,4.9
5607,1.5042078495025635,4.9
5608,1.5042853951454163,4.9
5609,1.504438877105713,4.9
5610,1.5048112273216248,4.9
5611,1.5048477053642273,4.9
5612,1.5051230788230896,4.9
5613,1.5051470398902893,4.9
5614,1.505218505859375,4.9
5615,1.5052354335784912,4.9
5616,1.5053343176841736,4.9
5617,1.5056837797164917,4.9
5618,1.5057673454284668,4.9
5619,1.505873441696167,4.9
5620,1.5059924721717834,4.9
5621,1.506320595741272,4.9
5622,1.5063706040382385,4.9
5623,1.5064632296562195,4.9
5624,1.5065627694129944,4.9
5625,1.5066553950309753,4.9
5626,1.5067172646522522,4.9
5627,1.5067461729049683,4.9
5628,1.5068081617355347,4.9
5629,1.5068238973617554,4.9
5630,1.5068337321281433,4.9
5631,1.5069278478622437,4.9
5632,1.507493793964386,4.9
5633,1.5078237056732178,4.9
5634,1.5080627799034119,4.9
5635,1.5080878138542175,4.9
5636,1.5081554055213928,4.9
5637,1.5082380771636963,4.9
5638,1.5082957744598389,4.9
5639,1.5086323618888855,4.9
5640,1.5090410709381104,4.9
5641,1.5090917944908142,4.9
5642,1.5091920495033264,4.9
5643,1.5094075798988342,4.9
5644,1.5096650123596191,4.9
5645,1.509802520275116,4.9
5646,1.5099989175796509,4.9
5647,1.5108559727668762,4.9
5648,1.5109400153160095,4.9
5649,1.5111541152000427,4.9
5650,1.5113445520401,4.9
5651,1.5114155411720276,5.0
5652,1.5115901231765747,5.0
5653,1.5117446780204773,5.0
5654,1.5118488073349,5.0
5655,1.5120203495025635,5.0
5656,1.5122434496879578,5.0
5657,1.5123482942581177,5.0
5658,1.5126333832740784,5.0
5659,1.5132638812065125,5.0
5660,1.513379156589508,5.0
5661,1.5133959650993347,5.0
5662,1.513672113418579,5.0
5663,1.513780951499939,5.0
5664,1.5138044357299805,5.0
5665,1.5140520930290222,5.0
5666,1.5142245292663574,5.0
5667,1.5143023133277893,5.0
5668,1.5143164992332458,5.0
5669,1.5145291686058044,5.0
5670,1.51493501663208,5.0
5671,1.5149744153022766,5.0
5672,1.5152034163475037,5.0
5673,1.515303134918213,5.0
5674,1.515350103378296,5.0
5675,1.5153632760047913,5.0
5676,1.5153906345367432,5.0
5677,1.5156322121620178,5.0
5678,1.5157703757286072,5.0
5679,1.5158694982528687,5.0
5680,1.5159048438072205,5.0
5681,1.5161131024360657,5.0
5682,1.5161402225494385,5.0
5683,1.5165262818336487,5.0
5684,1.516572654247284,5.0
5685,1.5166137218475342,5.0
5686,1.5167545676231384,5.0
5687,1.517008364200592,5.0
5688,1.517124891281128,5.0
5689,1.5174784660339355,5.0
5690,1.5175517797470093,5.0
5691,1.5175657868385315,5.0
5692,1.5179676413536072,5.0
5693,1.5182035565376282,5.0
5694,1.518429160118103,5.0
5695,1.5188958048820496,5.0
5696,1.5189002752304077,5.0
5697,1.519005000591278,5.0
5698,1.519157350063324,5.0
5699,1.5198039412498474,5.0
5700,1.5199192762374878,5.0
5701,1.520117700099945,5.0
5702,1.5205621719360352,5.0
5703,1.5208447575569153,5.0
5704,1.5209932923316956,5.0
5705,1.5210008025169373,5.0
5706,1.521245539188385,5.0
5707,1.5212761759757996,5.0
5708,1.521316647529602,5.0
5709,1.521321415901184,5.0
5710,1.521353304386139,5.0
5711,1.5214020013809204,5.0
5712,1.5218766331672668,5.0
5713,1.5219422578811646,5.0
5714,1.5219531059265137,5.0
5715,1.5220856070518494,5.0
5716,1.5222182273864746,5.0
5717,1.5228003859519958,5.0
5718,1.5228641629219055,5.0
5719,1.523013949394226,5.0
5720,1.5231794714927673,5.0
5721,1.5232335925102234,5.0
5722,1.5232603549957275,5.0
5723,1.5234771370887756,5.0
5724,1.5237822532653809,5.0
5725,1.5238769054412842,5.0
5726,1.524473249912262,5.0
5727,1.5246389508247375,5.0
5728,1.524685025215149,5.0
5729,1.5247058868408203,5.0
5730,1.524766206741333,5.0
5731,1.5248527526855469,5.0
5732,1.5249178409576416,5.0
5733,1.5249945521354675,5.0
5734,1.5249980688095093,5.0
5735,1.525037169456482,5.0
5736,1.5251615643501282,5.0
5737,1.5251942873001099,5.0
5738,1.5252399444580078,5.0
5739,1.525424301624298,5.0
5740,1.5254625082015991,5.0
5741,1.525726079940796,5.0
5742,1.5258570909500122,5.0
5743,1.5259138345718384,5.0
5744,1.5261945128440857,5.0
5745,1.5263193249702454,5.0
5746,1.527325987815857,5.0
5747,1.5274011492729187,5.0
5748,1.5274684429168701,5.0
5749,1.5276448726654053,5.0
5750,1.5278708338737488,5.0
5751,1.527879536151886,5.0
5752,1.5279256701469421,5.0
5753,1.5279867053031921,5.0
5754,1.5281578302383423,5.0
5755,1.5282065272331238,5.0
5756,1.5283581018447876,5.0
5757,1.52880197763443,5.0
5758,1.5292444825172424,5.0
5759,1.529363751411438,5.0
5760,1.5296194553375244,5.0
5761,1.5299168825149536,5.0
5762,1.5299696326255798,5.0
5763,1.5299732089042664,5.0
5764,1.5300110578536987,5.1
5765,1.530345380306244,5.1
5766,1.5303487181663513,5.1
5767,1.530392587184906,5.1
5768,1.5304394364356995,5.1
5769,1.5304911136627197,5.1
5770,1.530745506286621,5.1
5771,1.5310262441635132,5.1
5772,1.5310495495796204,5.1
5773,1.5311331152915955,5.1
5774,1.5313099026679993,5.1
5775,1.5313811898231506,5.1
5776,1.5314497351646423,5.1
5777,1.5315108895301819,5.1
5778,1.5316356420516968,5.1
5779,1.5316544771194458,5.1
5780,1.532031238079071,5.1
5781,1.532127022743225,5.1
5782,1.5322449803352356,5.1
5783,1.5324272513389587,5.1
5784,1.532439410686493,5.1
5785,1.5324482917785645,5.1
5786,1.53266179561615,5.1
5787,1.5329179167747498,5.1
5788,1.5329481363296509,5.1
5789,1.5329933166503906,5.1
5790,1.5333593487739563,5.1
5791,1.5334620475769043,5.1
5792,1.5337873101234436,5.1
5793,1.5338807702064514,5.1
5794,1.5341194868087769,5.1
5795,1.53413325548172,5.1
5796,1.5342438220977783,5.1
5797,1.5342824459075928,5.1
5798,1.5343713164329529,5.1
5799,1.534636914730072,5.1
5800,1.5347643494606018,5.1
5801,1.5348072052001953,5.1
5802,1.5349432826042175,5.1
5803,1.5350371599197388,5.1
5804,1.5354148745536804,5.1
5805,1.535510778427124,5.1
5806,1.5356465578079224,5.1
5807,1.5356477499008179,5.1
5808,1.535694658756256,5.1
5809,1.5358690023422241,5.1
5810,1.5359873175621033,5.1
5811,1.5361178517341614,5.1
5812,1.5369334816932678,5.1
5813,1.5370178818702698,5.1
5814,1.537043035030365,5.1
5815,1.5371446013450623,5.1
5816,1.5371849536895752,5.1
5817,1.5371966361999512,5.1
5818,1.5375125408172607,5.1
5819,1.5377636551856995,5.1
5820,1.538011908531189,5.1
5821,1.5380604267120361,5.1
5822,1.538203477859497,5.1
5823,1.5386855006217957,5.1
5824,1.5388219356536865,5.1
5825,1.5388904213905334,5.1
5826,1.538890540599823,5.1
5827,1.5391122102737427,5.1
5828,1.539134442806244,5.1
5829,1.5404099822044373,5.1
5830,1.5404846668243408,5.1
5831,1.5408446192741394,5.1
5832,1.5409425497055054,5.1
5833,1.5410348773002625,5.1
5834,1.5411962270736694,5.1
5835,1.5414624214172363,5.1
5836,1.5414752960205078,5.1
5837,1.5414921045303345,5.1
5838,1.5416006445884705,5.1
5839,1.541660487651825,5.1
5840,1.5416883826255798,5.1
5841,1.5419933199882507,5.1
5842,1.5422333478927612,5.1
5843,1.5423356294631958,5.1
5844,1.5423441529273987,5.1
5845,1.5425347685813904,5.1
5846,1.5428352355957031,5.1
5847,1.5431277751922607,5.1
5848,1.5431881546974182,5.1
5849,1.5435585975646973,5.1
5850,1.5436763167381287,5.1
5851,1.5437564849853516,5.1
5852,1.5437862873077393,5.2
5853,1.5439523458480835,5.2
5854,1.5444490909576416,5.2
5855,1.544535756111145,5.2
5856,1.5445646047592163,5.2
5857,1.545017957687378,5.2
5858,1.5453306436538696,5.2
5859,1.5453391075134277,5.2
5860,1.5453554391860962,5.2
5861,1.5453779101371765,5.2
5862,1.545406997203827,5.2
5863,1.5456177592277527,5.2
5864,1.5456451773643494,5.2
5865,1.5457813739776611,5.2
5866,1.5457949042320251,5.2
5867,1.545951008796692,5.2
5868,1.5461589097976685,5.2
5869,1.5465764999389648,5.2
5870,1.546864926815033,5.2
5871,1.5469792485237122,5.2
5872,1.5471676588058472,5.2
5873,1.5471895337104797,5.2
5874,1.547282338142395,5.2
5875,1.5476971864700317,5.2
5876,1.5478438138961792,5.2
5877,1.5479600429534912,5.2
5878,1.5481151342391968,5.2
5879,1.5481178760528564,5.2
5880,1.54818457365036,5.2
5881,1.5484418869018555,5.2
5882,1.5485472083091736,5.2
5883,1.5485718846321106,5.2
5884,1.548612892627716,5.2
5885,1.54861980676651,5.2
5886,1.5486409068107605,5.2
5887,1.5488047003746033,5.2
5888,1.548823595046997,5.2
5889,1.5489497780799866,5.2
5890,1.5491026043891907,5.2
5891,1.5493890643119812,5.2
5892,1.5495602488517761,5.2
5893,1.5496607422828674,5.2
5894,1.549684762954712,5.2
5895,1.5499403476715088,5.2
5896,1.5500210523605347,5.2
5897,1.550833523273468,5.2
5898,1.5511608123779297,5.2
5899,1.551835060119629,5.2
5900,1.5522212982177734,5.2
5901,1.5523167252540588,5.2
5902,1.5524033308029175,5.2
5903,1.5527897477149963,5.2
5904,1.55290687084198,5.2
5905,1.5530818104743958,5.2
5906,1.5531131625175476,5.2
5907,1.5532627701759338,5.2
5908,1.5533134937286377,5.2
5909,1.5533498525619507,5.2
5910,1.5534153580665588,5.2
5911,1.5534185767173767,5.2
5912,1.5537697076797485,5.2
5913,1.5541614890098572,5.2
5914,1.554273247718811,5.2
5915,1.5545227527618408,5.2
5916,1.5545934438705444,5.2
5917,1.554695188999176,5.2
5918,1.554833710193634,5.2
5919,1.554904282093048,5.2
5920,1.5550054907798767,5.2
5921,1.5551021695137024,5.2
5922,1.5552604794502258,5.2
5923,1.5556126236915588,5.2
5924,1.555747628211975,5.2
5925,1.5560305714607239,5.2
5926,1.5565690398216248,5.2
5927,1.557084858417511,5.2
5928,1.5574129223823547,5.2
5929,1.5576245784759521,5.2
5930,1.5577089190483093,5.2
5931,1.5577951669692993,5.2
5932,1.5578480958938599,5.2
5933,1.557928204536438,5.2
5934,1.5579620599746704,5.2
5935,1.5580375790596008,5.2
5936,1.5581226348876953,5.2
5937,1.5583356022834778,5.2
5938,1.5583590865135193,5.2
5939,1.5585122108459473,5.2
5940,1.5588167905807495,5.2
5941,1.558824896812439,5.2
5942,1.5590205192565918,5.2
5943,1.5590817332267761,5.2
5944,1.5592891573905945,5.2
5945,1.5593039989471436,5.2
5946,1.559443712234497,5.2
5947,1.5597429275512695,5.2
5948,1.5600005984306335,5.2
5949,1.5600237250328064,5.2
5950,1.5601052045822144,5.2
5951,1.560129165649414,5.2
5952,1.560504138469696,5.2
5953,1.5607316493988037,5.2
5954,1.5607720017433167,5.2
5955,1.5609712600708008,5.2
5956,1.5613069534301758,5.2
5957,1.5613738298416138,5.2
5958,1.5616124868392944,5.2
5959,1.5616291165351868,5.2
5960,1.561663269996643,5.2
5961,1.5617319345474243,5.3
5962,1.5618398785591125,5.3
5963,1.561850666999817,5.3
5964,1.5620673894882202,5.3
5965,1.5622462034225464,5.3
5966,1.5626841187477112,5.3
5967,1.5626932978630066,5.3
5968,1.5628210306167603,5.3
5969,1.562933623790741,5.3
5970,1.5631281733512878,5.3
5971,1.5633370280265808,5.3
5972,1.563652753829956,5.3
5973,1.5637677311897278,5.3
5974,1.563935399055481,5.3
5975,1.564441740512848,5.3
5976,1.5644547939300537,5.3
5977,1.5646750330924988,5.3
5978,1.5648357272148132,5.3
5979,1.5648993253707886,5.3
5980,1.5649091005325317,5.3
5981,1.5649834871292114,5.3
5982,1.5652064085006714,5.3
5983,1.5653537511825562,5.3
5984,1.5657087564468384,5.3
5985,1.5662840604782104,5.3
5986,1.5664069652557373,5.3
5987,1.5666549801826477,5.3
5988,1.5668107867240906,5.3
5989,1.5672317147254944,5.3
5990,1.5672336220741272,5.3
5991,1.5673398971557617,5.3
5992,1.5673681497573853,5.3
5993,1.5674922466278076,5.3
5994,1.567545771598816,5.3
5995,1.5676569938659668,5.3
5996,1.567758560180664,5.3
5997,1.567783236503601,5.3
5998,1.5680288672447205,5.3
5999,1.5682376027107239,5.3
6000,1.5686976909637451,5.3
6001,1.5687179565429688,5.3
6002,1.5687947273254395,5.3
6003,1.5692428350448608,5.3
6004,1.569286584854126,5.3
6005,1.5695645213127136,5.3
6006,1.5696104764938354,5.3
6007,1.5696455240249634,5.3
6008,1.570028841495514,5.3
6009,1.5705416798591614,5.3
6010,1.5706017017364502,5.3
6011,1.5707055926322937,5.3
6012,1.57071053981781,5.3
6013,1.571152150630951,5.3
6014,1.571250855922699,5.3
6015,1.571508765220642,5.3
6016,1.5716109871864319,5.3
6017,1.5725116729736328,5.3
6018,1.5727296471595764,5.3
6019,1.5727460980415344,5.3
6020,1.5728865265846252,5.3
6021,1.5728986263275146,5.3
6022,1.572984218597412,5.3
6023,1.5734131932258606,5.3
6024,1.5734677910804749,5.3
6025,1.5735275745391846,5.3
6026,1.573850691318512,5.3
6027,1.5739152431488037,5.3
6028,1.5739721655845642,5.3
6029,1.574468970298767,5.3
6030,1.5748242139816284,5.3
6031,1.5751404166221619,5.3
6032,1.5751527547836304,5.3
6033,1.5753418803215027,5.3
6034,1.5753999948501587,5.3
6035,1.5754876136779785,5.3
6036,1.5756654143333435,5.3
6037,1.5759947299957275,5.3
6038,1.5760218501091003,5.3
6039,1.576028287410736,5.3
6040,1.5765210390090942,5.3
6041,1.5769092440605164,5.3
6042,1.577227771282196,5.3
6043,1.5774913430213928,5.3
6044,1.57756108045578,5.3
6045,1.5775720477104187,5.3
6046,1.5776137709617615,5.3
6047,1.5778744220733643,5.3
6048,1.5779136419296265,5.3
6049,1.577915072441101,5.3
6050,1.578169345855713,5.3
6051,1.5783730745315552,5.3
6052,1.5785059928894043,5.3
6053,1.578533113002777,5.3
6054,1.5786884427070618,5.3
6055,1.5787569284439087,5.3
6056,1.578765094280243,5.3
6057,1.5792909860610962,5.3
6058,1.5793103575706482,5.3
6059,1.5793838500976562,5.3
6060,1.5796722173690796,5.3
6061,1.5797932147979736,5.3
6062,1.5799726247787476,5.3
6063,1.580328345298767,5.3
6064,1.580757200717926,5.3
6065,1.5807930827140808,5.3
6066,1.580906331539154,5.4
6067,1.581446886062622,5.4
6068,1.5815067887306213,5.4
6069,1.5816505551338196,5.4
6070,1.5817380547523499,5.4
6071,1.5822378396987915,5.4
6072,1.5822942852973938,5.4
6073,1.5824050903320312,5.4
6074,1.5828875303268433,5.4
6075,1.583111047744751,5.4
6076,1.5831862092018127,5.4
6077,1.583222210407257,5.4
6078,1.5835347175598145,5.4
6079,1.5836703181266785,5.4
6080,1.5840498805046082,5.4
6081,1.5841065049171448,5.4
6082,1.584238052368164,5.4
6083,1.584446370601654,5.4
6084,1.584449589252472,5.4
6085,1.5846500992774963,5.4
6086,1.58468359708786,5.4
6087,1.5849096775054932,5.4
6088,1.5849509239196777,5.4
6089,1.5849899649620056,5.4
6090,1.585224688053131,5.4
6091,1.585612952709198,5.4
6092,1.5857241749763489,5.4
6093,1.585815191268921,5.4
6094,1.585872232913971,5.4
6095,1.5860649347305298,5.4
6096,1.5861384868621826,5.4
6097,1.5862811207771301,5.4
6098,1.5864959955215454,5.4
6099,1.586751103401184,5.4
6100,1.5867644548416138,5.4
6101,1.587230920791626,5.4
6102,1.5872876048088074,5.4
6103,1.5872900485992432,5.4
6104,1.5874531865119934,5.4
6105,1.5874589085578918,5.4
6106,1.5875985026359558,5.4
6107,1.587614119052887,5.4
6108,1.5876766443252563,5.4
6109,1.5879989862442017,5.4
6110,1.5880644917488098,5.4
6111,1.588240385055542,5.4
6112,1.5884548425674438,5.4
6113,1.5884711742401123,5.4
6114,1.5885541439056396,5.4
6115,1.58859521150589,5.4
6116,1.5885985493659973,5.4
6117,1.5886685848236084,5.4
6118,1.5890772342681885,5.4
6119,1.5890781879425049,5.4
6120,1.5891488194465637,5.4
6121,1.5892392992973328,5.4
6122,1.5894792079925537,5.4
6123,1.5895556211471558,5.4
6124,1.5896932482719421,5.4
6125,1.589860737323761,5.4
6126,1.589869201183319,5.4
6127,1.5900286436080933,5.4
6128,1.590312123298645,5.4
6129,1.5903717279434204,5.4
6130,1.5904099941253662,5.4
6131,1.5906322002410889,5.4
6132,1.5908841490745544,5.4
6133,1.5908907055854797,5.4
6134,1.5909209847450256,5.4
6135,1.591317355632782,5.4
6136,1.591362714767456,5.4
6137,1.5915074944496155,5.4
6138,1.5917204022407532,5.4
6139,1.5920445322990417,5.4
6140,1.592143476009369,5.4
6141,1.592174768447876,5.4
6142,1.5922751426696777,5.4
6143,1.592416763305664,5.4
6144,1.5925363898277283,5.4
6145,1.5926921367645264,5.4
6146,1.5927729606628418,5.4
6147,1.5932700634002686,5.4
6148,1.593321144580841,5.4
6149,1.593542456626892,5.4
6150,1.5935513973236084,5.4
6151,1.5935578346252441,5.4
6152,1.5940346717834473,5.4
6153,1.5940481424331665,5.4
6154,1.594319999217987,5.4
6155,1.5946813821792603,5.4
6156,1.5950458645820618,5.4
6157,1.595072865486145,5.4
6158,1.595468819141388,5.4
6159,1.5955259799957275,5.4
6160,1.595759391784668,5.4
6161,1.5957913994789124,5.4
6162,1.59583181142807,5.4
6163,1.595920979976654,5.5
6164,1.5960399508476257,5.5
6165,1.596259891986847,5.5
6166,1.5965213775634766,5.5
6167,1.5966054201126099,5.5
6168,1.5967418551445007,5.5
6169,1.5968950986862183,5.5
6170,1.5969361662864685,5.5
6171,1.597141146659851,5.5
6172,1.5971500277519226,5.5
6173,1.5971873998641968,5.5
6174,1.597234308719635,5.5
6175,1.5973750352859497,5.5
6176,1.5974081158638,5.5
6177,1.5974772572517395,5.5
6178,1.5975821614265442,5.5
6179,1.5978235006332397,5.5
6180,1.5978749990463257,5.5
6181,1.597879409790039,5.5
6182,1.597885012626648,5.5
6183,1.5980510115623474,5.5
6184,1.5986397862434387,5.5
6185,1.598664402961731,5.5
6186,1.5987694263458252,5.5
6187,1.5988627076148987,5.5
6188,1.598983108997345,5.5
6189,1.5990423560142517,5.5
6190,1.5990581512451172,5.5
6191,1.5990891456604004,5.5
6192,1.599163830280304,5.5
6193,1.599749743938446,5.5
6194,1.6000843048095703,5.5
6195,1.600674331188202,5.5
6196,1.6007525324821472,5.5
6197,1.6011735200881958,5.5
6198,1.6014786958694458,5.5
6199,1.6015092730522156,5.5
6200,1.6015342473983765,5.5
6201,1.6015753149986267,5.5
6202,1.6017307043075562,5.5
6203,1.6020935773849487,5.5
6204,1.6024705171585083,5.5
6205,1.6026505827903748,5.5
6206,1.602861762046814,5.5
6207,1.6028798818588257,5.5
6208,1.6028894782066345,5.5
6209,1.6029158234596252,5.5
6210,1.6029210686683655,5.5
6211,1.602982997894287,5.5
6212,1.6032363176345825,5.5
6213,1.6033321022987366,5.5
6214,1.6035170555114746,5.5
6215,1.6035937666893005,5.5
6216,1.603998839855194,5.5
6217,1.60403710603714,5.5
6218,1.604211151599884,5.5
6219,1.604417860507965,5.5
6220,1.6045083403587341,5.5
6221,1.605477511882782,5.5
6222,1.6056965589523315,5.5
6223,1.6057013273239136,5.5
6224,1.6062664985656738,5.5
6225,1.6062781810760498,5.5
6226,1.6063543558120728,5.5
6227,1.6064602732658386,5.5
6228,1.6064887642860413,5.5
6229,1.607456624507904,5.5
6230,1.6077638268470764,5.5
6231,1.6078607439994812,5.5
6232,1.607938289642334,5.5
6233,1.6084225177764893,5.5
6234,1.6084423065185547,5.5
6235,1.6089208126068115,5.5
6236,1.6089982390403748,5.5
6237,1.6090688109397888,5.5
6238,1.6094725728034973,5.5
6239,1.6095334887504578,5.5
6240,1.6095558404922485,5.5
6241,1.6096553206443787,5.5
6242,1.6098498106002808,5.5
6243,1.609902560710907,5.5
6244,1.6101426482200623,5.5
6245,1.6103349328041077,5.5
6246,1.6103843450546265,5.5
6247,1.6104933023452759,5.5
6248,1.6106817722320557,5.5
6249,1.6107180714607239,5.5
6250,1.6109111905097961,5.5
6251,1.6109800934791565,5.5
6252,1.6110963225364685,5.5
6253,1.6111418008804321,5.5
6254,1.6111572980880737,5.5
6255,1.611396849155426,5.5
6256,1.6114688515663147,5.5
6257,1.6116834878921509,5.5
6258,1.6120397448539734,5.5
6259,1.6121086478233337,5.5
6260,1.612224042415619,5.5
6261,1.612349808216095,5.5
6262,1.6123734712600708,5.5
6263,1.612395167350769,5.5
6264,1.6125627756118774,5.5
6265,1.6126884818077087,5.5
6266,1.6129682064056396,5.5
6267,1.613070785999298,5.5
6268,1.6132528185844421,5.5
6269,1.613281488418579,5.5
6270,1.6135637760162354,5.5
6271,1.6135891675949097,5.5
6272,1.6136911511421204,5.5
6273,1.6137191653251648,5.5
6274,1.614348828792572,5.6
6275,1.614429235458374,5.6
6276,1.6145464777946472,5.6
6277,1.6145641803741455,5.6
6278,1.614805281162262,5.6
6279,1.6151695251464844,5.6
6280,1.6152039766311646,5.6
6281,1.6152099967002869,5.6
6282,1.61521315574646,5.6
6283,1.6155235767364502,5.6
6284,1.6156181693077087,5.6
6285,1.6158372163772583,5.6
6286,1.6159728169441223,5.6
6287,1.6160231232643127,5.6
6288,1.6162503957748413,5.6
6289,1.6162959337234497,5.6
6290,1.6165817975997925,5.6
6291,1.6166478395462036,5.6
6292,1.616725206375122,5.6
6293,1.617093563079834,5.6
6294,1.6172426342964172,5.6
6295,1.6173512935638428,5.6
6296,1.6177999377250671,5.6
6297,1.6178463697433472,5.6
6298,1.6178577542304993,5.6
6299,1.6178838610649109,5.6
6300,1.6182221174240112,5.6
6301,1.618274211883545,5.6
6302,1.6185997128486633,5.6
6303,1.618645429611206,5.6
6304,1.6189457178115845,5.6
6305,1.6189845204353333,5.6
6306,1.6190924048423767,5.6
6307,1.6192960739135742,5.6
6308,1.619425117969513,5.6
6309,1.619506299495697,5.6
6310,1.619968295097351,5.6
6311,1.62003493309021,5.6
6312,1.6203309893608093,5.6
6313,1.6203779578208923,5.6
6314,1.6204586625099182,5.6
6315,1.620469868183136,5.6
6316,1.6205894351005554,5.6
6317,1.620614230632782,5.6
6318,1.620688796043396,5.6
6319,1.6210277080535889,5.6
6320,1.621069073677063,5.6
6321,1.6211512684822083,5.6
6322,1.621551513671875,5.6
6323,1.6216270327568054,5.6
6324,1.6216852068901062,5.6
6325,1.6216890215873718,5.6
6326,1.6218026280403137,5.6
6327,1.6218127012252808,5.6
6328,1.6218327283859253,5.6
6329,1.6219804883003235,5.6
6330,1.6220686435699463,5.6
6331,1.6225110292434692,5.6
6332,1.6226908564567566,5.6
6333,1.6235209703445435,5.6
6334,1.6235905289649963,5.6
6335,1.623966932296753,5.6
6336,1.6240825057029724,5.6
6337,1.6241016387939453,5.6
6338,1.624141812324524,5.6
6339,1.6241464018821716,5.6
6340,1.6241551637649536,5.6
6341,1.624229371547699,5.6
6342,1.6242523193359375,5.6
6343,1.624267816543579,5.6
6344,1.6243597865104675,5.6
6345,1.624856948852539,5.6
6346,1.6249271631240845,5.6
6347,1.6249715685844421,5.6
6348,1.6254161596298218,5.6
6349,1.6254575848579407,5.6
6350,1.625517189502716,5.6
6351,1.625588297843933,5.6
6352,1.6256839036941528,5.6
6353,1.6257252097129822,5.6
6354,1.6258244514465332,5.6
6355,1.626058042049408,5.6
6356,1.6263803839683533,5.6
6357,1.6263999938964844,5.7
6358,1.6274480819702148,5.7
6359,1.627454161643982,5.7
6360,1.6279088258743286,5.7
6361,1.6279222965240479,5.7
6362,1.628136396408081,5.7
6363,1.6285557746887207,5.7
6364,1.6285708546638489,5.7
6365,1.6287066340446472,5.7
6366,1.6287633776664734,5.7
6367,1.628793478012085,5.7
6368,1.6290044784545898,5.7
6369,1.6291683316230774,5.7
6370,1.629332721233368,5.7
6371,1.6295613050460815,5.7
6372,1.6295705437660217,5.7
6373,1.630035638809204,5.7
6374,1.6301820874214172,5.7
6375,1.6301828622817993,5.7
6376,1.6304187178611755,5.7
6377,1.6304640769958496,5.7
6378,1.6308427453041077,5.7
6379,1.6309014558792114,5.7
6380,1.6310307383537292,5.7
6381,1.6310837864875793,5.7
6382,1.6311290860176086,5.7
6383,1.6314098834991455,5.7
6384,1.6316556334495544,5.7
6385,1.6318695545196533,5.7
6386,1.631923496723175,5.7
6387,1.6320282220840454,5.7
6388,1.6321192383766174,5.7
6389,1.6322933435440063,5.7
6390,1.6323617100715637,5.7
6391,1.6323651671409607,5.7
6392,1.6323966979980469,5.7
6393,1.632837951183319,5.7
6394,1.6330896615982056,5.7
6395,1.6335694193840027,5.7
6396,1.6335909962654114,5.7
6397,1.6339903473854065,5.7
6398,1.6340320706367493,5.7
6399,1.6343397498130798,5.7
6400,1.6343457102775574,5.7
6401,1.6343892216682434,5.7
6402,1.6344023942947388,5.7
6403,1.6346501111984253,5.7
6404,1.6346747279167175,5.7
6405,1.6347354650497437,5.7
6406,1.634881854057312,5.7
6407,1.6351412534713745,5.7
6408,1.6355205178260803,5.7
6409,1.635526955127716,5.7
6410,1.6358285546302795,5.7
6411,1.6359074115753174,5.7
6412,1.6360833644866943,5.7
6413,1.6360918879508972,5.7
6414,1.6361380815505981,5.7
6415,1.6361951231956482,5.7
6416,1.6361952424049377,5.7
6417,1.636278748512268,5.7
6418,1.6368284821510315,5.7
6419,1.6370689868927002,5.7
6420,1.6371862888336182,5.7
6421,1.6373246908187866,5.7
6422,1.6373714208602905,5.7
6423,1.6375797390937805,5.7
6424,1.6379493474960327,5.7
6425,1.638442873954773,5.7
6426,1.6385751962661743,5.7
6427,1.6390541791915894,5.7
6428,1.6392300128936768,5.7
6429,1.6394917368888855,5.7
6430,1.6395118832588196,5.7
6431,1.6395962834358215,5.7
6432,1.6399285793304443,5.7
6433,1.6400022506713867,5.7
6434,1.640697181224823,5.7
6435,1.6407431364059448,5.7
6436,1.6407573223114014,5.7
6437,1.640963852405548,5.7
6438,1.6409778594970703,5.7
6439,1.6410056352615356,5.7
6440,1.6410383582115173,5.7
6441,1.641421914100647,5.7
6442,1.641463041305542,5.7
6443,1.6415214538574219,5.7
6444,1.6415809392929077,5.7
6445,1.6421692967414856,5.7
6446,1.642370879650116,5.7
6447,1.6423779129981995,5.7
6448,1.642433226108551,5.7
6449,1.642598032951355,5.7
6450,1.6426762342453003,5.7
6451,1.6428268551826477,5.7
6452,1.643066644668579,5.7
6453,1.6434943675994873,5.7
6454,1.6437057256698608,5.7
6455,1.644289493560791,5.7
6456,1.644525170326233,5.7
6457,1.6448791027069092,5.7
6458,1.6450626850128174,5.7
6459,1.645475149154663,5.7
6460,1.6455469131469727,5.7
6461,1.6459885239601135,5.7
6462,1.6462148427963257,5.7
6463,1.6468026638031006,5.7
6464,1.646891474723816,5.7
6465,1.646983802318573,5.7
6466,1.6475027799606323,5.7
6467,1.647536814212799,5.7
6468,1.647575855255127,5.7
6469,1.6476179361343384,5.7
6470,1.6477140188217163,5.7
6471,1.6478446125984192,5.7
6472,1.6483463048934937,5.7
6473,1.6484649181365967,5.7
6474,1.6489290595054626,5.7
6475,1.6491802334785461,5.7
6476,1.6492789387702942,5.8
6477,1.6493781208992004,5.8
6478,1.6494168043136597,5.8
6479,1.6495552062988281,5.8
6480,1.649660587310791,5.8
6481,1.6497065424919128,5.8
6482,1.650389015674591,5.8
6483,1.650788962841034,5.8
6484,1.6508080959320068,5.8
6485,1.650875747203827,5.8
6486,1.6510405540466309,5.8
6487,1.6511242985725403,5.8
6488,1.6514416933059692,5.8
6489,1.6515670418739319,5.8
6490,1.6521245241165161,5.8
6491,1.652296245098114,5.8
6492,1.6524572968482971,5.8
6493,1.652750551700592,5.8
6494,1.652925431728363,5.8
6495,1.6529363989830017,5.8
6496,1.6530293822288513,5.8
6497,1.6536195278167725,5.8
6498,1.6536297798156738,5.8
6499,1.653733491897583,5.8
6500,1.6539915800094604,5.8
6501,1.6547775268554688,5.8
6502,1.6554038524627686,5.8
6503,1.6554351449012756,5.8
6504,1.655712366104126,5.8
6505,1.6558666825294495,5.8
6506,1.6564024686813354,5.8
6507,1.6565377712249756,5.8
6508,1.6568415760993958,5.8
6509,1.6569956541061401,5.8
6510,1.6570363640785217,5.8
6511,1.6572650074958801,5.8
6512,1.6574941873550415,5.8
6513,1.6576204299926758,5.8
6514,1.6576594710350037,5.8
6515,1.6579261422157288,5.8
6516,1.657955288887024,5.8
6517,1.658014178276062,5.8
6518,1.6580936908721924,5.8
6519,1.65822833776474,5.8
6520,1.658290147781372,5.8
6521,1.658394694328308,5.8
6522,1.6587039232254028,5.8
6523,1.658816635608673,5.8
6524,1.6588401794433594,5.8
6525,1.6588665843009949,5.8
6526,1.658878207206726,5.8
6527,1.6589056849479675,5.8
6528,1.6593022346496582,5.8
6529,1.6596830487251282,5.8
6530,1.6602370738983154,5.8
6531,1.66033935546875,5.8
6532,1.6605165004730225,5.8
6533,1.6611242890357971,5.8
6534,1.6612423658370972,5.8
6535,1.6614326238632202,5.8
6536,1.6614471077919006,5.8
6537,1.6615132093429565,5.8
6538,1.661895751953125,5.8
6539,1.6620044112205505,5.8
6540,1.662082850933075,5.8
6541,1.662248432636261,5.8
6542,1.662453830242157,5.8
6543,1.662477195262909,5.8
6544,1.6625624895095825,5.8
6545,1.6626339554786682,5.8
6546,1.6629940867424011,5.8
6547,1.6631612181663513,5.8
6548,1.6633374094963074,5.8
6549,1.6636090874671936,5.8
6550,1.663924217224121,5.8
6551,1.6639535427093506,5.8
6552,1.664305329322815,5.8
6553,1.6643471121788025,5.8
6554,1.664523422718048,5.8
6555,1.665246605873108,5.8
6556,1.6654102206230164,5.8
6557,1.6657879948616028,5.8
6558,1.6663312911987305,5.8
6559,1.6664101481437683,5.8
6560,1.666418433189392,5.8
6561,1.66686350107193,5.8
6562,1.6672691702842712,5.8
6563,1.6674931645393372,5.8
6564,1.6675850749015808,5.8
6565,1.6678856015205383,5.8
6566,1.6681388020515442,5.8
6567,1.668392539024353,5.8
6568,1.668678641319275,5.8
6569,1.668745756149292,5.8
6570,1.6688920855522156,5.8
6571,1.6690768003463745,5.8
6572,1.6691348552703857,5.8
6573,1.6693201065063477,5.8
6574,1.6693264842033386,5.8
6575,1.6694296002388,5.8
6576,1.6696809530258179,5.8
6577,1.6698143482208252,5.8
6578,1.669816017150879,5.8
6579,1.6698365211486816,5.8
6580,1.6702408194541931,5.8
6581,1.6702784299850464,5.8
6582,1.6703901886940002,5.8
6583,1.6704673767089844,5.8
6584,1.6705448031425476,5.8
6585,1.6707337498664856,5.8
6586,1.6708053350448608,5.8
6587,1.6708136796951294,5.8
6588,1.6709010004997253,5.8
6589,1.6711190938949585,5.8
6590,1.6712886095046997,5.8
6591,1.6714044213294983,5.8
6592,1.6715136170387268,5.8
6593,1.671672523021698,5.8
6594,1.6717107892036438,5.8
6595,1.6719659566879272,5.8
6596,1.6720638275146484,5.8
6597,1.6721127033233643,5.8
6598,1.6726242303848267,5.9
6599,1.6729350686073303,5.9
6600,1.6730229258537292,5.9
6601,1.6731714606285095,5.9
6602,1.6734159588813782,5.9
6603,1.673466145992279,5.9
6604,1.6734868884086609,5.9
6605,1.6737576723098755,5.9
6606,1.6737679839134216,5.9
6607,1.6739588379859924,5.9
6608,1.6740579009056091,5.9
6609,1.6742534041404724,5.9
6610,1.6743839979171753,5.9
6611,1.6746800541877747,5.9
6612,1.674729585647583,5.9
6613,1.6747738122940063,5.9
6614,1.6748369336128235,5.9
6615,1.6750218868255615,5.9
6616,1.6750954389572144,5.9
6617,1.6751287579536438,5.9
6618,1.6758534908294678,5.9
6619,1.6759101152420044,5.9
6620,1.67592191696167,5.9
6621,1.676145851612091,5.9
6622,1.6762625575065613,5.9
6623,1.6762723326683044,5.9
6624,1.676456093788147,5.9
6625,1.6765127182006836,5.9
6626,1.6766226291656494,5.9
6627,1.676932156085968,5.9
6628,1.677032470703125,5.9
6629,1.6772724986076355,5.9
6630,1.6778926253318787,5.9
6631,1.6782423853874207,5.9
6632,1.6785706281661987,5.9
6633,1.6787487864494324,5.9
6634,1.6789799928665161,5.9
6635,1.6790465712547302,5.9
6636,1.6791839599609375,5.9
6637,1.6792881488800049,5.9
6638,1.6794186234474182,5.9
6639,1.6799019575119019,5.9
6640,1.6799188256263733,5.9
6641,1.6800143122673035,5.9
6642,1.6805508732795715,5.9
6643,1.6806395053863525,5.9
6644,1.680651605129242,5.9
6645,1.6808276176452637,5.9
6646,1.6808906197547913,5.9
6647,1.6810917258262634,5.9
6648,1.681285798549652,5.9
6649,1.6813424229621887,5.9
6650,1.6813684701919556,5.9
6651,1.6814109086990356,5.9
6652,1.6815154552459717,5.9
6653,1.6816717386245728,5.9
6654,1.6817249059677124,5.9
6655,1.6819795370101929,5.9
6656,1.6822519898414612,5.9
6657,1.6822797656059265,5.9
6658,1.682402789592743,5.9
6659,1.682846486568451,5.9
6660,1.6829575896263123,5.9
6661,1.6829673647880554,5.9
6662,1.6834315061569214,5.9
6663,1.6834489703178406,5.9
6664,1.6835324168205261,5.9
6665,1.6837896704673767,5.9
6666,1.6837932467460632,5.9
6667,1.6839805245399475,5.9
6668,1.6841086149215698,5.9
6669,1.6846951246261597,5.9
6670,1.6847147941589355,5.9
6671,1.6847291588783264,5.9
6672,1.6849522590637207,5.9
6673,1.6850418448448181,5.9
6674,1.6853379011154175,5.9
6675,1.6855711340904236,5.9
6676,1.6855821013450623,5.9
6677,1.6856433153152466,5.9
6678,1.6858733296394348,5.9
6679,1.6859477162361145,5.9
6680,1.6863718032836914,5.9
6681,1.6864598393440247,5.9
6682,1.686515212059021,5.9
6683,1.6865617036819458,5.9
6684,1.6866862773895264,5.9
6685,1.6868383884429932,5.9
6686,1.6869779825210571,5.9
6687,1.6869935393333435,5.9
6688,1.6870057582855225,5.9
6689,1.68716162443161,5.9
6690,1.6873250007629395,5.9
6691,1.6873867511749268,5.9
6692,1.6875413656234741,5.9
6693,1.6875423789024353,5.9
6694,1.6881882548332214,6.0
6695,1.6882821917533875,6.0
6696,1.6885953545570374,6.0
6697,1.6886711120605469,6.0
6698,1.6888204216957092,6.0
6699,1.6890459656715393,6.0
6700,1.689176857471466,6.0
6701,1.6893231868743896,6.0
6702,1.6895666122436523,6.0
6703,1.6899203062057495,6.0
6704,1.6901629567146301,6.0
6705,1.6903071999549866,6.0
6706,1.6905250549316406,6.0
6707,1.6905739307403564,6.0
6708,1.6908210515975952,6.0
6709,1.6911147832870483,6.0
6710,1.6912605166435242,6.0
6711,1.6913021206855774,6.0
6712,1.691330909729004,6.0
6713,1.6913436651229858,6.0
6714,1.6915374398231506,6.0
6715,1.6915532946586609,6.0
6716,1.6915574073791504,6.0
6717,1.6916801929473877,6.0
6718,1.691784679889679,6.0
6719,1.6918824911117554,6.0
6720,1.691920518875122,6.0
6721,1.6920402646064758,6.0
6722,1.6920791864395142,6.0
6723,1.6921380758285522,6.0
6724,1.6923418045043945,6.0
6725,1.6924015283584595,6.0
6726,1.6926013827323914,6.0
6727,1.6928000450134277,6.0
6728,1.6929739713668823,6.0
6729,1.6930747032165527,6.0
6730,1.6934161186218262,6.0
6731,1.6935522556304932,6.0
6732,1.6937811970710754,6.0
6733,1.693795084953308,6.0
6734,1.6940853595733643,6.0
6735,1.6941173672676086,6.0
6736,1.694289207458496,6.0
6737,1.6945083737373352,6.0
6738,1.6945685744285583,6.0
6739,1.6946777701377869,6.0
6740,1.695075273513794,6.0
6741,1.6952093839645386,6.0
6742,1.6952441930770874,6.0
6743,1.695288062095642,6.0
6744,1.6955217719078064,6.0
6745,1.6956815123558044,6.0
6746,1.6959161758422852,6.0
6747,1.6959893703460693,6.0
6748,1.6961960792541504,6.0
6749,1.6962010860443115,6.0
6750,1.6967719793319702,6.0
6751,1.6968706250190735,6.0
6752,1.6972131729125977,6.0
6753,1.6972962021827698,6.0
6754,1.6976722478866577,6.0
6755,1.6979020237922668,6.0
6756,1.6980100274085999,6.0
6757,1.6981250643730164,6.0
6758,1.6988850235939026,6.0
6759,1.6989741921424866,6.0
6760,1.6990394592285156,6.0
6761,1.6995391249656677,6.0
6762,1.6996344327926636,6.0
6763,1.6999008655548096,6.0
6764,1.7000176906585693,6.0
6765,1.7001081705093384,6.0
6766,1.700215756893158,6.0
6767,1.7004315257072449,6.0
6768,1.7005437016487122,6.0
6769,1.7007102966308594,6.0
6770,1.7008713483810425,6.0
6771,1.701330840587616,6.0
6772,1.7014510035514832,6.0
6773,1.7015970945358276,6.0
6774,1.701821208000183,6.0
6775,1.7020562291145325,6.0
6776,1.7021352052688599,6.0
6777,1.7025340795516968,6.0
6778,1.702723205089569,6.0
6779,1.7032447457313538,6.0
6780,1.7034893035888672,6.0
6781,1.7037623524665833,6.0
6782,1.7037724256515503,6.0
6783,1.7041223645210266,6.0
6784,1.7042967677116394,6.0
6785,1.7043805718421936,6.0
6786,1.7043831944465637,6.0
6787,1.7046030163764954,6.0
6788,1.7049863934516907,6.0
6789,1.7050318717956543,6.0
6790,1.7052115201950073,6.0
6791,1.705620288848877,6.0
6792,1.705642580986023,6.0
6793,1.7056551575660706,6.0
6794,1.7057849168777466,6.0
6795,1.7058008909225464,6.0
6796,1.7058545351028442,6.0
6797,1.7063016891479492,6.0
6798,1.7063144445419312,6.0
6799,1.7067248821258545,6.0
6800,1.706860065460205,6.0
6801,1.7070655226707458,6.0
6802,1.7071826457977295,6.0
6803,1.7071895599365234,6.0
6804,1.7073667645454407,6.0
6805,1.7074863910675049,6.0
6806,1.707531213760376,6.0
6807,1.7080364227294922,6.0
6808,1.708143413066864,6.0
6809,1.7082740664482117,6.0
6810,1.7085266709327698,6.0
6811,1.7087422609329224,6.1
6812,1.7087834477424622,6.1
6813,1.7087917923927307,6.1
6814,1.709176480770111,6.1
6815,1.709302544593811,6.1
6816,1.7094405889511108,6.1
6817,1.709725022315979,6.1
6818,1.7102545499801636,6.1
6819,1.710261583328247,6.1
6820,1.7103875279426575,6.1
6821,1.7104412317276,6.1
6822,1.7108903527259827,6.1
6823,1.7109335660934448,6.1
6824,1.7109350562095642,6.1
6825,1.710949420928955,6.1
6826,1.7110942602157593,6.1
6827,1.7111615538597107,6.1
6828,1.711304783821106,6.1
6829,1.7115047574043274,6.1
6830,1.7116172909736633,6.1
6831,1.7117377519607544,6.1
6832,1.7117696404457092,6.1
6833,1.711868405342102,6.1
6834,1.7121763229370117,6.1
6835,1.7125260829925537,6.1
6836,1.7127252221107483,6.1
6837,1.7135043144226074,6.1
6838,1.7136651873588562,6.1
6839,1.7137106657028198,6.1
6840,1.7137430906295776,6.1
6841,1.713769018650055,6.1
6842,1.7140476703643799,6.1
6843,1.7147566080093384,6.1
6844,1.7149063348770142,6.1
6845,1.714940071105957,6.1
6846,1.7152851819992065,6.1
6847,1.7153790593147278,6.1
6848,1.715527892112732,6.1
6849,1.7156334519386292,6.1
6850,1.7159810066223145,6.1
6851,1.7162975072860718,6.1
6852,1.7164032459259033,6.1
6853,1.7164877653121948,6.1
6854,1.71653413772583,6.1
6855,1.716651737689972,6.1
6856,1.7172980904579163,6.1
6857,1.7173935174942017,6.1
6858,1.7175222039222717,6.1
6859,1.7175233364105225,6.1
6860,1.7178033590316772,6.1
6861,1.7179498672485352,6.1
6862,1.7180612087249756,6.1
6863,1.7182978987693787,6.1
6864,1.7183522582054138,6.1
6865,1.718353807926178,6.1
6866,1.718441665172577,6.1
6867,1.7186009883880615,6.1
6868,1.7186146974563599,6.1
6869,1.7186346650123596,6.1
6870,1.7186819911003113,6.1
6871,1.7186822295188904,6.1
6872,1.7189130187034607,6.1
6873,1.7189286351203918,6.1
6874,1.719666063785553,6.1
6875,1.719727873802185,6.1
6876,1.7198996543884277,6.1
6877,1.7205166816711426,6.1
6878,1.7209007143974304,6.1
6879,1.720966875553131,6.1
6880,1.7211028337478638,6.1
6881,1.7212132215499878,6.1
6882,1.72195565700531,6.1
6883,1.7227433323860168,6.1
6884,1.7228264808654785,6.1
6885,1.7229875922203064,6.1
6886,1.7232216000556946,6.1
6887,1.7232519388198853,6.1
6888,1.7234023213386536,6.1
6889,1.7234119772911072,6.1
6890,1.7234254479408264,6.1
6891,1.7234463095664978,6.1
6892,1.7234522104263306,6.1
6893,1.7236618995666504,6.1
6894,1.7237076163291931,6.1
6895,1.723927080631256,6.1
6896,1.7246530652046204,6.1
6897,1.7251326441764832,6.1
6898,1.7252714037895203,6.1
6899,1.7257749438285828,6.2
6900,1.7257994413375854,6.2
6901,1.726556658744812,6.2
6902,1.7265918850898743,6.2
6903,1.72713041305542,6.2
6904,1.7275150418281555,6.2
6905,1.7276378870010376,6.2
6906,1.7278281450271606,6.2
6907,1.7281115055084229,6.2
6908,1.7282527685165405,6.2
6909,1.7287796139717102,6.2
6910,1.728799819946289,6.2
6911,1.7288553714752197,6.2
6912,1.7288891077041626,6.2
6913,1.7291211485862732,6.2
6914,1.7291470766067505,6.2
6915,1.729296624660492,6.2
6916,1.7293217778205872,6.2
6917,1.7295448780059814,6.2
6918,1.7296727299690247,6.2
6919,1.7296850681304932,6.2
6920,1.7298250794410706,6.2
6921,1.7298275828361511,6.2
6922,1.7308467030525208,6.2
6923,1.7311404943466187,6.2
6924,1.7313657402992249,6.2
6925,1.7315744757652283,6.2
6926,1.7316104173660278,6.2
6927,1.7316631078720093,6.2
6928,1.7318368554115295,6.2
6929,1.7321705222129822,6.2
6930,1.7322458028793335,6.2
6931,1.732607126235962,6.2
6932,1.7327378988265991,6.2
6933,1.7328141927719116,6.2
6934,1.7332608699798584,6.2
6935,1.7333470582962036,6.2
6936,1.733513593673706,6.2
6937,1.7335618734359741,6.2
6938,1.7337068915367126,6.2
6939,1.7337107062339783,6.2
6940,1.7337238788604736,6.2
6941,1.73375803232193,6.2
6942,1.7340789437294006,6.2
6943,1.734158217906952,6.2
6944,1.7346432209014893,6.2
6945,1.7348375916481018,6.2
6946,1.7348459362983704,6.2
6947,1.7349292039871216,6.2
6948,1.7349652647972107,6.2
6949,1.7350502610206604,6.2
6950,1.7350650429725647,6.2
6951,1.7352038621902466,6.2
6952,1.7352359294891357,6.2
6953,1.7352373003959656,6.2
6954,1.735245406627655,6.2
6955,1.7355554699897766,6.2
6956,1.7357817888259888,6.2
6957,1.735839605331421,6.2
6958,1.7359811067581177,6.2
6959,1.7360647320747375,6.2
6960,1.7360765933990479,6.2
6961,1.7365834712982178,6.2
6962,1.736842930316925,6.2
6963,1.7371618151664734,6.2
6964,1.7374193668365479,6.2
6965,1.7375220656394958,6.2
6966,1.7375555038452148,6.2
6967,1.7376480102539062,6.2
6968,1.7377588152885437,6.2
6969,1.7380098104476929,6.2
6970,1.7384741306304932,6.2
6971,1.7385164499282837,6.2
6972,1.7388469576835632,6.2
6973,1.7393415570259094,6.2
6974,1.7394603490829468,6.2
6975,1.7397837042808533,6.2
6976,1.7399801015853882,6.2
6977,1.7400693893432617,6.2
6978,1.7403515577316284,6.2
6979,1.7405246496200562,6.2
6980,1.740778625011444,6.2
6981,1.741199016571045,6.2
6982,1.7412492632865906,6.2
6983,1.741441011428833,6.2
6984,1.7414584755897522,6.2
6985,1.7418418526649475,6.2
6986,1.7421798706054688,6.2
6987,1.7422114610671997,6.2
6988,1.7422708868980408,6.2
6989,1.7424300909042358,6.2
6990,1.7425914406776428,6.2
6991,1.7426123023033142,6.2
6992,1.7429271340370178,6.2
6993,1.7433966398239136,6.2
6994,1.7436828017234802,6.2
6995,1.7438156604766846,6.2
6996,1.7439168691635132,6.2
6997,1.7440420985221863,6.2
6998,1.7440640926361084,6.2
6999,1.7445061206817627,6.2
7000,1.7447761297225952,6.2
7001,1.7448604702949524,6.2
7002,1.745057225227356,6.2
7003,1.7451589107513428,6.2
7004,1.7451656460762024,6.3
7005,1.7451704740524292,6.3
7006,1.7452236413955688,6.3
7007,1.7452539205551147,6.3
7008,1.7453941702842712,6.3
7009,1.7453991174697876,6.3
7010,1.7455827593803406,6.3
7011,1.7457038760185242,6.3
7012,1.7458239793777466,6.3
7013,1.7459096312522888,6.3
7014,1.745917022228241,6.3
7015,1.7460857033729553,6.3
7016,1.7460869550704956,6.3
7017,1.7461556196212769,6.3
7018,1.7465544939041138,6.3
7019,1.7469367384910583,6.3
7020,1.7469874620437622,6.3
7021,1.7472548484802246,6.3
7022,1.7473363876342773,6.3
7023,1.7477223873138428,6.3
7024,1.7479652166366577,6.3
7025,1.7483510375022888,6.3
7026,1.7484731674194336,6.3
7027,1.7490902543067932,6.3
7028,1.7493363618850708,6.3
7029,1.7493959069252014,6.3
7030,1.749448299407959,6.3
7031,1.7495786547660828,6.3
7032,1.7498761415481567,6.3
7033,1.7502253651618958,6.3
7034,1.7502551674842834,6.3
7035,1.7503119111061096,6.3
7036,1.7504178881645203,6.3
7037,1.7505714297294617,6.3
7038,1.7505977749824524,6.3
7039,1.7506206035614014,6.3
7040,1.7508439421653748,6.3
7041,1.7514453530311584,6.3
7042,1.7514771819114685,6.3
7043,1.7515231370925903,6.3
7044,1.7515382170677185,6.3
7045,1.7516805529594421,6.3
7046,1.7518396973609924,6.3
7047,1.7518776655197144,6.3
7048,1.7520511150360107,6.3
7049,1.7521167993545532,6.3
7050,1.7522252798080444,6.3
7051,1.7524264454841614,6.3
7052,1.7526134848594666,6.3
7053,1.7526864409446716,6.3
7054,1.752943515777588,6.3
7055,1.7529810667037964,6.3
7056,1.753032147884369,6.3
7057,1.753162920475006,6.3
7058,1.7532451152801514,6.3
7059,1.753377616405487,6.3
7060,1.753733217716217,6.3
7061,1.7541381120681763,6.3
7062,1.7544086575508118,6.3
7063,1.7544859647750854,6.3
7064,1.7548460960388184,6.3
7065,1.7548484206199646,6.3
7066,1.754931628704071,6.3
7067,1.7551859021186829,6.3
7068,1.7563082575798035,6.3
7069,1.7564581036567688,6.3
7070,1.75653737783432,6.3
7071,1.7566548585891724,6.3
7072,1.7568193078041077,6.3
7073,1.7571351528167725,6.3
7074,1.757321536540985,6.3
7075,1.757362723350525,6.3
7076,1.7575629353523254,6.3
7077,1.7575827240943909,6.3
7078,1.7576751708984375,6.3
7079,1.757737636566162,6.3
7080,1.7578261494636536,6.3
7081,1.757987141609192,6.3
7082,1.7579982280731201,6.3
7083,1.7583835124969482,6.3
7084,1.7584227323532104,6.3
7085,1.7585372924804688,6.3
7086,1.758808970451355,6.3
7087,1.7589172720909119,6.4
7088,1.7591197490692139,6.4
7089,1.759161353111267,6.4
7090,1.759301483631134,6.4
7091,1.7593855261802673,6.4
7092,1.7596006989479065,6.4
7093,1.7600979208946228,6.4
7094,1.760153353214264,6.4
7095,1.7603193521499634,6.4
7096,1.7603242993354797,6.4
7097,1.7603249549865723,6.4
7098,1.7604107856750488,6.4
7099,1.7605162858963013,6.4
7100,1.7608193159103394,6.4
7101,1.760891079902649,6.4
7102,1.7610652446746826,6.4
7103,1.7623223662376404,6.4
7104,1.762447714805603,6.4
7105,1.7630569338798523,6.4
7106,1.7633622884750366,6.4
7107,1.7640365958213806,6.4
7108,1.7642528414726257,6.4
7109,1.7650242447853088,6.4
7110,1.7651090621948242,6.4
7111,1.7653099298477173,6.4
7112,1.7653228044509888,6.4
7113,1.7658160328865051,6.4
7114,1.765971302986145,6.4
7115,1.765977144241333,6.4
7116,1.7660862803459167,6.4
7117,1.7664437890052795,6.4
7118,1.7666627764701843,6.4
7119,1.766672134399414,6.4
7120,1.7667498588562012,6.4
7121,1.766917645931244,6.4
7122,1.766920030117035,6.4
7123,1.7669737935066223,6.4
7124,1.7670789957046509,6.4
7125,1.7684450149536133,6.4
7126,1.7684738636016846,6.4
7127,1.7690922617912292,6.4
7128,1.7691084742546082,6.4
7129,1.7692266702651978,6.4
7130,1.769290030002594,6.4
7131,1.7696351408958435,6.4
7132,1.7696963548660278,6.4
7133,1.770084798336029,6.4
7134,1.7701873183250427,6.4
7135,1.7704277038574219,6.4
7136,1.7705432772636414,6.4
7137,1.7706868648529053,6.4
7138,1.7711189985275269,6.4
7139,1.771235466003418,6.4
7140,1.7712519764900208,6.4
7141,1.772005558013916,6.4
7142,1.77218896150589,6.4
7143,1.7725783586502075,6.4
7144,1.7727821469306946,6.4
7145,1.7734020948410034,6.4
7146,1.7735899090766907,6.4
7147,1.773670256137848,6.4
7148,1.7737850546836853,6.4
7149,1.7738816142082214,6.4
7150,1.7741870284080505,6.4
7151,1.77430921792984,6.4
7152,1.7747174501419067,6.4
7153,1.7748123407363892,6.4
7154,1.77482670545578,6.4
7155,1.774948239326477,6.4
7156,1.7753922939300537,6.4
7157,1.7754662036895752,6.4
7158,1.7754846811294556,6.4
7159,1.7756810784339905,6.4
7160,1.775937259197235,6.4
7161,1.7761935591697693,6.4
7162,1.7764442563056946,6.4
7163,1.7765358090400696,6.4
7164,1.7768208980560303,6.4
7165,1.777049481868744,6.4
7166,1.7771309614181519,6.4
7167,1.7773411870002747,6.4
7168,1.7773601412773132,6.4
7169,1.7774262428283691,6.4
7170,1.7775034308433533,6.4
7171,1.7780652046203613,6.4
7172,1.7782313823699951,6.4
7173,1.7784945368766785,6.4
7174,1.7787635922431946,6.4
7175,1.7790367007255554,6.4
7176,1.7790786623954773,6.4
7177,1.7792997360229492,6.4
7178,1.7794287204742432,6.4
7179,1.7795094847679138,6.4
7180,1.7798884510993958,6.4
7181,1.7798985242843628,6.4
7182,1.779996633529663,6.4
7183,1.7800461649894714,6.5
7184,1.7802999019622803,6.5
7185,1.7803462147712708,6.5
7186,1.7804848551750183,6.5
7187,1.7805776596069336,6.5
7188,1.7809348702430725,6.5
7189,1.7809638381004333,6.5
7190,1.781118392944336,6.5
7191,1.7812162041664124,6.5
7192,1.7813934087753296,6.5
7193,1.7817347049713135,6.5
7194,1.7817752957344055,6.5
7195,1.7817806005477905,6.5
7196,1.7831549048423767,6.5
7197,1.7832584977149963,6.5
7198,1.7832840085029602,6.5
7199,1.7833771109580994,6.5
7200,1.7836494445800781,6.5
7201,1.7837519645690918,6.5
7202,1.7838636636734009,6.5
7203,1.7839285731315613,6.5
7204,1.7839632034301758,6.5
7205,1.784078061580658,6.5
7206,1.784097135066986,6.5
7207,1.78436678647995,6.5
7208,1.7844496369361877,6.5
7209,1.784472942352295,6.5
7210,1.7845948934555054,6.5
7211,1.7846287488937378,6.5
7212,1.7848327159881592,6.5
7213,1.7850525975227356,6.5
7214,1.7852497696876526,6.5
7215,1.7853102087974548,6.5
7216,1.7855706810951233,6.5
7217,1.7856575846672058,6.5
7218,1.7859766483306885,6.5
7219,1.7861070036888123,6.5
7220,1.786264419555664,6.5
7221,1.7863580584526062,6.5
7222,1.7864239811897278,6.5
7223,1.7869406342506409,6.5
7224,1.78704434633255,6.5
7225,1.7872886657714844,6.5
7226,1.7874855995178223,6.5
7227,1.787676215171814,6.5
7228,1.7880314588546753,6.5
7229,1.7881220579147339,6.5
7230,1.7884289026260376,6.5
7231,1.7887834906578064,6.5
7232,1.7888761758804321,6.5
7233,1.7899871468544006,6.5
7234,1.7901059985160828,6.5
7235,1.7904074788093567,6.5
7236,1.7905699014663696,6.5
7237,1.7905952334403992,6.5
7238,1.790677547454834,6.5
7239,1.7907015085220337,6.5
7240,1.7907745242118835,6.5
7241,1.79079931974411,6.5
7242,1.7909671664237976,6.5
7243,1.7910083532333374,6.5
7244,1.7911881804466248,6.5
7245,1.791394293308258,6.5
7246,1.7916456460952759,6.5
7247,1.79191255569458,6.5
7248,1.7922991514205933,6.5
7249,1.792338490486145,6.5
7250,1.7924017310142517,6.5
7251,1.7930426597595215,6.5
7252,1.7931047081947327,6.5
7253,1.7931592464447021,6.5
7254,1.7932299971580505,6.5
7255,1.7932322025299072,6.5
7256,1.793562412261963,6.5
7257,1.7937312722206116,6.5
7258,1.7937327027320862,6.5
7259,1.793739676475525,6.5
7260,1.7938237190246582,6.5
7261,1.7943387031555176,6.5
7262,1.7943960428237915,6.5
7263,1.7946329712867737,6.5
7264,1.794800579547882,6.5
7265,1.7948604226112366,6.5
7266,1.7948898673057556,6.5
7267,1.795044481754303,6.5
7268,1.795057237148285,6.5
7269,1.795199453830719,6.5
7270,1.795320749282837,6.5
7271,1.795668125152588,6.5
7272,1.7958072423934937,6.5
7273,1.7958639860153198,6.5
7274,1.7959141731262207,6.5
7275,1.7960046529769897,6.5
7276,1.7966091632843018,6.5
7277,1.796766221523285,6.5
7278,1.7968268990516663,6.5
7279,1.7971103191375732,6.5
7280,1.797137200832367,6.5
7281,1.7972899675369263,6.5
7282,1.7972995042800903,6.5
7283,1.7973912358283997,6.5
7284,1.7974001169204712,6.5
7285,1.7978553175926208,6.5
7286,1.7979070544242859,6.5
7287,1.7983570098876953,6.5
7288,1.798603594303131,6.5
7289,1.7986806631088257,6.5
7290,1.7992321252822876,6.6
7291,1.799232840538025,6.6
7292,1.8000488877296448,6.6
7293,1.8000824451446533,6.6
7294,1.800096869468689,6.6
7295,1.8001568913459778,6.6
7296,1.8002192974090576,6.6
7297,1.8002893328666687,6.6
7298,1.8007141947746277,6.6
7299,1.8011236786842346,6.6
7300,1.801285743713379,6.6
7301,1.8015009760856628,6.6
7302,1.8019300699234009,6.6
7303,1.8022112846374512,6.6
7304,1.8022459149360657,6.6
7305,1.8023496866226196,6.6
7306,1.8024027347564697,6.6
7307,1.8025803565979004,6.6
7308,1.8028090000152588,6.6
7309,1.8029186129570007,6.6
7310,1.8034710884094238,6.6
7311,1.803568720817566,6.6
7312,1.8039582967758179,6.6
7313,1.8039738535881042,6.6
7314,1.8040198683738708,6.6
7315,1.8040355443954468,6.6
7316,1.8048600554466248,6.6
7317,1.8051815629005432,6.6
7318,1.8053188920021057,6.6
7319,1.8054713606834412,6.6
7320,1.8055134415626526,6.6
7321,1.8055158257484436,6.6
7322,1.8055566549301147,6.6
7323,1.8057018518447876,6.6
7324,1.8057103753089905,6.6
7325,1.805757462978363,6.6
7326,1.8057717084884644,6.6
7327,1.8063931465148926,6.6
7328,1.8064831495285034,6.6
7329,1.8064878582954407,6.6
7330,1.8065523505210876,6.6
7331,1.8069077134132385,6.6
7332,1.8071781396865845,6.6
7333,1.8071803450584412,6.6
7334,1.8074884414672852,6.6
7335,1.8075546026229858,6.6
7336,1.8076735734939575,6.6
7337,1.8077481985092163,6.6
7338,1.8079891800880432,6.6
7339,1.8080517053604126,6.6
7340,1.808081567287445,6.6
7341,1.8081437945365906,6.6
7342,1.8096559047698975,6.6
7343,1.8098143935203552,6.6
7344,1.8103770017623901,6.6
7345,1.8105613589286804,6.6
7346,1.8114182949066162,6.6
7347,1.8114994168281555,6.6
7348,1.8118637204170227,6.6
7349,1.81209397315979,6.6
7350,1.812318742275238,6.6
7351,1.8124141097068787,6.6
7352,1.812814176082611,6.6
7353,1.8128896951675415,6.6
7354,1.8135732412338257,6.6
7355,1.8138933777809143,6.6
7356,1.8141265511512756,6.6
7357,1.814349114894867,6.6
7358,1.8148401379585266,6.6
7359,1.8152127861976624,6.6
7360,1.8153052926063538,6.6
7361,1.8157559037208557,6.6
7362,1.815887212753296,6.6
7363,1.8159406781196594,6.7
7364,1.8161072731018066,6.7
7365,1.816159188747406,6.7
7366,1.816428005695343,6.7
7367,1.8165764212608337,6.7
7368,1.816962718963623,6.7
7369,1.8173559308052063,6.7
7370,1.81815767288208,6.7
7371,1.818508505821228,6.7
7372,1.8185628652572632,6.7
7373,1.818991482257843,6.7
7374,1.819080114364624,6.7
7375,1.8191519975662231,6.7
7376,1.8193406462669373,6.7
7377,1.819650411605835,6.7
7378,1.8197066187858582,6.7
7379,1.819967269897461,6.7
7380,1.8205320835113525,6.7
7381,1.8206058740615845,6.7
7382,1.820727527141571,6.7
7383,1.8211808800697327,6.7
7384,1.821298897266388,6.7
7385,1.8216853737831116,6.7
7386,1.8216890096664429,6.7
7387,1.8221067190170288,6.7
7388,1.8223835825920105,6.7
7389,1.823166012763977,6.7
7390,1.8232493996620178,6.7
7391,1.8232502937316895,6.7
7392,1.8234660029411316,6.7
7393,1.823765516281128,6.7
7394,1.823898732662201,6.7
7395,1.8239379525184631,6.7
7396,1.8239875435829163,6.7
7397,1.824264407157898,6.7
7398,1.824280023574829,6.7
7399,1.8244640827178955,6.7
7400,1.8245016932487488,6.7
7401,1.8246805667877197,6.7
7402,1.8253982663154602,6.7
7403,1.8256983160972595,6.7
7404,1.8258071541786194,6.7
7405,1.8258634209632874,6.7
7406,1.825990617275238,6.7
7407,1.82606440782547,6.7
7408,1.8261748552322388,6.7
7409,1.826274037361145,6.7
7410,1.8264090418815613,6.7
7411,1.8264580965042114,6.7
7412,1.8267681002616882,6.7
7413,1.8271344304084778,6.7
7414,1.827362835407257,6.7
7415,1.8275321125984192,6.7
7416,1.8276253938674927,6.7
7417,1.8277077674865723,6.7
7418,1.8286994695663452,6.7
7419,1.8291869163513184,6.7
7420,1.8294061422348022,6.7
7421,1.8298035860061646,6.7
7422,1.829909324645996,6.7
7423,1.8305895924568176,6.7
7424,1.8311928510665894,6.7
7425,1.8312408924102783,6.7
7426,1.831465721130371,6.7
7427,1.8315564393997192,6.7
7428,1.8317440748214722,6.7
7429,1.8317676782608032,6.7
7430,1.8321875929832458,6.7
7431,1.8322221040725708,6.7
7432,1.8322246074676514,6.7
7433,1.8323092460632324,6.7
7434,1.8323103785514832,6.7
7435,1.8327341675758362,6.7
7436,1.8327624201774597,6.7
7437,1.8329455256462097,6.7
7438,1.8335316181182861,6.7
7439,1.8336267471313477,6.7
7440,1.8337048292160034,6.7
7441,1.8338009119033813,6.7
7442,1.833888292312622,6.7
7443,1.833941400051117,6.7
7444,1.8339425921440125,6.7
7445,1.834114909172058,6.7
7446,1.834898293018341,6.7
7447,1.8353333473205566,6.7
7448,1.8353376984596252,6.7
7449,1.835508644580841,6.7
7450,1.8355439901351929,6.7
7451,1.8358250260353088,6.7
7452,1.8360505104064941,6.7
7453,1.8360552787780762,6.7
7454,1.8369377851486206,6.7
7455,1.8369590044021606,6.7
7456,1.837180733680725,6.7
7457,1.8372313380241394,6.7
7458,1.837489366531372,6.7
7459,1.8375310897827148,6.7
7460,1.8377680778503418,6.7
7461,1.838005781173706,6.7
7462,1.8380751609802246,6.7
7463,1.838170349597931,6.7
7464,1.838453769683838,6.7
7465,1.838679552078247,6.8
7466,1.8387179970741272,6.8
7467,1.8387860655784607,6.8
7468,1.8388185501098633,6.8
7469,1.8388682007789612,6.8
7470,1.83918297290802,6.8
7471,1.8392137289047241,6.8
7472,1.8397063612937927,6.8
7473,1.8397560119628906,6.8
7474,1.8400006890296936,6.8
7475,1.8400899767875671,6.8
7476,1.840134084224701,6.8
7477,1.8402753472328186,6.8
7478,1.8404598832130432,6.8
7479,1.8407161235809326,6.8
7480,1.8407798409461975,6.8
7481,1.8410956859588623,6.8
7482,1.8411883115768433,6.8
7483,1.8416176438331604,6.8
7484,1.8416223526000977,6.8
7485,1.8416615724563599,6.8
7486,1.8423609733581543,6.8
7487,1.8427935242652893,6.8
7488,1.843033790588379,6.8
7489,1.8434850573539734,6.8
7490,1.8439375758171082,6.8
7491,1.8439581394195557,6.8
7492,1.8441172242164612,6.8
7493,1.8444555401802063,6.8
7494,1.844770073890686,6.8
7495,1.8447911739349365,6.8
7496,1.8457300662994385,6.8
7497,1.8462985754013062,6.8
7498,1.8470228910446167,6.8
7499,1.8475632667541504,6.8
7500,1.8477066159248352,6.8
7501,1.8478900790214539,6.8
7502,1.8479887247085571,6.8
7503,1.8480440974235535,6.8
7504,1.8481371402740479,6.8
7505,1.848198413848877,6.8
7506,1.8485147953033447,6.8
7507,1.8486905694007874,6.8
7508,1.8490265607833862,6.8
7509,1.849062442779541,6.8
7510,1.8491358160972595,6.8
7511,1.8492169976234436,6.8
7512,1.8493348360061646,6.8
7513,1.8494478464126587,6.8
7514,1.849621057510376,6.8
7515,1.850106954574585,6.8
7516,1.8501708507537842,6.8
7517,1.8503125309944153,6.8
7518,1.850489854812622,6.8
7519,1.850655198097229,6.8
7520,1.8506945967674255,6.8
7521,1.8513055443763733,6.8
7522,1.851464569568634,6.8
7523,1.8517910242080688,6.8
7524,1.8518813848495483,6.8
7525,1.852209448814392,6.8
7526,1.8523240685462952,6.8
7527,1.8523545265197754,6.8
7528,1.8524293303489685,6.8
7529,1.8525106310844421,6.8
7530,1.852591633796692,6.8
7531,1.8526985049247742,6.8
7532,1.853000283241272,6.8
7533,1.853063702583313,6.8
7534,1.854073166847229,6.8
7535,1.8547671437263489,6.8
7536,1.8549492359161377,6.8
7537,1.8550233840942383,6.8
7538,1.8551273345947266,6.8
7539,1.8553476333618164,6.8
7540,1.855377733707428,6.8
7541,1.8556036949157715,6.8
7542,1.8563589453697205,6.8
7543,1.856830894947052,6.8
7544,1.8568524718284607,6.8
7545,1.8574586510658264,6.8
7546,1.857504427433014,6.8
7547,1.8577420711517334,6.8
7548,1.8578424453735352,6.8
7549,1.8583972454071045,6.8
7550,1.8590909838676453,6.8
7551,1.859193742275238,6.8
7552,1.8592414855957031,6.8
7553,1.8596250414848328,6.8
7554,1.859693169593811,6.8
7555,1.859843134880066,6.8
7556,1.8599465489387512,6.8
7557,1.85997074842453,6.8
7558,1.8600032329559326,6.8
7559,1.860106647014618,6.8
7560,1.8601683974266052,6.8
7561,1.8601781129837036,6.8
7562,1.8605718612670898,6.8
7563,1.86058509349823,6.8
7564,1.860756754875183,6.8
7565,1.8608473539352417,6.8
7566,1.8609018921852112,6.8
7567,1.861077606678009,6.8
7568,1.861172378063202,6.8
7569,1.8616997599601746,6.8
7570,1.861733615398407,6.8
7571,1.861924648284912,6.8
7572,1.861972689628601,6.8
7573,1.8619778752326965,6.9
7574,1.8628620505332947,6.9
7575,1.862896978855133,6.9
7576,1.8632572889328003,6.9
7577,1.8633033633232117,6.9
7578,1.863358974456787,6.9
7579,1.8636991381645203,6.9
7580,1.8639636039733887,6.9
7581,1.8647714257240295,6.9
7582,1.8649044036865234,6.9
7583,1.8653722405433655,6.9
7584,1.8654265403747559,6.9
7585,1.8655237555503845,6.9
7586,1.8656845688819885,6.9
7587,1.8656848669052124,6.9
7588,1.865857720375061,6.9
7589,1.8664724230766296,6.9
7590,1.8667953610420227,6.9
7591,1.8672150373458862,6.9
7592,1.8675487041473389,6.9
7593,1.8676024079322815,6.9
7594,1.8677166104316711,6.9
7595,1.8682591915130615,6.9
7596,1.868636131286621,6.9
7597,1.868772804737091,6.9
7598,1.8691920042037964,6.9
7599,1.8693291544914246,6.9
7600,1.8694297075271606,6.9
7601,1.8694387674331665,6.9
7602,1.8698249459266663,6.9
7603,1.8699327111244202,6.9
7604,1.870102882385254,6.9
7605,1.870200514793396,6.9
7606,1.8702567219734192,6.9
7607,1.8703065514564514,6.9
7608,1.8708799481391907,6.9
7609,1.8709266185760498,6.9
7610,1.8713820576667786,6.9
7611,1.8716473579406738,6.9
7612,1.8717415928840637,6.9
7613,1.8721580505371094,6.9
7614,1.872449278831482,6.9
7615,1.872508943080902,6.9
7616,1.8726015090942383,6.9
7617,1.8726114630699158,6.9
7618,1.8726244568824768,6.9
7619,1.872635006904602,6.9
7620,1.873630404472351,6.9
7621,1.8738139271736145,6.9
7622,1.8740351796150208,6.9
7623,1.8740809559822083,6.9
7624,1.8742324709892273,6.9
7625,1.8743311166763306,6.9
7626,1.8745430707931519,6.9
7627,1.8748582601547241,6.9
7628,1.8750174641609192,6.9
7629,1.8751657605171204,6.9
7630,1.8751738667488098,6.9
7631,1.8752214312553406,6.9
7632,1.8760963082313538,6.9
7633,1.8761994242668152,6.9
7634,1.8762871623039246,6.9
7635,1.8763156533241272,6.9
7636,1.8763303756713867,6.9
7637,1.8763535618782043,6.9
7638,1.8764307498931885,6.9
7639,1.8765257000923157,6.9
7640,1.876886785030365,6.9
7641,1.8773043155670166,6.9
7642,1.8773733973503113,6.9
7643,1.8783878087997437,7.0
7644,1.8783901929855347,7.0
7645,1.878466784954071,7.0
7646,1.8787637948989868,7.0
7647,1.8792988061904907,7.0
7648,1.8794611692428589,7.0
7649,1.8796260356903076,7.0
7650,1.8796489238739014,7.0
7651,1.8805562853813171,7.0
7652,1.8809527158737183,7.0
7653,1.8813307881355286,7.0
7654,1.8815536499023438,7.0
7655,1.8816425800323486,7.0
7656,1.8818635940551758,7.0
7657,1.8819286227226257,7.0
7658,1.882225513458252,7.0
7659,1.8823180794715881,7.0
7660,1.8823378682136536,7.0
7661,1.8827319741249084,7.0
7662,1.8827828764915466,7.0
7663,1.883065938949585,7.0
7664,1.8831749558448792,7.0
7665,1.8834057450294495,7.0
7666,1.8838263750076294,7.0
7667,1.884099006652832,7.0
7668,1.88412207365036,7.0
7669,1.884346067905426,7.0
7670,1.8844486474990845,7.0
7671,1.88469660282135,7.0
7672,1.8851353526115417,7.0
7673,1.8854840993881226,7.0
7674,1.8854939937591553,7.0
7675,1.8855915665626526,7.0
7676,1.886146903038025,7.0
7677,1.886554777622223,7.0
7678,1.8868269324302673,7.0
7679,1.887630581855774,7.0
7680,1.8876481652259827,7.0
7681,1.8877753019332886,7.0
7682,1.8879588842391968,7.0
7683,1.8880557417869568,7.0
7684,1.888121783733368,7.0
7685,1.8882067799568176,7.0
7686,1.8886369466781616,7.0
7687,1.8887597918510437,7.0
7688,1.8890802264213562,7.0
7689,1.8891196250915527,7.0
7690,1.8891401290893555,7.0
7691,1.8891732692718506,7.0
7692,1.889437973499298,7.0
7693,1.8894431591033936,7.0
7694,1.8894793391227722,7.0
7695,1.88968163728714,7.0
7696,1.8898476958274841,7.0
7697,1.8900142908096313,7.0
7698,1.890244483947754,7.0
7699,1.890690565109253,7.0
7700,1.8908938765525818,7.0
7701,1.8911318182945251,7.0
7702,1.8915164470672607,7.0
7703,1.8915299773216248,7.0
7704,1.8918032050132751,7.0
7705,1.892238438129425,7.0
7706,1.8922418355941772,7.0
7707,1.8926393389701843,7.0
7708,1.8928224444389343,7.0
7709,1.8930954337120056,7.0
7710,1.8936510682106018,7.0
7711,1.8936798572540283,7.0
7712,1.893686830997467,7.0
7713,1.8937739729881287,7.0
7714,1.8939455151557922,7.0
7715,1.8940569758415222,7.0
7716,1.8942688703536987,7.0
7717,1.894354522228241,7.0
7718,1.894500970840454,7.0
7719,1.8949385285377502,7.0
7720,1.895156443119049,7.0
7721,1.895222246646881,7.0
7722,1.8953534364700317,7.0
7723,1.8957850337028503,7.0
7724,1.8957976698875427,7.0
7725,1.8958916664123535,7.0
7726,1.8959230780601501,7.0
7727,1.8961758017539978,7.0
7728,1.8965708017349243,7.0
7729,1.897603690624237,7.0
7730,1.8977793455123901,7.0
7731,1.8978369235992432,7.0
7732,1.897928774356842,7.0
7733,1.8980244398117065,7.0
7734,1.8984030485153198,7.0
7735,1.8993397951126099,7.0
7736,1.8993854522705078,7.0
7737,1.8994413018226624,7.0
7738,1.89944189786911,7.0
7739,1.8995500206947327,7.0
7740,1.8998193740844727,7.0
7741,1.9006814360618591,7.0
7742,1.9007933139801025,7.0
7743,1.9007962346076965,7.0
7744,1.9013864994049072,7.0
7745,1.901496171951294,7.0
7746,1.9015598893165588,7.0
7747,1.9018773436546326,7.0
7748,1.9021496176719666,7.0
7749,1.9023342728614807,7.0
7750,1.9023931622505188,7.0
7751,1.9024261236190796,7.0
7752,1.9026415944099426,7.0
7753,1.9032146334648132,7.1
7754,1.9033234119415283,7.1
7755,1.9040191173553467,7.1
7756,1.9042301774024963,7.1
7757,1.9043868780136108,7.1
7758,1.9045371413230896,7.1
7759,1.9051253199577332,7.1
7760,1.9051625728607178,7.1
7761,1.9051765203475952,7.1
7762,1.905293881893158,7.1
7763,1.905314564704895,7.1
7764,1.9059045314788818,7.1
7765,1.9059869647026062,7.1
7766,1.9061288237571716,7.1
7767,1.906134307384491,7.1
7768,1.9064984321594238,7.1
7769,1.907118022441864,7.1
7770,1.9073469638824463,7.1
7771,1.9075178503990173,7.1
7772,1.9077726602554321,7.1
7773,1.9078088402748108,7.1
7774,1.9079312682151794,7.1
7775,1.9080756306648254,7.1
7776,1.9083975553512573,7.1
7777,1.908871054649353,7.1
7778,1.9092568159103394,7.1
7779,1.9093374609947205,7.1
7780,1.910081923007965,7.1
7781,1.9102796912193298,7.1
7782,1.9105629920959473,7.1
7783,1.9107413291931152,7.1
7784,1.9110113382339478,7.1
7785,1.9117040038108826,7.1
7786,1.9117119908332825,7.1
7787,1.911979615688324,7.1
7788,1.9120395183563232,7.1
7789,1.912110447883606,7.1
7790,1.912313461303711,7.1
7791,1.9128726124763489,7.1
7792,1.9129692912101746,7.1
7793,1.9130299091339111,7.1
7794,1.9133688807487488,7.1
7795,1.9134864807128906,7.1
7796,1.9136678576469421,7.1
7797,1.913815975189209,7.1
7798,1.9138801097869873,7.1
7799,1.9140003323554993,7.1
7800,1.9141877889633179,7.1
7801,1.9148422479629517,7.1
7802,1.9148957133293152,7.1
7803,1.9152354001998901,7.1
7804,1.9155281782150269,7.1
7805,1.915648877620697,7.1
7806,1.9158049821853638,7.1
7807,1.9161443710327148,7.1
7808,1.9165230989456177,7.1
7809,1.9165830612182617,7.1
7810,1.9170666337013245,7.1
7811,1.9171308279037476,7.1
7812,1.9172773957252502,7.1
7813,1.9174513220787048,7.1
7814,1.9178268909454346,7.1
7815,1.9178279042243958,7.1
7816,1.9185412526130676,7.1
7817,1.918883204460144,7.1
7818,1.9190326929092407,7.1
7819,1.919197678565979,7.1
7820,1.9199288487434387,7.1
7821,1.9199663996696472,7.1
7822,1.9203152656555176,7.1
7823,1.9205874800682068,7.1
7824,1.9207996129989624,7.1
7825,1.9209709167480469,7.1
7826,1.9214884042739868,7.1
7827,1.9217823147773743,7.1
7828,1.9218277335166931,7.1
7829,1.922010898590088,7.1
7830,1.9221898317337036,7.1
7831,1.9224132299423218,7.1
7832,1.9224334955215454,7.1
7833,1.922813057899475,7.1
7834,1.9228366017341614,7.1
7835,1.922859013080597,7.1
7836,1.9228625297546387,7.1
7837,1.922952950000763,7.1
7838,1.9231057167053223,7.2
7839,1.9233508706092834,7.2
7840,1.9234569668769836,7.2
7841,1.9238334894180298,7.2
7842,1.9240025281906128,7.2
7843,1.924505591392517,7.2
7844,1.9246201515197754,7.2
7845,1.9246376752853394,7.2
7846,1.9249749779701233,7.2
7847,1.9252073168754578,7.2
7848,1.9253360629081726,7.2
7849,1.9254876375198364,7.2
7850,1.9255621433258057,7.2
7851,1.925595462322235,7.2
7852,1.9257680773735046,7.2
7853,1.9264004826545715,7.2
7854,1.926812469959259,7.2
7855,1.9268132448196411,7.2
7856,1.9270809292793274,7.2
7857,1.9270986318588257,7.2
7858,1.9271538853645325,7.2
7859,1.927177369594574,7.2
7860,1.9274778962135315,7.2
7861,1.927821397781372,7.2
7862,1.928016483783722,7.2
7863,1.9280312061309814,7.2
7864,1.9281724691390991,7.2
7865,1.9282277822494507,7.2
7866,1.9282922744750977,7.2
7867,1.929771900177002,7.2
7868,1.929788887500763,7.2
7869,1.9297955632209778,7.2
7870,1.9298849701881409,7.2
7871,1.9300127625465393,7.2
7872,1.9303193092346191,7.2
7873,1.930398941040039,7.2
7874,1.9305190443992615,7.2
7875,1.9305367469787598,7.2
7876,1.931177020072937,7.2
7877,1.9312841892242432,7.2
7878,1.931522250175476,7.2
7879,1.9315555691719055,7.2
7880,1.93169105052948,7.2
7881,1.9317927360534668,7.2
7882,1.931878924369812,7.2
7883,1.9320554733276367,7.2
7884,1.9323347806930542,7.2
7885,1.932616114616394,7.2
7886,1.9327433109283447,7.2
7887,1.9328954815864563,7.2
7888,1.9330589175224304,7.2
7889,1.9331095814704895,7.2
7890,1.9331967234611511,7.2
7891,1.9333165884017944,7.2
7892,1.9336206912994385,7.2
7893,1.9340448379516602,7.2
7894,1.9342420101165771,7.2
7895,1.934444785118103,7.2
7896,1.9346298575401306,7.2
7897,1.9349387288093567,7.2
7898,1.9355385899543762,7.2
7899,1.9355857372283936,7.2
7900,1.9358226656913757,7.2
7901,1.9365266561508179,7.2
7902,1.9365381002426147,7.2
7903,1.9365769028663635,7.2
7904,1.9367476105690002,7.2
7905,1.9373659491539001,7.2
7906,1.93758225440979,7.2
7907,1.937583088874817,7.2
7908,1.9378231167793274,7.2
7909,1.9378381371498108,7.2
7910,1.9378806948661804,7.2
7911,1.9379659295082092,7.2
7912,1.9379969239234924,7.2
7913,1.938210904598236,7.2
7914,1.9383675456047058,7.2
7915,1.9386054277420044,7.2
7916,1.9387311339378357,7.2
7917,1.938791036605835,7.2
7918,1.9388186931610107,7.2
7919,1.9388285279273987,7.2
7920,1.9388342499732971,7.2
7921,1.9389961957931519,7.2
7922,1.9392263889312744,7.2
7923,1.9392338395118713,7.2
7924,1.9395827651023865,7.2
7925,1.9397202134132385,7.2
7926,1.9398579001426697,7.2
7927,1.939889669418335,7.2
7928,1.9401217699050903,7.2
7929,1.9401952028274536,7.2
7930,1.940222144126892,7.2
7931,1.9403071403503418,7.2
7932,1.9404316544532776,7.2
7933,1.94050794839859,7.2
7934,1.9412675499916077,7.2
7935,1.9413623809814453,7.2
7936,1.941611409187317,7.2
7937,1.9417701363563538,7.2
7938,1.9419275522232056,7.2
7939,1.9420579075813293,7.2
7940,1.9420945644378662,7.3
7941,1.9422729015350342,7.3
7942,1.9430348873138428,7.3
7943,1.9439908862113953,7.3
7944,1.944011628627777,7.3
7945,1.944218933582306,7.3
7946,1.9442538022994995,7.3
7947,1.9443949460983276,7.3
7948,1.9444289207458496,7.3
7949,1.9447544813156128,7.3
7950,1.9449707865715027,7.3
7951,1.9458075761795044,7.3
7952,1.9458305835723877,7.3
7953,1.9459248185157776,7.3
7954,1.946132481098175,7.3
7955,1.9463447332382202,7.3
7956,1.9467064142227173,7.3
7957,1.9468330144882202,7.3
7958,1.9470474123954773,7.3
7959,1.947473168373108,7.3
7960,1.9475071430206299,7.3
7961,1.947601556777954,7.3
7962,1.9476635456085205,7.3
7963,1.9476661086082458,7.3
7964,1.947800636291504,7.3
7965,1.9485489130020142,7.3
7966,1.9485809803009033,7.3
7967,1.9495649337768555,7.3
7968,1.9496872425079346,7.3
7969,1.9497268795967102,7.3
7970,1.9499732851982117,7.3
7971,1.9500555396080017,7.3
7972,1.950291395187378,7.3
7973,1.9505193829536438,7.3
7974,1.950523316860199,7.3
7975,1.9505317211151123,7.3
7976,1.950535535812378,7.3
7977,1.950555145740509,7.3
7978,1.9508433938026428,7.3
7979,1.9508748650550842,7.3
7980,1.9510321617126465,7.3
7981,1.9511799216270447,7.3
7982,1.9513843655586243,7.3
7983,1.9514449834823608,7.3
7984,1.9518131613731384,7.3
7985,1.9519045948982239,7.3
7986,1.9524157643318176,7.3
7987,1.9525196552276611,7.3
7988,1.9525274634361267,7.3
7989,1.952874779701233,7.3
7990,1.9529890418052673,7.3
7991,1.9531151056289673,7.3
7992,1.9532840847969055,7.3
7993,1.953661322593689,7.3
7994,1.95404052734375,7.3
7995,1.9542215466499329,7.3
7996,1.9545851945877075,7.3
7997,1.9547376036643982,7.3
7998,1.955252230167389,7.3
7999,1.955351173877716,7.3
8000,1.9554395079612732,7.3
8001,1.9555182456970215,7.3
8002,1.956050455570221,7.3
8003,1.9572818875312805,7.3
8004,1.957309603691101,7.3
8005,1.9573312401771545,7.3
8006,1.9580142498016357,7.3
8007,1.9580723643302917,7.3
8008,1.9586589932441711,7.3
8009,1.9590412378311157,7.3
8010,1.959706962108612,7.3
8011,1.9598257541656494,7.3
8012,1.9599215388298035,7.3
8013,1.9599655866622925,7.3
8014,1.9600028991699219,7.4
8015,1.9600809812545776,7.4
8016,1.9601874947547913,7.4
8017,1.9601945877075195,7.4
8018,1.96034175157547,7.4
8019,1.9604896903038025,7.4
8020,1.9605367183685303,7.4
8021,1.9606943130493164,7.4
8022,1.9609172344207764,7.4
8023,1.9610469937324524,7.4
8024,1.96132493019104,7.4
8025,1.9615364074707031,7.4
8026,1.9616799354553223,7.4
8027,1.9617958068847656,7.4
8028,1.961923599243164,7.4
8029,1.9619285464286804,7.4
8030,1.9624267220497131,7.4
8031,1.962524175643921,7.4
8032,1.9626047015190125,7.4
8033,1.9627281427383423,7.4
8034,1.9631446599960327,7.4
8035,1.9632116556167603,7.4
8036,1.9632855653762817,7.4
8037,1.9635680317878723,7.4
8038,1.9640464186668396,7.4
8039,1.964293658733368,7.4
8040,1.965014636516571,7.4
8041,1.9661790132522583,7.4
8042,1.9662365913391113,7.4
8043,1.9664424061775208,7.4
8044,1.966564953327179,7.4
8045,1.9669856429100037,7.4
8046,1.9670814871788025,7.4
8047,1.96715646982193,7.4
8048,1.9675300121307373,7.4
8049,1.9676180481910706,7.4
8050,1.9676305055618286,7.4
8051,1.9676494002342224,7.4
8052,1.9684434533119202,7.4
8053,1.9688794016838074,7.4
8054,1.969126582145691,7.4
8055,1.9692115187644958,7.4
8056,1.969455361366272,7.4
8057,1.9699859023094177,7.4
8058,1.9702207446098328,7.4
8059,1.9703065752983093,7.4
8060,1.9706012606620789,7.4
8061,1.9706652760505676,7.4
8062,1.9712005257606506,7.4
8063,1.971325933933258,7.4
8064,1.9721136689186096,7.4
8065,1.9722960591316223,7.4
8066,1.9725443124771118,7.4
8067,1.9727073311805725,7.4
8068,1.9727747440338135,7.4
8069,1.973274052143097,7.4
8070,1.9732900857925415,7.4
8071,1.973779320716858,7.4
8072,1.9740976095199585,7.4
8073,1.9742719531059265,7.4
8074,1.9750349521636963,7.4
8075,1.9750874638557434,7.5
8076,1.9752606749534607,7.5
8077,1.9753988981246948,7.5
8078,1.9755145907402039,7.5
8079,1.9755401611328125,7.5
8080,1.9756702184677124,7.5
8081,1.9757059812545776,7.5
8082,1.9757062792778015,7.5
8083,1.9759549498558044,7.5
8084,1.9759640097618103,7.5
8085,1.976007878780365,7.5
8086,1.9764044284820557,7.5
8087,1.9765328168869019,7.5
8088,1.9774510860443115,7.5
8089,1.9775239825248718,7.5
8090,1.9775334000587463,7.5
8091,1.9777527451515198,7.5
8092,1.9782978892326355,7.5
8093,1.9783060550689697,7.5
8094,1.9784920811653137,7.5
8095,1.9786051511764526,7.5
8096,1.97865891456604,7.5
8097,1.9787198305130005,7.5
8098,1.9788768291473389,7.5
8099,1.978898823261261,7.5
8100,1.9792110919952393,7.5
8101,1.9792785048484802,7.5
8102,1.979769229888916,7.5
8103,1.97993004322052,7.5
8104,1.9799519777297974,7.5
8105,1.9805194735527039,7.5
8106,1.9810853600502014,7.5
8107,1.982265055179596,7.5
8108,1.982439398765564,7.5
8109,1.982448160648346,7.5
8110,1.9825236201286316,7.5
8111,1.983116626739502,7.5
8112,1.9837434887886047,7.5
8113,1.9844444394111633,7.5
8114,1.984665036201477,7.5
8115,1.9848437309265137,7.5
8116,1.9851866960525513,7.5
8117,1.9852070808410645,7.5
8118,1.985542118549347,7.5
8119,1.9857463240623474,7.5
8120,1.9860416054725647,7.5
8121,1.9861999154090881,7.5
8122,1.9864854216575623,7.5
8123,1.986550748348236,7.5
8124,1.9865561723709106,7.5
8125,1.9868335127830505,7.5
8126,1.9869263768196106,7.5
8127,1.9869565963745117,7.5
8128,1.987027645111084,7.5
8129,1.9872255325317383,7.5
8130,1.9875273704528809,7.5
8131,1.9878408908843994,7.5
8132,1.987861156463623,7.5
8133,1.9879688024520874,7.5
8134,1.9880632162094116,7.5
8135,1.9885419011116028,7.5
8136,1.9895158410072327,7.5
8137,1.9897575378417969,7.5
8138,1.9898492097854614,7.5
8139,1.9899150133132935,7.5
8140,1.9903069734573364,7.5
8141,1.990451693534851,7.5
8142,1.9912863969802856,7.5
8143,1.9913596510887146,7.5
8144,1.9913907647132874,7.5
8145,1.9916273951530457,7.5
8146,1.9916404485702515,7.5
8147,1.9916843175888062,7.5
8148,1.992398738861084,7.5
8149,1.992705523967743,7.5
8150,1.9930680990219116,7.5
8151,1.993420660495758,7.5
8152,1.9934362769126892,7.5
8153,1.9935336709022522,7.5
8154,1.9935631155967712,7.5
8155,1.9942564368247986,7.5
8156,1.9945819973945618,7.5
8157,1.9946943521499634,7.5
8158,1.9948064088821411,7.5
8159,1.994973599910736,7.5
8160,1.9950398206710815,7.5
8161,1.9951359033584595,7.5
8162,1.99515700340271,7.5
8163,1.9953752160072327,7.5
8164,1.995399534702301,7.5
8165,1.9959142804145813,7.5
8166,1.995944321155548,7.5
8167,1.9962245225906372,7.5
8168,1.996391236782074,7.5
8169,1.996971607208252,7.5
8170,1.9975513815879822,7.5
8171,1.9975718259811401,7.5
8172,1.9976108074188232,7.5
8173,1.997911274433136,7.5
8174,1.9979350566864014,7.5
8175,1.9981266260147095,7.5
8176,1.9982617497444153,7.5
8177,1.9982625842094421,7.5
8178,1.9983015060424805,7.5
8179,1.9983538389205933,7.5
8180,1.9983580112457275,7.5
8181,1.9985376000404358,7.5
8182,1.9986068606376648,7.5
8183,1.9986998438835144,7.6
8184,1.9990434646606445,7.6
8185,1.9992927312850952,7.6
8186,1.999984085559845,7.6
8187,2.0003098249435425,7.6
8188,2.000317335128784,7.6
8189,2.000425100326538,7.6
8190,2.0008610486984253,7.6
8191,2.001196324825287,7.6
8192,2.0012181997299194,7.6
8193,2.0014196038246155,7.6
8194,2.001556694507599,7.6
8195,2.0018550157546997,7.6
8196,2.0019602179527283,7.6
8197,2.002194404602051,7.6
8198,2.002358317375183,7.6
8199,2.002992272377014,7.6
8200,2.0030526518821716,7.6
8201,2.00386506319046,7.6
8202,2.004030704498291,7.6
8203,2.0044376254081726,7.6
8204,2.0049405694007874,7.6
8205,2.0050030946731567,7.6
8206,2.005089819431305,7.6
8207,2.0053516626358032,7.6
8208,2.0064151883125305,7.6
8209,2.0065552592277527,7.6
8210,2.0067376494407654,7.6
8211,2.006748914718628,7.6
8212,2.0073558688163757,7.6
8213,2.008016049861908,7.6
8214,2.008145332336426,7.6
8215,2.0084778666496277,7.6
8216,2.0084795355796814,7.6
8217,2.008826971054077,7.6
8218,2.008964240550995,7.6
8219,2.0092889070510864,7.6
8220,2.009646773338318,7.6
8221,2.010222315788269,7.6
8222,2.0104289650917053,7.6
8223,2.010550022125244,7.6
8224,2.0106160044670105,7.6
8225,2.0112011432647705,7.6
8226,2.0119731426239014,7.6
8227,2.012094259262085,7.6
8228,2.0126489996910095,7.6
8229,2.0127562284469604,7.6
8230,2.0130950808525085,7.6
8231,2.013852596282959,7.6
8232,2.014012396335602,7.6
8233,2.0141811966896057,7.6
8234,2.0146618485450745,7.6
8235,2.0147558450698853,7.6
8236,2.0150418877601624,7.6
8237,2.015320301055908,7.6
8238,2.01534503698349,7.6
8239,2.015636444091797,7.6
8240,2.015727460384369,7.6
8241,2.0160794258117676,7.6
8242,2.0163437724113464,7.6
8243,2.016585886478424,7.6
8244,2.0167053937911987,7.6
8245,2.016713798046112,7.6
8246,2.017201542854309,7.6
8247,2.01727557182312,7.6
8248,2.0176395177841187,7.6
8249,2.0176444053649902,7.6
8250,2.017776668071747,7.7
8251,2.019024610519409,7.7
8252,2.019085645675659,7.7
8253,2.019142508506775,7.7
8254,2.0194538831710815,7.7
8255,2.019480288028717,7.7
8256,2.019578695297241,7.7
8257,2.0196163058280945,7.7
8258,2.0197815895080566,7.7
8259,2.0199795961380005,7.7
8260,2.0202630758285522,7.7
8261,2.0203155279159546,7.7
8262,2.020441710948944,7.7
8263,2.020468771457672,7.7
8264,2.02058345079422,7.7
8265,2.0207679867744446,7.7
8266,2.0209478735923767,7.7
8267,2.021096169948578,7.7
8268,2.021134912967682,7.7
8269,2.0214884281158447,7.7
8270,2.021548569202423,7.7
8271,2.021662950515747,7.7
8272,2.02196341753006,7.7
8273,2.0220999121665955,7.7
8274,2.0222184658050537,7.7
8275,2.0223885774612427,7.7
8276,2.0224180221557617,7.7
8277,2.0225017070770264,7.7
8278,2.0225701332092285,7.7
8279,2.022625207901001,7.7
8280,2.0227811336517334,7.7
8281,2.023007035255432,7.7
8282,2.0230207443237305,7.7
8283,2.0234434604644775,7.7
8284,2.023535668849945,7.7
8285,2.023653268814087,7.7
8286,2.023879587650299,7.7
8287,2.0239304304122925,7.7
8288,2.0239988565444946,7.7
8289,2.0241182446479797,7.7
8290,2.024125099182129,7.7
8291,2.0241539478302,7.7
8292,2.024264097213745,7.7
8293,2.0244657397270203,7.7
8294,2.0245347023010254,7.7
8295,2.024671494960785,7.7
8296,2.0247762799263,7.7
8297,2.0251280665397644,7.7
8298,2.0251914858818054,7.7
8299,2.025493621826172,7.7
8300,2.0255929231643677,7.7
8301,2.0257714986801147,7.7
8302,2.0257955193519592,7.7
8303,2.026370644569397,7.7
8304,2.0265108346939087,7.7
8305,2.026739478111267,7.7
8306,2.0269212126731873,7.7
8307,2.0271036624908447,7.7
8308,2.0276780128479004,7.7
8309,2.0279237031936646,7.7
8310,2.027998924255371,7.7
8311,2.0280808806419373,7.7
8312,2.0285542011260986,7.7
8313,2.0288466215133667,7.7
8314,2.029065787792206,7.7
8315,2.0291470885276794,7.7
8316,2.029464602470398,7.7
8317,2.0297529101371765,7.7
8318,2.029785454273224,7.7
8319,2.029862701892853,7.7
8320,2.030021846294403,7.7
8321,2.030022144317627,7.7
8322,2.0300248861312866,7.7
8323,2.030162811279297,7.7
8324,2.03065824508667,7.7
8325,2.030708968639374,7.7
8326,2.030788779258728,7.7
8327,2.0310962200164795,7.8
8328,2.0318227410316467,7.8
8329,2.032064914703369,7.8
8330,2.032156467437744,7.8
8331,2.032266676425934,7.8
8332,2.03258216381073,7.8
8333,2.0326441526412964,7.8
8334,2.0327269434928894,7.8
8335,2.032854378223419,7.8
8336,2.032919704914093,7.8
8337,2.0329726338386536,7.8
8338,2.0335352420806885,7.8
8339,2.03401917219162,7.8
8340,2.0343193411827087,7.8
8341,2.034488081932068,7.8
8342,2.034671127796173,7.8
8343,2.0347108840942383,7.8
8344,2.0348657369613647,7.8
8345,2.035223126411438,7.8
8346,2.0356507301330566,7.8
8347,2.035703182220459,7.8
8348,2.035733640193939,7.8
8349,2.036084771156311,7.8
8350,2.0368173122406006,7.8
8351,2.0368725061416626,7.8
8352,2.0368902683258057,7.8
8353,2.037459373474121,7.8
8354,2.0374910831451416,7.8
8355,2.0377877950668335,7.8
8356,2.037922739982605,7.8
8357,2.038551092147827,7.8
8358,2.0386409759521484,7.8
8359,2.038695216178894,7.8
8360,2.0389490723609924,7.8
8361,2.039095938205719,7.8
8362,2.039767861366272,7.8
8363,2.0399887561798096,7.8
8364,2.040238082408905,7.8
8365,2.040602922439575,7.8
8366,2.0408114194869995,7.8
8367,2.0411473512649536,7.8
8368,2.041478157043457,7.8
8369,2.0415709018707275,7.8
8370,2.0417436957359314,7.8
8371,2.042012095451355,7.8
8372,2.042944312095642,7.8
8373,2.0430103540420532,7.8
8374,2.04341983795166,7.8
8375,2.0436721444129944,7.8
8376,2.0437119603157043,7.8
8377,2.0437800884246826,7.8
8378,2.043993294239044,7.8
8379,2.0442728996276855,7.8
8380,2.044709265232086,7.8
8381,2.0450868606567383,7.8
8382,2.045097827911377,7.8
8383,2.045148491859436,7.8
8384,2.045416533946991,7.8
8385,2.0454761385917664,7.8
8386,2.0455141067504883,7.8
8387,2.0458807349205017,7.8
8388,2.045981705188751,7.8
8389,2.0461782217025757,7.8
8390,2.046770215034485,7.8
8391,2.047043740749359,7.8
8392,2.047186553478241,7.8
8393,2.0472391843795776,7.8
8394,2.04779314994812,7.8
8395,2.0479997396469116,7.8
8396,2.048614978790283,7.8
8397,2.049647629261017,7.8
8398,2.050073981285095,7.8
8399,2.0504223108291626,7.8
8400,2.0504515767097473,7.8
8401,2.0505630373954773,7.8
8402,2.0505771040916443,7.8
8403,2.0508121848106384,7.8
8404,2.051397919654846,7.8
8405,2.0519105195999146,7.8
8406,2.0519481897354126,7.8
8407,2.0525906085968018,7.8
8408,2.052985191345215,7.8
8409,2.053542137145996,7.8
8410,2.0535539388656616,7.8
8411,2.053700089454651,7.8
8412,2.0537888407707214,7.8
8413,2.0539583563804626,7.8
8414,2.054104804992676,7.8
8415,2.0541828870773315,7.8
8416,2.0542393922805786,7.8
8417,2.0546202659606934,7.8
8418,2.055122137069702,7.9
8419,2.055143415927887,7.9
8420,2.0552996397018433,7.9
8421,2.055434226989746,7.9
8422,2.056035280227661,7.9
8423,2.0562998056411743,7.9
8424,2.0563231110572815,7.9
8425,2.0564374923706055,7.9
8426,2.0564545392990112,7.9
8427,2.056885242462158,7.9
8428,2.0569499731063843,7.9
8429,2.0569512844085693,7.9
8430,2.0570268630981445,7.9
8431,2.057447373867035,7.9
8432,2.0579148530960083,7.9
8433,2.0580556988716125,7.9
8434,2.0582640171051025,7.9
8435,2.0586400032043457,7.9
8436,2.059051275253296,7.9
8437,2.0592329502105713,7.9
8438,2.059778094291687,7.9
8439,2.0616540908813477,7.9
8440,2.062195658683777,7.9
8441,2.062219262123108,7.9
8442,2.062493622303009,7.9
8443,2.0625030994415283,7.9
8444,2.0625834465026855,7.9
8445,2.0626489520072937,7.9
8446,2.0628151297569275,7.9
8447,2.062893509864807,7.9
8448,2.063162863254547,7.9
8449,2.063970446586609,7.9
8450,2.064257264137268,7.9
8451,2.064459204673767,7.9
8452,2.064459443092346,7.9
8453,2.0649254322052,7.9
8454,2.065402925014496,7.9
8455,2.065527081489563,7.9
8456,2.06561815738678,7.9
8457,2.065632998943329,7.9
8458,2.0663355588912964,7.9
8459,2.066360354423523,7.9
8460,2.0664506554603577,7.9
8461,2.066667675971985,7.9
8462,2.0670886635780334,7.9
8463,2.0675156116485596,7.9
8464,2.067564606666565,7.9
8465,2.067603826522827,7.9
8466,2.0676523447036743,7.9
8467,2.067756175994873,7.9
8468,2.0683390498161316,7.9
8469,2.0683735013008118,7.9
8470,2.068619132041931,7.9
8471,2.0691282153129578,7.9
8472,2.0694774389266968,7.9
8473,2.069866716861725,7.9
8474,2.0702089071273804,7.9
8475,2.0702977180480957,7.9
8476,2.0705795288085938,7.9
8477,2.070721387863159,7.9
8478,2.0710232257843018,7.9
8479,2.071159601211548,7.9
8480,2.07148677110672,7.9
8481,2.0716207027435303,7.9
8482,2.071688652038574,7.9
8483,2.072590470314026,7.9
8484,2.072996973991394,7.9
8485,2.073462963104248,7.9
8486,2.0734992027282715,7.9
8487,2.073602080345154,8.0
8488,2.0736053586006165,8.0
8489,2.0747169256210327,8.0
8490,2.074873208999634,8.0
8491,2.074946641921997,8.0
8492,2.075255274772644,8.0
8493,2.0756218433380127,8.0
8494,2.0756704807281494,8.0
8495,2.075834035873413,8.0
8496,2.075842261314392,8.0
8497,2.075993239879608,8.0
8498,2.0769232511520386,8.0
8499,2.0771713852882385,8.0
8500,2.077759265899658,8.0
8501,2.078261613845825,8.0
8502,2.0785889625549316,8.0
8503,2.079469680786133,8.0
8504,2.079550623893738,8.0
8505,2.080659031867981,8.0
8506,2.081313133239746,8.0
8507,2.081345558166504,8.0
8508,2.081539273262024,8.0
8509,2.082229495048523,8.0
8510,2.082824230194092,8.0
8511,2.0829966068267822,8.0
8512,2.0838327407836914,8.0
8513,2.0838370323181152,8.0
8514,2.0838922262191772,8.0
8515,2.084136128425598,8.0
8516,2.084406852722168,8.0
8517,2.0847262144088745,8.0
8518,2.0848158597946167,8.0
8519,2.085137128829956,8.0
8520,2.0852248072624207,8.0
8521,2.0855358839035034,8.0
8522,2.085773766040802,8.0
8523,2.0858717560768127,8.0
8524,2.086138606071472,8.0
8525,2.0863174200057983,8.0
8526,2.08644962310791,8.0
8527,2.086780548095703,8.0
8528,2.086851477622986,8.0
8529,2.087033987045288,8.0
8530,2.087229371070862,8.0
8531,2.0873777866363525,8.0
8532,2.0875386595726013,8.0
8533,2.088291049003601,8.0
8534,2.0883360505104065,8.0
8535,2.088902473449707,8.0
8536,2.089285373687744,8.0
8537,2.0895498991012573,8.0
8538,2.0906004905700684,8.0
8539,2.0907634496688843,8.0
8540,2.0910927057266235,8.0
8541,2.0914164781570435,8.0
8542,2.091615319252014,8.0
8543,2.0919851660728455,8.0
8544,2.0920437574386597,8.0
8545,2.0924553871154785,8.0
8546,2.0927629470825195,8.0
8547,2.0931402444839478,8.0
8548,2.093217611312866,8.0
8549,2.093286454677582,8.0
8550,2.093446373939514,8.0
8551,2.0934860706329346,8.0
8552,2.093598425388336,8.0
8553,2.093732237815857,8.0
8554,2.0941420793533325,8.0
8555,2.094157576560974,8.0
8556,2.0942962169647217,8.0
8557,2.0947251319885254,8.0
8558,2.0949193239212036,8.0
8559,2.095136284828186,8.0
8560,2.0952452421188354,8.0
8561,2.0957322120666504,8.0
8562,2.096266984939575,8.0
8563,2.0962722301483154,8.0
8564,2.0965211987495422,8.0
8565,2.097470283508301,8.0
8566,2.0974878072738647,8.0
8567,2.0976154804229736,8.0
8568,2.0977540016174316,8.0
8569,2.0979511737823486,8.0
8570,2.098123788833618,8.0
8571,2.0983112454414368,8.0
8572,2.0988200902938843,8.0
8573,2.099167823791504,8.1
8574,2.0993428826332092,8.1
8575,2.0995657444000244,8.1
8576,2.1000369787216187,8.1
8577,2.100241541862488,8.1
8578,2.100266695022583,8.1
8579,2.1010947227478027,8.1
8580,2.1011669039726257,8.1
8581,2.101486325263977,8.1
8582,2.101657271385193,8.1
8583,2.10175222158432,8.1
8584,2.101923108100891,8.1
8585,2.1030193567276,8.1
8586,2.1032721996307373,8.1
8587,2.1034539341926575,8.1
8588,2.1035733222961426,8.1
8589,2.1038097143173218,8.1
8590,2.1039960384368896,8.1
8591,2.1040120124816895,8.1
8592,2.1040952801704407,8.1
8593,2.10453200340271,8.1
8594,2.1046087741851807,8.1
8595,2.1046793460845947,8.1
8596,2.1050190925598145,8.1
8597,2.105034649372101,8.1
8598,2.1051849126815796,8.1
8599,2.1056325435638428,8.1
8600,2.1058238744735718,8.1
8601,2.1059277057647705,8.1
8602,2.106131076812744,8.1
8603,2.106274366378784,8.1
8604,2.106494426727295,8.1
8605,2.1065452098846436,8.1
8606,2.107033371925354,8.1
8607,2.1072598695755005,8.1
8608,2.108237385749817,8.1
8609,2.1085621118545532,8.1
8610,2.1090559363365173,8.1
8611,2.10922634601593,8.1
8612,2.109701156616211,8.1
8613,2.1101348400115967,8.1
8614,2.1103212237358093,8.1
8615,2.110743761062622,8.1
8616,2.113639712333679,8.1
8617,2.1136558651924133,8.1
8618,2.1136656999588013,8.1
8619,2.1136767864227295,8.1
8620,2.11379611492157,8.1
8621,2.11392879486084,8.1
8622,2.113973617553711,8.1
8623,2.1140443086624146,8.1
8624,2.1140586733818054,8.1
8625,2.1141419410705566,8.1
8626,2.1142714619636536,8.1
8627,2.114810347557068,8.1
8628,2.1149224042892456,8.1
8629,2.115051031112671,8.1
8630,2.115722179412842,8.1
8631,2.1159768104553223,8.1
8632,2.1160980463027954,8.1
8633,2.116471290588379,8.1
8634,2.1165170669555664,8.1
8635,2.1166893243789673,8.1
8636,2.117049813270569,8.1
8637,2.118349552154541,8.1
8638,2.1184297800064087,8.1
8639,2.118722677230835,8.1
8640,2.1190727949142456,8.1
8641,2.119114637374878,8.1
8642,2.1191383600234985,8.1
8643,2.1193926334381104,8.1
8644,2.11954927444458,8.1
8645,2.119564414024353,8.1
8646,2.1196532249450684,8.1
8647,2.1197539567947388,8.1
8648,2.1197813749313354,8.1
8649,2.1199612617492676,8.1
8650,2.119963526725769,8.1
8651,2.1199774742126465,8.1
8652,2.1206263303756714,8.1
8653,2.1208847761154175,8.1
8654,2.1213443279266357,8.1
8655,2.1213643550872803,8.1
8656,2.121452033519745,8.1
8657,2.121511697769165,8.1
8658,2.1223443746566772,8.1
8659,2.1226741075515747,8.2
8660,2.1234558820724487,8.2
8661,2.123790979385376,8.2
8662,2.1238808631896973,8.2
8663,2.1238863468170166,8.2
8664,2.1242979764938354,8.2
8665,2.1245511770248413,8.2
8666,2.1247562170028687,8.2
8667,2.1247830390930176,8.2
8668,2.1252509355545044,8.2
8669,2.1253172159194946,8.2
8670,2.1253374814987183,8.2
8671,2.1253873109817505,8.2
8672,2.125439167022705,8.2
8673,2.1258660554885864,8.2
8674,2.1262757778167725,8.2
8675,2.126309871673584,8.2
8676,2.1264123916625977,8.2
8677,2.1266371607780457,8.2
8678,2.126768469810486,8.2
8679,2.127041816711426,8.2
8680,2.127292037010193,8.2
8681,2.127318024635315,8.2
8682,2.127458691596985,8.2
8683,2.1274595260620117,8.2
8684,2.1278566122055054,8.2
8685,2.1283780336380005,8.2
8686,2.1286797523498535,8.2
8687,2.1297236680984497,8.2
8688,2.1297826766967773,8.2
8689,2.1300570964813232,8.2
8690,2.1303118467330933,8.2
8691,2.1308504343032837,8.2
8692,2.13112735748291,8.2
8693,2.1313467025756836,8.2
8694,2.1314278841018677,8.2
8695,2.1314587593078613,8.2
8696,2.131560802459717,8.2
8697,2.1316304206848145,8.2
8698,2.1316927671432495,8.2
8699,2.1321816444396973,8.2
8700,2.132189393043518,8.2
8701,2.132491707801819,8.2
8702,2.1332849264144897,8.2
8703,2.133549690246582,8.2
8704,2.133561074733734,8.2
8705,2.133562207221985,8.2
8706,2.1336052417755127,8.2
8707,2.1342334747314453,8.2
8708,2.134255051612854,8.2
8709,2.134527802467346,8.2
8710,2.134629011154175,8.2
8711,2.1350972652435303,8.2
8712,2.135258436203003,8.2
8713,2.1356258392333984,8.2
8714,2.1356910467147827,8.2
8715,2.1357983350753784,8.2
8716,2.1361448764801025,8.2
8717,2.1364707946777344,8.2
8718,2.137620687484741,8.2
8719,2.137801170349121,8.2
8720,2.1381152868270874,8.2
8721,2.1381492614746094,8.2
8722,2.1382001638412476,8.2
8723,2.138548970222473,8.2
8724,2.1386605501174927,8.2
8725,2.1390323638916016,8.2
8726,2.1390403509140015,8.2
8727,2.1392165422439575,8.2
8728,2.1392297744750977,8.2
8729,2.139412045478821,8.2
8730,2.1394450664520264,8.2
8731,2.140346050262451,8.2
8732,2.1408902406692505,8.2
8733,2.141067326068878,8.2
8734,2.141499161720276,8.2
8735,2.141586661338806,8.2
8736,2.1417537927627563,8.2
8737,2.1420897245407104,8.3
8738,2.1426498889923096,8.3
8739,2.142770528793335,8.3
8740,2.1428794860839844,8.3
8741,2.1430447697639465,8.3
8742,2.143324375152588,8.3
8743,2.143360137939453,8.3
8744,2.1437501907348633,8.3
8745,2.143972396850586,8.3
8746,2.1445144414901733,8.3
8747,2.1447675228118896,8.3
8748,2.1452178955078125,8.3
8749,2.14522922039032,8.3
8750,2.1458492279052734,8.3
8751,2.1460938453674316,8.3
8752,2.146182894706726,8.3
8753,2.146396517753601,8.3
8754,2.1467705965042114,8.3
8755,2.146809935569763,8.3
8756,2.147613525390625,8.3
8757,2.1476752758026123,8.3
8758,2.147762656211853,8.3
8759,2.147909164428711,8.3
8760,2.1480175256729126,8.3
8761,2.148417592048645,8.3
8762,2.148452043533325,8.3
8763,2.148762822151184,8.3
8764,2.149049758911133,8.3
8765,2.1490575075149536,8.3
8766,2.1492397785186768,8.3
8767,2.149560809135437,8.3
8768,2.1497057676315308,8.3
8769,2.1498430967330933,8.3
8770,2.1502773761749268,8.3
8771,2.150453209877014,8.3
8772,2.150607705116272,8.3
8773,2.1507229804992676,8.3
8774,2.150964617729187,8.3
8775,2.1515685319900513,8.3
8776,2.1519170999526978,8.3
8777,2.1521573066711426,8.3
8778,2.152673840522766,8.3
8779,2.1528674364089966,8.3
8780,2.1532702445983887,8.3
8781,2.1536190509796143,8.3
8782,2.1542434692382812,8.3
8783,2.1542657613754272,8.3
8784,2.1543017625808716,8.3
8785,2.1561049222946167,8.3
8786,2.156363010406494,8.3
8787,2.1568329334259033,8.3
8788,2.15690279006958,8.3
8789,2.1569374799728394,8.3
8790,2.1570900678634644,8.3
8791,2.157206177711487,8.3
8792,2.157627284526825,8.3
8793,2.1576380133628845,8.3
8794,2.157974600791931,8.3
8795,2.158093810081482,8.3
8796,2.1581705808639526,8.3
8797,2.1586508750915527,8.3
8798,2.158745765686035,8.3
8799,2.1587748527526855,8.3
8800,2.158915340900421,8.3
8801,2.159139037132263,8.3
8802,2.1601321697235107,8.3
8803,2.1602673530578613,8.3
8804,2.161498785018921,8.3
8805,2.1615251302719116,8.3
8806,2.1617242097854614,8.3
8807,2.1624726057052612,8.3
8808,2.1630256175994873,8.3
8809,2.1630709171295166,8.3
8810,2.1631489992141724,8.3
8811,2.1632349491119385,8.3
8812,2.163388252258301,8.3
8813,2.1633965969085693,8.4
8814,2.163830041885376,8.4
8815,2.1641061305999756,8.4
8816,2.1642731428146362,8.4
8817,2.164558172225952,8.4
8818,2.1648975610733032,8.4
8819,2.165217876434326,8.4
8820,2.165482521057129,8.4
8821,2.165884256362915,8.4
8822,2.166120409965515,8.4
8823,2.1662566661834717,8.4
8824,2.166381597518921,8.4
8825,2.166518211364746,8.4
8826,2.1665854454040527,8.4
8827,2.1665879487991333,8.4
8828,2.1669493913650513,8.4
8829,2.167137861251831,8.4
8830,2.1680805683135986,8.4
8831,2.1685092449188232,8.4
8832,2.168519616127014,8.4
8833,2.16854190826416,8.4
8834,2.1686521768569946,8.4
8835,2.1687525510787964,8.4
8836,2.169106364250183,8.4
8837,2.169157028198242,8.4
8838,2.1692036390304565,8.4
8839,2.169831156730652,8.4
8840,2.1701560020446777,8.4
8841,2.1703802347183228,8.4
8842,2.170727252960205,8.4
8843,2.1707836389541626,8.4
8844,2.1715335845947266,8.4
8845,2.171615719795227,8.4
8846,2.1719095706939697,8.4
8847,2.1720235347747803,8.4
8848,2.1720452308654785,8.4
8849,2.1723157167434692,8.4
8850,2.172489047050476,8.4
8851,2.1729447841644287,8.4
8852,2.173182249069214,8.4
8853,2.1738064289093018,8.4
8854,2.1741541624069214,8.4
8855,2.1742920875549316,8.4
8856,2.1743422746658325,8.4
8857,2.174965262413025,8.4
8858,2.175275206565857,8.4
8859,2.175412654876709,8.4
8860,2.1756869554519653,8.4
8861,2.1758222579956055,8.4
8862,2.1759684085845947,8.4
8863,2.177484393119812,8.4
8864,2.1775208711624146,8.4
8865,2.1777169704437256,8.4
8866,2.1777656078338623,8.4
8867,2.1778512001037598,8.4
8868,2.1783825159072876,8.4
8869,2.1787986755371094,8.4
8870,2.178850531578064,8.4
8871,2.1790159940719604,8.4
8872,2.179100275039673,8.4
8873,2.1792593002319336,8.4
8874,2.1796891689300537,8.4
8875,2.1800190210342407,8.4
8876,2.1801780462265015,8.4
8877,2.1804096698760986,8.4
8878,2.1806180477142334,8.4
8879,2.181053876876831,8.4
8880,2.1815497875213623,8.4
8881,2.181993007659912,8.4
8882,2.182093024253845,8.4
8883,2.1826506853103638,8.4
8884,2.1828534603118896,8.4
8885,2.1829177141189575,8.4
8886,2.1830416321754456,8.4
8887,2.1830540895462036,8.4
8888,2.1836153268814087,8.4
8889,2.183990716934204,8.4
8890,2.18402898311615,8.4
8891,2.184200882911682,8.4
8892,2.1846954822540283,8.5
8893,2.184919238090515,8.5
8894,2.1858690977096558,8.5
8895,2.1859822273254395,8.5
8896,2.1867218017578125,8.5
8897,2.186815619468689,8.5
8898,2.187055826187134,8.5
8899,2.1873587369918823,8.5
8900,2.1875603199005127,8.5
8901,2.1876752376556396,8.5
8902,2.187726378440857,8.5
8903,2.1878925561904907,8.5
8904,2.188075304031372,8.5
8905,2.1885106563568115,8.5
8906,2.188520669937134,8.5
8907,2.1887844800949097,8.5
8908,2.188917636871338,8.5
8909,2.189042091369629,8.5
8910,2.189253330230713,8.5
8911,2.189298987388611,8.5
8912,2.1898223161697388,8.5
8913,2.189854145050049,8.5
8914,2.1901068687438965,8.5
8915,2.1905590295791626,8.5
8916,2.191223382949829,8.5
8917,2.191315174102783,8.5
8918,2.1913777589797974,8.5
8919,2.191569685935974,8.5
8920,2.191701889038086,8.5
8921,2.191848635673523,8.5
8922,2.1918946504592896,8.5
8923,2.1920406818389893,8.5
8924,2.1923635005950928,8.5
8925,2.19291353225708,8.5
8926,2.193329691886902,8.5
8927,2.193330764770508,8.5
8928,2.193406581878662,8.5
8929,2.1934643983840942,8.5
8930,2.1936607360839844,8.5
8931,2.1941148042678833,8.5
8932,2.1942089796066284,8.5
8933,2.194619655609131,8.5
8934,2.1957321166992188,8.5
8935,2.195812940597534,8.5
8936,2.19599187374115,8.5
8937,2.196100413799286,8.5
8938,2.1963732838630676,8.5
8939,2.196600079536438,8.5
8940,2.196850538253784,8.5
8941,2.1969215273857117,8.5
8942,2.1972413063049316,8.5
8943,2.1972479820251465,8.5
8944,2.197352886199951,8.5
8945,2.1973975896835327,8.5
8946,2.198348879814148,8.5
8947,2.198516845703125,8.5
8948,2.199028730392456,8.5
8949,2.1991440057754517,8.5
8950,2.199583649635315,8.5
8951,2.2009068727493286,8.5
8952,2.2010143995285034,8.5
8953,2.2010536193847656,8.5
8954,2.2011836767196655,8.6
8955,2.2013436555862427,8.6
8956,2.20160174369812,8.6
8957,2.201655864715576,8.6
8958,2.201677680015564,8.6
8959,2.201741576194763,8.6
8960,2.2017756700515747,8.6
8961,2.2020384073257446,8.6
8962,2.2026480436325073,8.6
8963,2.2027846574783325,8.6
8964,2.203003406524658,8.6
8965,2.2031288146972656,8.6
8966,2.2031649351119995,8.6
8967,2.20325243473053,8.6
8968,2.203291654586792,8.6
8969,2.203431248664856,8.6
8970,2.2035237550735474,8.6
8971,2.2037097811698914,8.6
8972,2.203957438468933,8.6
8973,2.204052209854126,8.6
8974,2.204286575317383,8.6
8975,2.2042967081069946,8.6
8976,2.2045117616653442,8.6
8977,2.204691171646118,8.6
8978,2.2051106691360474,8.6
8979,2.205219030380249,8.6
8980,2.2053921222686768,8.6
8981,2.205982804298401,8.6
8982,2.2061301469802856,8.6
8983,2.20615017414093,8.6
8984,2.2067043781280518,8.6
8985,2.2069551944732666,8.6
8986,2.207432746887207,8.6
8987,2.207554519176483,8.6
8988,2.2077008485794067,8.6
8989,2.208074688911438,8.6
8990,2.2082070112228394,8.6
8991,2.2085461616516113,8.6
8992,2.208548426628113,8.6
8993,2.2085927724838257,8.6
8994,2.208834409713745,8.6
8995,2.2090532779693604,8.6
8996,2.2096232175827026,8.6
8997,2.210113763809204,8.6
8998,2.2102948427200317,8.6
8999,2.2104668617248535,8.6
9000,2.210513949394226,8.6
9001,2.210535764694214,8.6
9002,2.211138367652893,8.6
9003,2.2117578387260437,8.6
9004,2.211973190307617,8.6
9005,2.212026834487915,8.6
9006,2.2120686769485474,8.6
9007,2.2129968404769897,8.6
9008,2.2130043506622314,8.6
9009,2.2131693363189697,8.6
9010,2.213260531425476,8.6
9011,2.2134718894958496,8.6
9012,2.213682770729065,8.6
9013,2.2140763998031616,8.6
9014,2.2141637802124023,8.6
9015,2.214223861694336,8.6
9016,2.2143479585647583,8.6
9017,2.214616298675537,8.6
9018,2.214923620223999,8.6
9019,2.215139150619507,8.6
9020,2.215554356575012,8.6
9021,2.2155789136886597,8.6
9022,2.2161903381347656,8.6
9023,2.217017650604248,8.7
9024,2.2171034812927246,8.7
9025,2.2172237634658813,8.7
9026,2.2174423933029175,8.7
9027,2.2177369594573975,8.7
9028,2.2178266048431396,8.7
9029,2.2180821895599365,8.7
9030,2.218471646308899,8.7
9031,2.218621253967285,8.7
9032,2.2189701795578003,8.7
9033,2.2190146446228027,8.7
9034,2.2192472219467163,8.7
9035,2.2193092107772827,8.7
9036,2.2194217443466187,8.7
9037,2.219672679901123,8.7
9038,2.2203639149665833,8.7
9039,2.220550298690796,8.7
9040,2.221108555793762,8.7
9041,2.2212382555007935,8.7
9042,2.2212586402893066,8.7
9043,2.2212659120559692,8.7
9044,2.221782684326172,8.7
9045,2.2219226360321045,8.7
9046,2.2221769094467163,8.7
9047,2.222626566886902,8.7
9048,2.2228243350982666,8.7
9049,2.2232072353363037,8.7
9050,2.2232192754745483,8.7
9051,2.2236111164093018,8.7
9052,2.2246943712234497,8.7
9053,2.2248185873031616,8.7
9054,2.225204825401306,8.7
9055,2.2255125045776367,8.7
9056,2.226868748664856,8.7
9057,2.2268840074539185,8.7
9058,2.22704017162323,8.7
9059,2.2272276878356934,8.7
9060,2.227357506752014,8.7
9061,2.227489471435547,8.7
9062,2.2278226613998413,8.7
9063,2.2278352975845337,8.7
9064,2.2279330492019653,8.7
9065,2.2279765605926514,8.7
9066,2.228323459625244,8.7
9067,2.228416323661804,8.7
9068,2.228454351425171,8.7
9069,2.2284750938415527,8.7
9070,2.2287715673446655,8.7
9071,2.2287862300872803,8.7
9072,2.228946805000305,8.7
9073,2.2290314435958862,8.7
9074,2.2290635108947754,8.7
9075,2.229151725769043,8.7
9076,2.229727268218994,8.7
9077,2.229754090309143,8.7
9078,2.2299922704696655,8.7
9079,2.231277823448181,8.7
9080,2.231576681137085,8.7
9081,2.231726288795471,8.7
9082,2.2319741249084473,8.7
9083,2.232563853263855,8.7
9084,2.2333627939224243,8.7
9085,2.2333797216415405,8.7
9086,2.2335875034332275,8.7
9087,2.2339560985565186,8.7
9088,2.2339612245559692,8.7
9089,2.2343978881835938,8.7
9090,2.234541177749634,8.7
9091,2.234878182411194,8.8
9092,2.2349694967269897,8.8
9093,2.2349945306777954,8.8
9094,2.235069513320923,8.8
9095,2.235109567642212,8.8
9096,2.2351611852645874,8.8
9097,2.2354480028152466,8.8
9098,2.2356388568878174,8.8
9099,2.2357739210128784,8.8
9100,2.236615538597107,8.8
9101,2.2368983030319214,8.8
9102,2.2373268604278564,8.8
9103,2.237877130508423,8.8
9104,2.2379502058029175,8.8
9105,2.238909363746643,8.8
9106,2.2390636205673218,8.8
9107,2.2395838499069214,8.8
9108,2.23983895778656,8.8
9109,2.2400224208831787,8.8
9110,2.2401044368743896,8.8
9111,2.240256428718567,8.8
9112,2.2403299808502197,8.8
9113,2.2404052019119263,8.8
9114,2.2409929037094116,8.8
9115,2.2410244941711426,8.8
9116,2.241259217262268,8.8
9117,2.2414939403533936,8.8
9118,2.2416361570358276,8.8
9119,2.2419737577438354,8.8
9120,2.242266297340393,8.8
9121,2.242360830307007,8.8
9122,2.242649555206299,8.8
9123,2.2437808513641357,8.8
9124,2.2444337606430054,8.8
9125,2.2444872856140137,8.8
9126,2.244650363922119,8.8
9127,2.245098829269409,8.8
9128,2.245145320892334,8.8
9129,2.2452518939971924,8.8
9130,2.2456079721450806,8.8
9131,2.2475963830947876,8.8
9132,2.247889995574951,8.8
9133,2.2481467723846436,8.8
9134,2.2483084201812744,8.8
9135,2.248365640640259,8.8
9136,2.2491341829299927,8.8
9137,2.2491462230682373,8.8
9138,2.2492295503616333,8.8
9139,2.2499529123306274,8.8
9140,2.2504324316978455,8.8
9141,2.2506057620048523,8.8
9142,2.25079607963562,8.8
9143,2.251111626625061,8.8
9144,2.2511738538742065,8.8
9145,2.251772880554199,8.8
9146,2.2517871856689453,8.8
9147,2.2518471479415894,8.8
9148,2.2519640922546387,8.8
9149,2.252118229866028,8.8
9150,2.2524142265319824,8.8
9151,2.2525469064712524,8.8
9152,2.2528167963027954,8.8
9153,2.252889633178711,8.8
9154,2.2536075115203857,8.8
9155,2.253671884536743,8.8
9156,2.253896117210388,8.8
9157,2.2539631128311157,8.8
9158,2.2540667057037354,8.8
9159,2.254201889038086,8.8
9160,2.2542052268981934,8.8
9161,2.2542916536331177,8.8
9162,2.2543420791625977,8.8
9163,2.254451274871826,8.8
9164,2.254727602005005,8.8
9165,2.2548446655273438,8.8
9166,2.2549654245376587,8.8
9167,2.255076766014099,8.8
9168,2.255281090736389,8.8
9169,2.2558478116989136,8.8
9170,2.2561194896698,8.8
9171,2.2561964988708496,8.8
9172,2.2562596797943115,8.8
9173,2.256416440010071,8.8
9174,2.2567137479782104,8.8
9175,2.2581905126571655,8.8
9176,2.2585443258285522,8.9
9177,2.259098529815674,8.9
9178,2.259829521179199,8.9
9179,2.2600607872009277,8.9
9180,2.260291814804077,8.9
9181,2.2606148719787598,8.9
9182,2.260686755180359,8.9
9183,2.260707139968872,8.9
9184,2.261151075363159,8.9
9185,2.2613368034362793,8.9
9186,2.261375665664673,8.9
9187,2.26212477684021,8.9
9188,2.262578845024109,8.9
9189,2.2636196613311768,8.9
9190,2.2640782594680786,8.9
9191,2.2642719745635986,8.9
9192,2.264698028564453,8.9
9193,2.2648199796676636,8.9
9194,2.265628695487976,8.9
9195,2.2657415866851807,8.9
9196,2.2659674882888794,8.9
9197,2.267423391342163,8.9
9198,2.2677183151245117,8.9
9199,2.26786470413208,8.9
9200,2.268782615661621,8.9
9201,2.2688403129577637,8.9
9202,2.2690967321395874,8.9
9203,2.2694451808929443,8.9
9204,2.269806146621704,8.9
9205,2.2698144912719727,8.9
9206,2.2698726058006287,8.9
9207,2.2714227437973022,8.9
9208,2.2714816331863403,8.9
9209,2.272367835044861,8.9
9210,2.2729926109313965,8.9
9211,2.2744122743606567,8.9
9212,2.275021553039551,8.9
9213,2.2753896713256836,8.9
9214,2.2753984928131104,8.9
9215,2.2756956815719604,8.9
9216,2.2763748168945312,8.9
9217,2.2769633531570435,8.9
9218,2.277283549308777,8.9
9219,2.2783514261245728,8.9
9220,2.278419017791748,8.9
9221,2.2789690494537354,8.9
9222,2.2790035009384155,8.9
9223,2.279086947441101,8.9
9224,2.279726982116699,8.9
9225,2.279759645462036,8.9
9226,2.2799150943756104,8.9
9227,2.27993905544281,8.9
9228,2.280238389968872,8.9
9229,2.2803677320480347,8.9
9230,2.28091561794281,8.9
9231,2.2810299396514893,8.9
9232,2.281115174293518,8.9
9233,2.2812496423721313,8.9
9234,2.28138530254364,8.9
9235,2.282230496406555,8.9
9236,2.282765507698059,8.9
9237,2.283757209777832,8.9
9238,2.284574866294861,8.9
9239,2.2847063541412354,8.9
9240,2.284874439239502,8.9
9241,2.284882426261902,8.9
9242,2.2849245071411133,8.9
9243,2.2850102186203003,8.9
9244,2.285146713256836,8.9
9245,2.285220980644226,8.9
9246,2.285225987434387,8.9
9247,2.285679578781128,8.9
9248,2.2858835458755493,8.9
9249,2.2861459255218506,8.9
9250,2.2862677574157715,8.9
9251,2.286391496658325,8.9
9252,2.2871835231781006,8.9
9253,2.287479877471924,9.0
9254,2.288054347038269,9.0
9255,2.2897382974624634,9.0
9256,2.289850354194641,9.0
9257,2.2906070947647095,9.0
9258,2.2906136512756348,9.0
9259,2.2906917333602905,9.0
9260,2.2908300161361694,9.0
9261,2.2910910844802856,9.0
9262,2.2910999059677124,9.0
9263,2.2911441326141357,9.0
9264,2.291424512863159,9.0
9265,2.2924288511276245,9.0
9266,2.292568802833557,9.0
9267,2.2927085161209106,9.0
9268,2.2928144931793213,9.0
9269,2.293709635734558,9.0
9270,2.2939311265945435,9.0
9271,2.294131636619568,9.0
9272,2.2941761016845703,9.0
9273,2.2943367958068848,9.0
9274,2.294439673423767,9.0
9275,2.294698476791382,9.0
9276,2.2953460216522217,9.0
9277,2.2953996658325195,9.0
9278,2.295657515525818,9.0
9279,2.2964284420013428,9.0
9280,2.2964792251586914,9.0
9281,2.2965482473373413,9.0
9282,2.296738386154175,9.0
9283,2.296931266784668,9.0
9284,2.2970794439315796,9.0
9285,2.297330617904663,9.0
9286,2.2976605892181396,9.0
9287,2.2978893518447876,9.0
9288,2.2984193563461304,9.0
9289,2.2987667322158813,9.0
9290,2.2991939783096313,9.0
9291,2.299264669418335,9.0
9292,2.29951012134552,9.0
9293,2.300186276435852,9.0
9294,2.3004579544067383,9.0
9295,2.301218271255493,9.0
9296,2.3015658855438232,9.0
9297,2.3017808198928833,9.0
9298,2.3020341396331787,9.0
9299,2.302958607673645,9.0
9300,2.302982807159424,9.0
9301,2.303082585334778,9.0
9302,2.3031634092330933,9.0
9303,2.3037941455841064,9.0
9304,2.3039517402648926,9.0
9305,2.304745674133301,9.0
9306,2.304829955101013,9.0
9307,2.3048529624938965,9.0
9308,2.30524218082428,9.0
9309,2.3063215017318726,9.0
9310,2.306414842605591,9.0
9311,2.307221293449402,9.0
9312,2.3077118396759033,9.0
9313,2.3079997301101685,9.0
9314,2.3087083101272583,9.1
9315,2.309209942817688,9.1
9316,2.3092539310455322,9.1
9317,2.309311628341675,9.1
9318,2.309468626976013,9.1
9319,2.3100903034210205,9.1
9320,2.3100926876068115,9.1
9321,2.3102856874465942,9.1
9322,2.3122271299362183,9.1
9323,2.31229829788208,9.1
9324,2.31231153011322,9.1
9325,2.3127176761627197,9.1
9326,2.313557267189026,9.1
9327,2.3135849237442017,9.1
9328,2.3138813972473145,9.1
9329,2.313895583152771,9.1
9330,2.3151895999908447,9.1
9331,2.31530225276947,9.1
9332,2.3156360387802124,9.1
9333,2.3160619735717773,9.1
9334,2.3162059783935547,9.1
9335,2.316356897354126,9.1
9336,2.316397190093994,9.1
9337,2.316403388977051,9.1
9338,2.3170565366744995,9.1
9339,2.3174777030944824,9.1
9340,2.317707657814026,9.1
9341,2.3177319765090942,9.1
9342,2.318694233894348,9.1
9343,2.318744659423828,9.1
9344,2.3187763690948486,9.1
9345,2.3192378282546997,9.1
9346,2.319339394569397,9.1
9347,2.3199198246002197,9.1
9348,2.320278286933899,9.1
9349,2.3208887577056885,9.1
9350,2.320899724960327,9.1
9351,2.3210161924362183,9.1
9352,2.3210699558258057,9.1
9353,2.321105122566223,9.1
9354,2.321261405944824,9.1
9355,2.3216552734375,9.1
9356,2.3216861486434937,9.1
9357,2.3227471113204956,9.1
9358,2.322800636291504,9.1
9359,2.3228882551193237,9.1
9360,2.323348641395569,9.1
9361,2.3235684633255005,9.1
9362,2.32359516620636,9.1
9363,2.3241645097732544,9.1
9364,2.3246532678604126,9.1
9365,2.3249502182006836,9.1
9366,2.3251243829727173,9.1
9367,2.3254711627960205,9.1
9368,2.32582426071167,9.1
9369,2.325835108757019,9.2
9370,2.325920343399048,9.2
9371,2.3260562419891357,9.2
9372,2.326187252998352,9.2
9373,2.3262953758239746,9.2
9374,2.326346516609192,9.2
9375,2.3263694047927856,9.2
9376,2.3264304399490356,9.2
9377,2.326447367668152,9.2
9378,2.3265241384506226,9.2
9379,2.326716661453247,9.2
9380,2.327335238456726,9.2
9381,2.327351450920105,9.2
9382,2.3274556398391724,9.2
9383,2.3275643587112427,9.2
9384,2.32780122756958,9.2
9385,2.328243851661682,9.2
9386,2.3283731937408447,9.2
9387,2.3283796310424805,9.2
9388,2.3291491270065308,9.2
9389,2.3294323682785034,9.2
9390,2.3297826051712036,9.2
9391,2.33020555973053,9.2
9392,2.3302760124206543,9.2
9393,2.330343723297119,9.2
9394,2.3308368921279907,9.2
9395,2.331620931625366,9.2
9396,2.331683874130249,9.2
9397,2.332947015762329,9.2
9398,2.3331072330474854,9.2
9399,2.333167552947998,9.2
9400,2.3335349559783936,9.2
9401,2.3339450359344482,9.2
9402,2.334174871444702,9.2
9403,2.33519446849823,9.2
9404,2.3354276418685913,9.2
9405,2.335984468460083,9.2
9406,2.3363473415374756,9.2
9407,2.336363911628723,9.2
9408,2.33664608001709,9.2
9409,2.3371200561523438,9.2
9410,2.337479829788208,9.2
9411,2.3375234603881836,9.2
9412,2.3377803564071655,9.2
9413,2.337835669517517,9.2
9414,2.337967276573181,9.2
9415,2.3380320072174072,9.2
9416,2.338403582572937,9.2
9417,2.3384170532226562,9.2
9418,2.3386253118515015,9.2
9419,2.3386263847351074,9.2
9420,2.3386439085006714,9.2
9421,2.3388911485671997,9.2
9422,2.338987350463867,9.2
9423,2.339209794998169,9.2
9424,2.3394678831100464,9.2
9425,2.3395692110061646,9.2
9426,2.3396283388137817,9.2
9427,2.339687705039978,9.2
9428,2.339828372001648,9.3
9429,2.340008854866028,9.3
9430,2.3402936458587646,9.3
9431,2.340853214263916,9.3
9432,2.341631770133972,9.3
9433,2.341839909553528,9.3
9434,2.34281063079834,9.3
9435,2.3428837060928345,9.3
9436,2.3429500460624695,9.3
9437,2.3433274030685425,9.3
9438,2.3433432579040527,9.3
9439,2.3434890508651733,9.3
9440,2.34365975856781,9.3
9441,2.343790054321289,9.3
9442,2.3441396951675415,9.3
9443,2.3441648483276367,9.3
9444,2.34420382976532,9.3
9445,2.3443678617477417,9.3
9446,2.344803810119629,9.3
9447,2.344850540161133,9.3
9448,2.345030188560486,9.3
9449,2.345134139060974,9.3
9450,2.3452491760253906,9.3
9451,2.345414400100708,9.3
9452,2.346313714981079,9.3
9453,2.3466033935546875,9.3
9454,2.346956253051758,9.3
9455,2.3471027612686157,9.3
9456,2.3474291563034058,9.3
9457,2.347686290740967,9.3
9458,2.3481404781341553,9.3
9459,2.3494077920913696,9.3
9460,2.3498175144195557,9.3
9461,2.3500618934631348,9.3
9462,2.3502601385116577,9.3
9463,2.3504984378814697,9.3
9464,2.350566029548645,9.3
9465,2.3508912324905396,9.3
9466,2.3509870767593384,9.3
9467,2.3514935970306396,9.3
9468,2.3515390157699585,9.3
9469,2.351755142211914,9.3
9470,2.353201150894165,9.3
9471,2.3547576665878296,9.3
9472,2.354957103729248,9.3
9473,2.3550714254379272,9.3
9474,2.3553667068481445,9.3
9475,2.3561012744903564,9.3
9476,2.3568226099014282,9.3
9477,2.3570375442504883,9.3
9478,2.3573652505874634,9.3
9479,2.3577715158462524,9.3
9480,2.3577935695648193,9.3
9481,2.358308434486389,9.3
9482,2.358442783355713,9.3
9483,2.3589810132980347,9.3
9484,2.3591201305389404,9.3
9485,2.3591690063476562,9.3
9486,2.3592042922973633,9.3
9487,2.359372854232788,9.3
9488,2.3597164154052734,9.3
9489,2.3598066568374634,9.3
9490,2.3599644899368286,9.3
9491,2.359981656074524,9.3
9492,2.3602097034454346,9.3
9493,2.3604893684387207,9.3
9494,2.3605812788009644,9.3
9495,2.3607980012893677,9.3
9496,2.3616493940353394,9.3
9497,2.361669659614563,9.3
9498,2.3616819381713867,9.3
9499,2.361790418624878,9.3
9500,2.3623229265213013,9.3
9501,2.3625727891921997,9.3
9502,2.3632209300994873,9.4
9503,2.3632503747940063,9.4
9504,2.3637964725494385,9.4
9505,2.363999605178833,9.4
9506,2.3642494678497314,9.4
9507,2.3646475076675415,9.4
9508,2.3646899461746216,9.4
9509,2.3649542331695557,9.4
9510,2.3650912046432495,9.4
9511,2.365214228630066,9.4
9512,2.365666151046753,9.4
9513,2.3660577535629272,9.4
9514,2.366414785385132,9.4
9515,2.3669114112854004,9.4
9516,2.367000699043274,9.4
9517,2.367045521736145,9.4
9518,2.3674153089523315,9.4
9519,2.3682632446289062,9.4
9520,2.36843204498291,9.4
9521,2.368566632270813,9.4
9522,2.3686282634735107,9.4
9523,2.3688085079193115,9.4
9524,2.3689143657684326,9.4
9525,2.3694674968719482,9.4
9526,2.3694957494735718,9.4
9527,2.369759440422058,9.4
9528,2.3698657751083374,9.4
9529,2.3701645135879517,9.4
9530,2.370234966278076,9.4
9531,2.3702452182769775,9.4
9532,2.370254635810852,9.4
9533,2.3704426288604736,9.4
9534,2.3705614805221558,9.4
9535,2.3705638647079468,9.4
9536,2.3708642721176147,9.4
9537,2.371859073638916,9.4
9538,2.3719199895858765,9.4
9539,2.372301459312439,9.4
9540,2.372796654701233,9.4
9541,2.372972846031189,9.4
9542,2.373178720474243,9.4
9543,2.3732144832611084,9.4
9544,2.3734458684921265,9.4
9545,2.3742830753326416,9.4
9546,2.3744739294052124,9.4
9547,2.374544620513916,9.4
9548,2.3749231100082397,9.4
9549,2.3756673336029053,9.4
9550,2.375826358795166,9.4
9551,2.3765496015548706,9.4
9552,2.3767834901809692,9.4
9553,2.3772283792495728,9.4
9554,2.3776676654815674,9.4
9555,2.3778076171875,9.4
9556,2.377853512763977,9.4
9557,2.3778618574142456,9.4
9558,2.3783271312713623,9.4
9559,2.378642201423645,9.4
9560,2.3791487216949463,9.4
9561,2.380220413208008,9.4
9562,2.380319118499756,9.4
9563,2.3805553913116455,9.4
9564,2.3815330266952515,9.4
9565,2.382085680961609,9.4
9566,2.3821364641189575,9.4
9567,2.382444977760315,9.4
9568,2.382603645324707,9.4
9569,2.382659673690796,9.4
9570,2.382707118988037,9.5
9571,2.3832987546920776,9.5
9572,2.3835006952285767,9.5
9573,2.383697748184204,9.5
9574,2.3840497732162476,9.5
9575,2.384531617164612,9.5
9576,2.3845959901809692,9.5
9577,2.3849411010742188,9.5
9578,2.385156273841858,9.5
9579,2.3858628273010254,9.5
9580,2.386351704597473,9.5
9581,2.386556625366211,9.5
9582,2.3868149518966675,9.5
9583,2.386906623840332,9.5
9584,2.38693106174469,9.5
9585,2.387590169906616,9.5
9586,2.3876731395721436,9.5
9587,2.3878756761550903,9.5
9588,2.3879977464675903,9.5
9589,2.3880581855773926,9.5
9590,2.389011025428772,9.5
9591,2.3891278505325317,9.5
9592,2.389544129371643,9.5
9593,2.3899160623550415,9.5
9594,2.3901044130325317,9.5
9595,2.3901225328445435,9.5
9596,2.3908861875534058,9.5
9597,2.391567349433899,9.5
9598,2.3925777673721313,9.5
9599,2.393600106239319,9.5
9600,2.3936543464660645,9.5
9601,2.3939300775527954,9.5
9602,2.394741415977478,9.5
9603,2.3954015970230103,9.5
9604,2.395519495010376,9.5
9605,2.395965337753296,9.5
9606,2.3967469930648804,9.5
9607,2.3968876600265503,9.5
9608,2.397160053253174,9.5
9609,2.3974615335464478,9.5
9610,2.3974908590316772,9.5
9611,2.397539496421814,9.5
9612,2.3977078199386597,9.5
9613,2.397795081138611,9.5
9614,2.397887945175171,9.5
9615,2.3982865810394287,9.5
9616,2.3983882665634155,9.5
9617,2.3985339403152466,9.5
9618,2.3987051248550415,9.5
9619,2.3987404108047485,9.5
9620,2.398882269859314,9.5
9621,2.3990856409072876,9.6
9622,2.3993114233016968,9.6
9623,2.39963698387146,9.6
9624,2.399658679962158,9.6
9625,2.3999288082122803,9.6
9626,2.4000132083892822,9.6
9627,2.4001550674438477,9.6
9628,2.400259852409363,9.6
9629,2.4004405736923218,9.6
9630,2.400877356529236,9.6
9631,2.400908946990967,9.6
9632,2.4009467363357544,9.6
9633,2.401220917701721,9.6
9634,2.4015389680862427,9.6
9635,2.401732087135315,9.6
9636,2.401938557624817,9.6
9637,2.402029275894165,9.6
9638,2.4021456241607666,9.6
9639,2.4022454023361206,9.6
9640,2.402300238609314,9.6
9641,2.402571678161621,9.6
9642,2.402742624282837,9.6
9643,2.4030745029449463,9.6
9644,2.4031386375427246,9.6
9645,2.4033267498016357,9.6
9646,2.403548002243042,9.6
9647,2.4036428928375244,9.6
9648,2.4038347005844116,9.6
9649,2.4038915634155273,9.6
9650,2.404084324836731,9.6
9651,2.4041221141815186,9.6
9652,2.404583215713501,9.6
9653,2.404647707939148,9.6
9654,2.4046612977981567,9.6
9655,2.404713749885559,9.6
9656,2.404777765274048,9.6
9657,2.4055908918380737,9.6
9658,2.406702160835266,9.6
9659,2.40690279006958,9.6
9660,2.4072223901748657,9.6
9661,2.408066153526306,9.6
9662,2.4081003665924072,9.6
9663,2.4084839820861816,9.6
9664,2.4087703227996826,9.6
9665,2.408789038658142,9.6
9666,2.4094340801239014,9.6
9667,2.4097424745559692,9.6
9668,2.409818410873413,9.6
9669,2.410112977027893,9.6
9670,2.4111454486846924,9.6
9671,2.411187529563904,9.6
9672,2.41128146648407,9.6
9673,2.4115073680877686,9.6
9674,2.4115813970565796,9.6
9675,2.411639451980591,9.6
9676,2.4127391576766968,9.6
9677,2.412963390350342,9.6
9678,2.413100838661194,9.6
9679,2.4136325120925903,9.6
9680,2.4140965938568115,9.6
9681,2.414500594139099,9.6
9682,2.4146448373794556,9.6
9683,2.414751648902893,9.6
9684,2.4149030447006226,9.6
9685,2.4153056144714355,9.6
9686,2.415393114089966,9.6
9687,2.4157183170318604,9.6
9688,2.4158204793930054,9.6
9689,2.416021704673767,9.6
9690,2.417670249938965,9.6
9691,2.417718768119812,9.6
9692,2.4178295135498047,9.6
9693,2.418030261993408,9.6
9694,2.418500781059265,9.6
9695,2.4185510873794556,9.6
9696,2.4185742139816284,9.6
9697,2.4185843467712402,9.6
9698,2.4189220666885376,9.6
9699,2.4192601442337036,9.6
9700,2.419327735900879,9.6
9701,2.4196497201919556,9.6
9702,2.419798254966736,9.6
9703,2.4198989868164062,9.6
9704,2.4201732873916626,9.6
9705,2.4204307794570923,9.7
9706,2.4205797910690308,9.7
9707,2.4206557273864746,9.7
9708,2.4208567142486572,9.7
9709,2.420953154563904,9.7
9710,2.4210071563720703,9.7
9711,2.4211658239364624,9.7
9712,2.421503782272339,9.7
9713,2.4217159748077393,9.7
9714,2.421746015548706,9.7
9715,2.4218677282333374,9.7
9716,2.422013521194458,9.7
9717,2.4229096174240112,9.7
9718,2.4230746030807495,9.7
9719,2.4231455326080322,9.7
9720,2.4235148429870605,9.7
9721,2.423978805541992,9.7
9722,2.4240221977233887,9.7
9723,2.4247570037841797,9.7
9724,2.426758050918579,9.7
9725,2.4269461631774902,9.7
9726,2.426981210708618,9.7
9727,2.4272301197052,9.7
9728,2.4281831979751587,9.7
9729,2.428343176841736,9.7
9730,2.4285632371902466,9.7
9731,2.428651213645935,9.7
9732,2.4290798902511597,9.7
9733,2.4292064905166626,9.7
9734,2.4296430349349976,9.7
9735,2.4297667741775513,9.7
9736,2.4302468299865723,9.7
9737,2.431974411010742,9.7
9738,2.432718873023987,9.7
9739,2.4336533546447754,9.7
9740,2.434001326560974,9.7
9741,2.434195876121521,9.7
9742,2.4344124794006348,9.7
9743,2.434908151626587,9.7
9744,2.4351308345794678,9.7
9745,2.435184597969055,9.7
9746,2.4355852603912354,9.7
9747,2.4358038902282715,9.7
9748,2.435859203338623,9.7
9749,2.4360002279281616,9.7
9750,2.4360769987106323,9.7
9751,2.4362906217575073,9.7
9752,2.4363211393356323,9.7
9753,2.4366650581359863,9.7
9754,2.4367133378982544,9.7
9755,2.436729669570923,9.7
9756,2.4369397163391113,9.7
9757,2.4369667768478394,9.7
9758,2.4376235008239746,9.7
9759,2.437881588935852,9.7
9760,2.4380565881729126,9.7
9761,2.438431978225708,9.7
9762,2.4384368658065796,9.7
9763,2.438451647758484,9.7
9764,2.4387309551239014,9.7
9765,2.438785672187805,9.7
9766,2.4389299154281616,9.7
9767,2.439004898071289,9.7
9768,2.4394233226776123,9.7
9769,2.4394638538360596,9.7
9770,2.439492106437683,9.7
9771,2.439765453338623,9.7
9772,2.4398117065429688,9.7
9773,2.440426826477051,9.7
9774,2.4404969215393066,9.7
9775,2.4405741691589355,9.7
9776,2.4406397342681885,9.7
9777,2.4407745599746704,9.7
9778,2.440775513648987,9.7
9779,2.4408817291259766,9.8
9780,2.441673517227173,9.8
9781,2.4417624473571777,9.8
9782,2.4418883323669434,9.8
9783,2.4419604539871216,9.8
9784,2.4426409006118774,9.8
9785,2.442815661430359,9.8
9786,2.442979097366333,9.8
9787,2.442987561225891,9.8
9788,2.4435787200927734,9.8
9789,2.4436529874801636,9.8
9790,2.4436686038970947,9.8
9791,2.443847417831421,9.8
9792,2.444285035133362,9.8
9793,2.44443941116333,9.8
9794,2.4445403814315796,9.8
9795,2.4446582794189453,9.8
9796,2.444761276245117,9.8
9797,2.445493459701538,9.8
9798,2.445537567138672,9.8
9799,2.445555329322815,9.8
9800,2.4456554651260376,9.8
9801,2.4457069635391235,9.8
9802,2.446451425552368,9.8
9803,2.4466651678085327,9.8
9804,2.447163224220276,9.8
9805,2.4473469257354736,9.8
9806,2.4475131034851074,9.8
9807,2.4481594562530518,9.8
9808,2.4482102394104004,9.8
9809,2.4485599994659424,9.8
9810,2.448614478111267,9.8
9811,2.4490798711776733,9.8
9812,2.449215531349182,9.8
9813,2.4492948055267334,9.8
9814,2.450175404548645,9.8
9815,2.450865387916565,9.8
9816,2.4510868787765503,9.8
9817,2.4514814615249634,9.8
9818,2.4516522884368896,9.8
9819,2.452615737915039,9.8
9820,2.4526758193969727,9.8
9821,2.452702522277832,9.8
9822,2.4527164697647095,9.8
9823,2.4529221057891846,9.8
9824,2.4530025720596313,9.8
9825,2.453340530395508,9.8
9826,2.453404664993286,9.8
9827,2.4534220695495605,9.8
9828,2.453505277633667,9.8
9829,2.4542490243911743,9.8
9830,2.4547834396362305,9.8
9831,2.4548686742782593,9.8
9832,2.4550580978393555,9.8
9833,2.455154061317444,9.8
9834,2.455523371696472,9.8
9835,2.456119179725647,9.8
9836,2.456343173980713,9.8
9837,2.4566744565963745,9.8
9838,2.456684112548828,9.8
9839,2.456756114959717,9.8
9840,2.457666516304016,9.8
9841,2.4586334228515625,9.8
9842,2.458928108215332,9.8
9843,2.4590505361557007,9.9
9844,2.459263801574707,9.9
9845,2.4596728086471558,9.9
9846,2.460192918777466,9.9
9847,2.4606378078460693,9.9
9848,2.4609055519104004,9.9
9849,2.461215376853943,9.9
9850,2.461218237876892,9.9
9851,2.462103843688965,9.9
9852,2.462257146835327,9.9
9853,2.46235191822052,9.9
9854,2.4625567197799683,9.9
9855,2.4628512859344482,9.9
9856,2.4632327556610107,9.9
9857,2.463294267654419,9.9
9858,2.4637300968170166,9.9
9859,2.4638181924819946,9.9
9860,2.4639331102371216,9.9
9861,2.4641019105911255,9.9
9862,2.464423894882202,9.9
9863,2.465452551841736,9.9
9864,2.465504765510559,9.9
9865,2.466203808784485,9.9
9866,2.466676115989685,9.9
9867,2.4667128324508667,9.9
9868,2.466930866241455,9.9
9869,2.4670870304107666,9.9
9870,2.4672067165374756,9.9
9871,2.4672876596450806,9.9
9872,2.4673749208450317,9.9
9873,2.467594623565674,9.9
9874,2.4676653146743774,9.9
9875,2.4678081274032593,9.9
9876,2.4680217504501343,9.9
9877,2.468040347099304,9.9
9878,2.4687811136245728,9.9
9879,2.4691113233566284,9.9
9880,2.4693102836608887,9.9
9881,2.4699729681015015,9.9
9882,2.470108151435852,9.9
9883,2.4703707695007324,9.9
9884,2.4707878828048706,9.9
9885,2.4717328548431396,9.9
9886,2.4718759059906006,9.9
9887,2.4719516038894653,9.9
9888,2.4720407724380493,9.9
9889,2.4721601009368896,9.9
9890,2.472456693649292,9.9
9891,2.472473621368408,9.9
9892,2.4725219011306763,9.9
9893,2.472705602645874,9.9
9894,2.4727078676223755,9.9
9895,2.4728825092315674,9.9
9896,2.473306655883789,9.9
9897,2.4733997583389282,10.0
9898,2.4735997915267944,10.0
9899,2.4741567373275757,10.0
9900,2.4743460416793823,10.0
9901,2.4745646715164185,10.0
9902,2.4747661352157593,10.0
9903,2.474775552749634,10.0
9904,2.47490131855011,10.0
9905,2.47500479221344,10.0
9906,2.475014090538025,10.0
9907,2.475179076194763,10.0
9908,2.475189447402954,10.0
9909,2.4756888151168823,10.0
9910,2.4758572578430176,10.0
9911,2.4760124683380127,10.0
9912,2.476045608520508,10.0
9913,2.4762223958969116,10.0
9914,2.4763360023498535,10.0
9915,2.4773969650268555,10.0
9916,2.477547287940979,10.0
9917,2.4779456853866577,10.0
9918,2.4785431623458862,10.0
9919,2.4785890579223633,10.0
9920,2.4791040420532227,10.0
9921,2.479109287261963,10.0
9922,2.4794299602508545,10.0
9923,2.4795511960983276,10.0
9924,2.480348229408264,10.0
9925,2.480541706085205,10.0
9926,2.48076069355011,10.0
9927,2.480999708175659,10.0
9928,2.4812631607055664,10.0
9929,2.481526732444763,10.0
9930,2.4816179275512695,10.0
9931,2.482169270515442,10.0
9932,2.4828009605407715,10.0
9933,2.482858180999756,10.0
9934,2.4831758737564087,10.0
9935,2.483611583709717,10.0
9936,2.4844876527786255,10.0
9937,2.4846627712249756,10.0
9938,2.4846771955490112,10.0
9939,2.4847880601882935,10.0
9940,2.485205054283142,10.0
9941,2.4856278896331787,10.0
9942,2.4856650829315186,10.0
9943,2.486407160758972,10.0
9944,2.486621379852295,10.0
9945,2.4867039918899536,10.0
9946,2.4869731664657593,10.0
9947,2.4874415397644043,10.0
9948,2.4875346422195435,10.0
9949,2.4876129627227783,10.0
9950,2.4878934621810913,10.0
9951,2.487976908683777,10.0
9952,2.4882707595825195,10.0
9953,2.4883882999420166,10.0
9954,2.4892115592956543,10.0
9955,2.489350438117981,10.0
9956,2.490908980369568,10.0
9957,2.49099063873291,10.0
9958,2.4910106658935547,10.0
9959,2.4913442134857178,10.0
9960,2.4913753271102905,10.0
9961,2.4913783073425293,10.1
9962,2.491474747657776,10.1
9963,2.491972804069519,10.1
9964,2.49211847782135,10.1
9965,2.4922566413879395,10.1
9966,2.4928414821624756,10.1
9967,2.493554949760437,10.1
9968,2.4937413930892944,10.1
9969,2.4937551021575928,10.1
9970,2.4940085411071777,10.1
9971,2.494218349456787,10.1
9972,2.4942466020584106,10.1
9973,2.4944822788238525,10.1
9974,2.4955698251724243,10.1
9975,2.4958916902542114,10.1
9976,2.4965860843658447,10.1
9977,2.4969074726104736,10.1
9978,2.4974671602249146,10.1
9979,2.497650980949402,10.1
9980,2.497755765914917,10.1
9981,2.4982261657714844,10.1
9982,2.4982566833496094,10.1
9983,2.4982876777648926,10.1
9984,2.498860239982605,10.1
9985,2.4991499185562134,10.1
9986,2.4991986751556396,10.1
9987,2.50036358833313,10.1
9988,2.5003947019577026,10.1
9989,2.500435709953308,10.1
9990,2.5005844831466675,10.1
9991,2.500900387763977,10.1
9992,2.501021146774292,10.1
9993,2.5021584033966064,10.1
9994,2.5024871826171875,10.1
9995,2.5027318000793457,10.1
9996,2.503076672554016,10.1
9997,2.503568410873413,10.1
9998,2.5036203861236572,10.1
9999,2.5037964582443237,10.1
10000,2.504351019859314,10.1
10001,2.5043632984161377,10.1
10002,2.5044806003570557,10.1
10003,2.504629135131836,10.1
10004,2.5048375129699707,10.1
10005,2.5049080848693848,10.1
10006,2.5050158500671387,10.1
10007,2.505104184150696,10.1
10008,2.5051103830337524,10.1
10009,2.505242109298706,10.1
10010,2.5060207843780518,10.1
10011,2.5060782432556152,10.1
10012,2.506223201751709,10.1
10013,2.506613850593567,10.1
10014,2.506782650947571,10.1
10015,2.507173180580139,10.1
10016,2.507505774497986,10.1
10017,2.507600426673889,10.1
10018,2.5077823400497437,10.1
10019,2.508521795272827,10.1
10020,2.5085257291793823,10.1
10021,2.5090415477752686,10.1
10022,2.5090938806533813,10.1
10023,2.5092296600341797,10.1
10024,2.509694814682007,10.1
10025,2.510067939758301,10.1
10026,2.510713577270508,10.2
10027,2.511020302772522,10.2
10028,2.5111249685287476,10.2
10029,2.511454463005066,10.2
10030,2.5116225481033325,10.2
10031,2.5126925706863403,10.2
10032,2.5149850845336914,10.2
10033,2.5153342485427856,10.2
10034,2.5153708457946777,10.2
10035,2.515573501586914,10.2
10036,2.5159276723861694,10.2
10037,2.5162391662597656,10.2
10038,2.5164397954940796,10.2
10039,2.5174400806427,10.2
10040,2.5190685987472534,10.2
10041,2.5191714763641357,10.2
10042,2.519893765449524,10.2
10043,2.520761251449585,10.2
10044,2.5210009813308716,10.2
10045,2.5212212800979614,10.2
10046,2.5214011669158936,10.2
10047,2.5215784311294556,10.2
10048,2.5218379497528076,10.2
10049,2.5228205919265747,10.2
10050,2.5228967666625977,10.2
10051,2.5231088399887085,10.2
10052,2.524483323097229,10.2
10053,2.5249931812286377,10.2
10054,2.5253292322158813,10.2
10055,2.5256426334381104,10.2
10056,2.5257734060287476,10.2
10057,2.526266098022461,10.2
10058,2.5263878107070923,10.2
10059,2.5266337394714355,10.2
10060,2.5269275903701782,10.2
10061,2.5272998809814453,10.2
10062,2.527864694595337,10.2
10063,2.5279511213302612,10.2
10064,2.528132915496826,10.2
10065,2.528170943260193,10.2
10066,2.528629183769226,10.2
10067,2.5290374755859375,10.2
10068,2.5292171239852905,10.2
10069,2.5293776988983154,10.2
10070,2.529858350753784,10.2
10071,2.5302666425704956,10.2
10072,2.5304328203201294,10.2
10073,2.53064501285553,10.2
10074,2.5310667753219604,10.2
10075,2.531152367591858,10.2
10076,2.531224250793457,10.2
10077,2.5315693616867065,10.2
10078,2.531683087348938,10.2
10079,2.5317047834396362,10.2
10080,2.5319567918777466,10.2
10081,2.532119035720825,10.2
10082,2.532187819480896,10.2
10083,2.5322831869125366,10.2
10084,2.5329843759536743,10.2
10085,2.533306837081909,10.2
10086,2.5347626209259033,10.2
10087,2.535163640975952,10.2
10088,2.535343647003174,10.2
10089,2.5356661081314087,10.2
10090,2.535701632499695,10.2
10091,2.5358729362487793,10.2
10092,2.536287307739258,10.2
10093,2.536909818649292,10.2
10094,2.5372449159622192,10.2
10095,2.537661075592041,10.2
10096,2.538219451904297,10.2
10097,2.538241147994995,10.2
10098,2.5383002758026123,10.2
10099,2.538334369659424,10.2
10100,2.5384011268615723,10.2
10101,2.538918972015381,10.2
10102,2.539297342300415,10.2
10103,2.5396686792373657,10.3
10104,2.540057420730591,10.3
10105,2.5410048961639404,10.3
10106,2.5411442518234253,10.3
10107,2.5413516759872437,10.3
10108,2.541759729385376,10.3
10109,2.5419139862060547,10.3
10110,2.542146921157837,10.3
10111,2.542420744895935,10.3
10112,2.543015718460083,10.3
10113,2.5430508852005005,10.3
10114,2.543226957321167,10.3
10115,2.5435631275177,10.3
10116,2.5439289808273315,10.3
10117,2.54530930519104,10.3
10118,2.545507311820984,10.3
10119,2.54585063457489,10.3
10120,2.54603374004364,10.3
10121,2.5462697744369507,10.3
10122,2.5464521646499634,10.3
10123,2.5466725826263428,10.3
10124,2.547529101371765,10.3
10125,2.5477311611175537,10.3
10126,2.548577666282654,10.3
10127,2.5489031076431274,10.3
10128,2.548930287361145,10.3
10129,2.548942446708679,10.3
10130,2.5496826171875,10.3
10131,2.5497472286224365,10.3
10132,2.550835609436035,10.3
10133,2.550972580909729,10.3
10134,2.551025867462158,10.3
10135,2.551367163658142,10.3
10136,2.5514092445373535,10.3
10137,2.5519691705703735,10.3
10138,2.552626132965088,10.3
10139,2.5528793334960938,10.3
10140,2.552968740463257,10.3
10141,2.5532819032669067,10.3
10142,2.5536314249038696,10.3
10143,2.553688168525696,10.3
10144,2.5537171363830566,10.3
10145,2.553738594055176,10.3
10146,2.5538980960845947,10.3
10147,2.554189443588257,10.3
10148,2.5542855262756348,10.3
10149,2.5543313026428223,10.3
10150,2.5544614791870117,10.3
10151,2.554776906967163,10.3
10152,2.55478572845459,10.3
10153,2.555336117744446,10.3
10154,2.555573582649231,10.3
10155,2.556072950363159,10.3
10156,2.556100010871887,10.3
10157,2.5562820434570312,10.3
10158,2.5565911531448364,10.3
10159,2.5566354990005493,10.3
10160,2.5569381713867188,10.3
10161,2.558195948600769,10.3
10162,2.5585795640945435,10.4
10163,2.5592819452285767,10.4
10164,2.5610244274139404,10.4
10165,2.5610350370407104,10.4
10166,2.5613828897476196,10.4
10167,2.5619354248046875,10.4
10168,2.562036156654358,10.4
10169,2.5632951259613037,10.4
10170,2.56364107131958,10.4
10171,2.564184546470642,10.4
10172,2.564366579055786,10.4
10173,2.5650296211242676,10.4
10174,2.5662646293640137,10.4
10175,2.5676398277282715,10.4
10176,2.5682164430618286,10.4
10177,2.568456530570984,10.4
10178,2.568703532218933,10.4
10179,2.568931221961975,10.4
10180,2.5689542293548584,10.4
10181,2.5690358877182007,10.4
10182,2.5694658756256104,10.4
10183,2.569851040840149,10.4
10184,2.570130228996277,10.4
10185,2.570326805114746,10.4
10186,2.570456624031067,10.4
10187,2.571446657180786,10.4
10188,2.5720402002334595,10.4
10189,2.57232403755188,10.4
10190,2.572611927986145,10.4
10191,2.572796583175659,10.4
10192,2.5729840993881226,10.4
10193,2.5731555223464966,10.4
10194,2.573506712913513,10.4
10195,2.5739585161209106,10.4
10196,2.5742270946502686,10.4
10197,2.574556350708008,10.4
10198,2.574686646461487,10.4
10199,2.5747056007385254,10.4
10200,2.5750914812088013,10.4
10201,2.575103521347046,10.4
10202,2.5752320289611816,10.4
10203,2.575339198112488,10.4
10204,2.575519323348999,10.4
10205,2.5758113861083984,10.4
10206,2.5759692192077637,10.4
10207,2.576090931892395,10.4
10208,2.576104164123535,10.4
10209,2.5761972665786743,10.4
10210,2.576308250427246,10.4
10211,2.576604962348938,10.4
10212,2.576626181602478,10.4
10213,2.576992630958557,10.4
10214,2.577028512954712,10.4
10215,2.5776447057724,10.4
10216,2.5779032707214355,10.4
10217,2.578064799308777,10.4
10218,2.5786086320877075,10.4
10219,2.5786155462265015,10.4
10220,2.578715205192566,10.4
10221,2.5791960954666138,10.4
10222,2.5799180269241333,10.4
10223,2.579933762550354,10.4
10224,2.5800000429153442,10.4
10225,2.5800416469573975,10.4
10226,2.5802093744277954,10.4
10227,2.580789566040039,10.4
10228,2.58091938495636,10.4
10229,2.580986261367798,10.4
10230,2.5811641216278076,10.4
10231,2.581204891204834,10.4
10232,2.58124577999115,10.4
10233,2.581254482269287,10.4
10234,2.5813615322113037,10.5
10235,2.5816516876220703,10.5
10236,2.5816768407821655,10.5
10237,2.581872344017029,10.5
10238,2.581917405128479,10.5
10239,2.582431435585022,10.5
10240,2.5826700925827026,10.5
10241,2.5828092098236084,10.5
10242,2.583629846572876,10.5
10243,2.583759307861328,10.5
10244,2.5845420360565186,10.5
10245,2.585155963897705,10.5
10246,2.585453152656555,10.5
10247,2.585803985595703,10.5
10248,2.5859596729278564,10.5
10249,2.5863906145095825,10.5
10250,2.586503267288208,10.5
10251,2.5870827436447144,10.5
10252,2.5878320932388306,10.5
10253,2.587873697280884,10.5
10254,2.5879634618759155,10.5
10255,2.5880051851272583,10.5
10256,2.588194966316223,10.5
10257,2.5882922410964966,10.5
10258,2.5887330770492554,10.5
10259,2.5888088941574097,10.5
10260,2.5888744592666626,10.5
10261,2.5893280506134033,10.5
10262,2.5893518924713135,10.5
10263,2.589569330215454,10.5
10264,2.5901846885681152,10.5
10265,2.5907413959503174,10.5
10266,2.5911980867385864,10.5
10267,2.591823697090149,10.5
10268,2.591858386993408,10.5
10269,2.592036008834839,10.5
10270,2.592296004295349,10.5
10271,2.592340350151062,10.5
10272,2.5923712253570557,10.5
10273,2.5929259061813354,10.5
10274,2.5932576656341553,10.5
10275,2.593717575073242,10.5
10276,2.594060778617859,10.5
10277,2.5943357944488525,10.5
10278,2.5949002504348755,10.5
10279,2.5952422618865967,10.6
10280,2.5955867767333984,10.6
10281,2.596102714538574,10.6
10282,2.5966192483901978,10.6
10283,2.5967520475387573,10.6
10284,2.5967957973480225,10.6
10285,2.5978797674179077,10.6
10286,2.598289728164673,10.6
10287,2.5983387231826782,10.6
10288,2.5984145402908325,10.6
10289,2.5996047258377075,10.6
10290,2.59980309009552,10.6
10291,2.599901795387268,10.6
10292,2.6000503301620483,10.6
10293,2.600385069847107,10.6
10294,2.6005237102508545,10.6
10295,2.600584626197815,10.6
10296,2.6005982160568237,10.6
10297,2.6006534099578857,10.6
10298,2.6008191108703613,10.6
10299,2.601096034049988,10.6
10300,2.601122736930847,10.6
10301,2.601503372192383,10.6
10302,2.602298617362976,10.6
10303,2.6023021936416626,10.6
10304,2.6027252674102783,10.6
10305,2.6032702922821045,10.6
10306,2.6050244569778442,10.6
10307,2.605437397956848,10.6
10308,2.60543954372406,10.6
10309,2.6054494380950928,10.6
10310,2.6064231395721436,10.6
10311,2.606428384780884,10.6
10312,2.6073615550994873,10.6
10313,2.607383131980896,10.6
10314,2.6078842878341675,10.6
10315,2.6079124212265015,10.6
10316,2.607965350151062,10.6
10317,2.608519196510315,10.6
10318,2.609143018722534,10.6
10319,2.6099284887313843,10.6
10320,2.609946846961975,10.6
10321,2.610009551048279,10.6
10322,2.6101714372634888,10.6
10323,2.6103408336639404,10.6
10324,2.610921621322632,10.6
10325,2.611470103263855,10.6
10326,2.6114715337753296,10.6
10327,2.611513137817383,10.6
10328,2.611604332923889,10.6
10329,2.6116338968276978,10.6
10330,2.6117961406707764,10.6
10331,2.612007260322571,10.6
10332,2.6120845079421997,10.6
10333,2.61225163936615,10.6
10334,2.6124991178512573,10.6
10335,2.6128751039505005,10.6
10336,2.612891674041748,10.6
10337,2.6129486560821533,10.6
10338,2.6129703521728516,10.7
10339,2.6132339239120483,10.7
10340,2.613772392272949,10.7
10341,2.614452838897705,10.7
10342,2.6145750284194946,10.7
10343,2.61458158493042,10.7
10344,2.6146275997161865,10.7
10345,2.6147135496139526,10.7
10346,2.615421772003174,10.7
10347,2.6154295206069946,10.7
10348,2.6155121326446533,10.7
10349,2.6160624027252197,10.7
10350,2.6161798238754272,10.7
10351,2.6163848638534546,10.7
10352,2.6169180870056152,10.7
10353,2.6172525882720947,10.7
10354,2.6173877716064453,10.7
10355,2.6175148487091064,10.7
10356,2.6175551414489746,10.7
10357,2.6177079677581787,10.7
10358,2.6177138090133667,10.7
10359,2.617934465408325,10.7
10360,2.6181886196136475,10.7
10361,2.6182888746261597,10.7
10362,2.6184637546539307,10.7
10363,2.618610978126526,10.7
10364,2.6187245845794678,10.7
10365,2.6187584400177,10.7
10366,2.6189935207366943,10.7
10367,2.6192632913589478,10.7
10368,2.619463086128235,10.7
10369,2.6197654008865356,10.7
10370,2.619886040687561,10.7
10371,2.620384097099304,10.7
10372,2.621401786804199,10.7
10373,2.6217966079711914,10.7
10374,2.6218583583831787,10.7
10375,2.6223881244659424,10.7
10376,2.623193144798279,10.7
10377,2.623255133628845,10.7
10378,2.6234527826309204,10.7
10379,2.6236345767974854,10.7
10380,2.6236602067947388,10.7
10381,2.6236824989318848,10.7
10382,2.6242387294769287,10.7
10383,2.624365448951721,10.7
10384,2.6249560117721558,10.7
10385,2.6258662939071655,10.7
10386,2.626462697982788,10.7
10387,2.6270997524261475,10.8
10388,2.62790310382843,10.8
10389,2.628036856651306,10.8
10390,2.628857731819153,10.8
10391,2.6291178464889526,10.8
10392,2.629663825035095,10.8
10393,2.6301029920578003,10.8
10394,2.6310665607452393,10.8
10395,2.6311899423599243,10.8
10396,2.6313318014144897,10.8
10397,2.632619619369507,10.8
10398,2.6326733827590942,10.8
10399,2.6326874494552612,10.8
10400,2.6326924562454224,10.8
10401,2.632859706878662,10.8
10402,2.6331465244293213,10.8
10403,2.6342906951904297,10.8
10404,2.634817361831665,10.8
10405,2.6351512670516968,10.8
10406,2.6351813077926636,10.8
10407,2.6356942653656006,10.8
10408,2.6358869075775146,10.8
10409,2.6366525888442993,10.8
10410,2.636657238006592,10.8
10411,2.636665105819702,10.8
10412,2.636731266975403,10.8
10413,2.6372193098068237,10.8
10414,2.63746976852417,10.8
10415,2.6381486654281616,10.8
10416,2.6383227109909058,10.8
10417,2.638340950012207,10.8
10418,2.6385375261306763,10.8
10419,2.6389732360839844,10.8
10420,2.6400071382522583,10.8
10421,2.640253186225891,10.8
10422,2.64132022857666,10.8
10423,2.641454339027405,10.8
10424,2.6419241428375244,10.8
10425,2.642784595489502,10.8
10426,2.643151640892029,10.8
10427,2.643201470375061,10.8
10428,2.6432801485061646,10.8
10429,2.6433812379837036,10.8
10430,2.6436082124710083,10.8
10431,2.6450655460357666,10.8
10432,2.6455923318862915,10.8
10433,2.645614981651306,10.8
10434,2.6458858251571655,10.8
10435,2.646682620048523,10.8
10436,2.646712303161621,10.8
10437,2.648270606994629,10.8
10438,2.6489580869674683,10.8
10439,2.6489827632904053,10.8
10440,2.6496832370758057,10.8
10441,2.65152645111084,10.9
10442,2.651689052581787,10.9
10443,2.6517395973205566,10.9
10444,2.6518770456314087,10.9
10445,2.6522077322006226,10.9
10446,2.6531245708465576,10.9
10447,2.6533045768737793,10.9
10448,2.653353452682495,10.9
10449,2.653395652770996,10.9
10450,2.65349018573761,10.9
10451,2.653903007507324,10.9
10452,2.654142737388611,10.9
10453,2.6549301147460938,10.9
10454,2.6549434661865234,10.9
10455,2.655668020248413,10.9
10456,2.65644109249115,10.9
10457,2.65658962726593,10.9
10458,2.657794952392578,10.9
10459,2.6589622497558594,10.9
10460,2.6589630842208862,10.9
10461,2.6596014499664307,10.9
10462,2.6597403287887573,10.9
10463,2.6597710847854614,10.9
10464,2.660935163497925,10.9
10465,2.6610265970230103,10.9
10466,2.66216778755188,10.9
10467,2.6622835397720337,10.9
10468,2.6624892950057983,10.9
10469,2.6626546382904053,10.9
10470,2.662692070007324,10.9
10471,2.6629313230514526,10.9
10472,2.662933588027954,10.9
10473,2.662960410118103,10.9
10474,2.6630197763442993,10.9
10475,2.66312038898468,10.9
10476,2.6631805896759033,10.9
10477,2.663523554801941,10.9
10478,2.6637643575668335,10.9
10479,2.663772940635681,10.9
10480,2.663838744163513,10.9
10481,2.664527177810669,10.9
10482,2.6646188497543335,10.9
10483,2.6646429300308228,10.9
10484,2.664658784866333,10.9
10485,2.6648212671279907,10.9
10486,2.665099859237671,10.9
10487,2.6652231216430664,10.9
10488,2.6654163599014282,10.9
10489,2.665565013885498,10.9
10490,2.665809750556946,10.9
10491,2.6665053367614746,10.9
10492,2.666893243789673,10.9
10493,2.667701244354248,10.9
10494,2.66776967048645,10.9
10495,2.668436050415039,10.9
10496,2.6689388751983643,10.9
10497,2.669296383857727,10.9
10498,2.6696174144744873,10.9
10499,2.6697874069213867,10.9
10500,2.670067310333252,10.9
10501,2.670373797416687,11.0
10502,2.670494556427002,11.0
10503,2.670825481414795,11.0
10504,2.6709617376327515,11.0
10505,2.6710602045059204,11.0
10506,2.672005772590637,11.0
10507,2.6721256971359253,11.0
10508,2.672280788421631,11.0
10509,2.6723541021347046,11.0
10510,2.6724870204925537,11.0
10511,2.672643542289734,11.0
10512,2.6727588176727295,11.0
10513,2.6729204654693604,11.0
10514,2.6729756593704224,11.0
10515,2.673018217086792,11.0
10516,2.6732016801834106,11.0
10517,2.673310399055481,11.0
10518,2.673560619354248,11.0
10519,2.6735923290252686,11.0
10520,2.6736271381378174,11.0
10521,2.6739290952682495,11.0
10522,2.674134135246277,11.0
10523,2.6751259565353394,11.0
10524,2.675742983818054,11.0
10525,2.676440119743347,11.0
10526,2.6769516468048096,11.0
10527,2.677310824394226,11.0
10528,2.677926540374756,11.0
10529,2.6785318851470947,11.0
10530,2.6787476539611816,11.0
10531,2.6790636777877808,11.0
10532,2.6793274879455566,11.0
10533,2.6796082258224487,11.0
10534,2.6796529293060303,11.0
10535,2.6803781986236572,11.0
10536,2.68064022064209,11.0
10537,2.6809771060943604,11.0
10538,2.6810081005096436,11.0
10539,2.6811320781707764,11.0
10540,2.681353449821472,11.1
10541,2.6828311681747437,11.1
10542,2.6829512119293213,11.1
10543,2.683121919631958,11.1
10544,2.684008836746216,11.1
10545,2.684111475944519,11.1
10546,2.6843278408050537,11.1
10547,2.685436248779297,11.1
10548,2.6855932474136353,11.1
10549,2.686577558517456,11.1
10550,2.6873899698257446,11.1
10551,2.687572956085205,11.1
10552,2.6876959800720215,11.1
10553,2.6881771087646484,11.1
10554,2.6891924142837524,11.1
10555,2.6892677545547485,11.1
10556,2.6897199153900146,11.1
10557,2.6899306774139404,11.1
10558,2.6906378269195557,11.1
10559,2.6914939880371094,11.1
10560,2.6915448904037476,11.1
10561,2.692062735557556,11.1
10562,2.6929497718811035,11.1
10563,2.693991541862488,11.1
10564,2.695013642311096,11.1
10565,2.695183038711548,11.1
10566,2.6956440210342407,11.1
10567,2.695701241493225,11.1
10568,2.696096420288086,11.1
10569,2.6961604356765747,11.1
10570,2.696322202682495,11.1
10571,2.6964064836502075,11.1
10572,2.698114514350891,11.1
10573,2.698593258857727,11.1
10574,2.6987156867980957,11.1
10575,2.6989723443984985,11.1
10576,2.699217677116394,11.1
10577,2.700034976005554,11.1
10578,2.700073719024658,11.1
10579,2.7004274129867554,11.1
10580,2.70042884349823,11.1
10581,2.7013137340545654,11.1
10582,2.7013919353485107,11.1
10583,2.701454520225525,11.1
10584,2.701615810394287,11.1
10585,2.7020667791366577,11.1
10586,2.7021390199661255,11.1
10587,2.7023496627807617,11.1
10588,2.7025341987609863,11.1
10589,2.7027052640914917,11.1
10590,2.703057050704956,11.1
10591,2.7036046981811523,11.1
10592,2.703864574432373,11.2
10593,2.7038947343826294,11.2
10594,2.7041600942611694,11.2
10595,2.7047910690307617,11.2
10596,2.7048802375793457,11.2
10597,2.70510196685791,11.2
10598,2.706596851348877,11.2
10599,2.706692695617676,11.2
10600,2.7074109315872192,11.2
10601,2.7074790000915527,11.2
10602,2.7079691886901855,11.2
10603,2.7082587480545044,11.2
10604,2.708437919616699,11.2
10605,2.7087961435317993,11.2
10606,2.7092411518096924,11.2
10607,2.709861636161804,11.2
10608,2.7101091146469116,11.2
10609,2.7105228900909424,11.2
10610,2.710662007331848,11.2
10611,2.7107290029525757,11.2
10612,2.7108126878738403,11.2
10613,2.711332678794861,11.2
10614,2.7117812633514404,11.2
10615,2.7119905948638916,11.2
10616,2.712079167366028,11.2
10617,2.7132283449172974,11.2
10618,2.7134422063827515,11.2
10619,2.7134439945220947,11.2
10620,2.713637590408325,11.2
10621,2.713797450065613,11.2
10622,2.714823603630066,11.2
10623,2.7148936986923218,11.2
10624,2.7150799036026,11.2
10625,2.7159558534622192,11.2
10626,2.716370701789856,11.2
10627,2.7167857885360718,11.2
10628,2.7168809175491333,11.2
10629,2.717045783996582,11.2
10630,2.7173402309417725,11.2
10631,2.7177149057388306,11.2
10632,2.718261241912842,11.2
10633,2.7187552452087402,11.2
10634,2.719087243080139,11.2
10635,2.7193069458007812,11.2
10636,2.719570517539978,11.2
10637,2.7201024293899536,11.2
10638,2.72020161151886,11.2
10639,2.7205289602279663,11.2
10640,2.7208614349365234,11.2
10641,2.7217711210250854,11.2
10642,2.7222650051116943,11.2
10643,2.7230560779571533,11.2
10644,2.7238738536834717,11.2
10645,2.723912000656128,11.2
10646,2.724285364151001,11.2
10647,2.724295496940613,11.2
10648,2.7244373559951782,11.2
10649,2.724677801132202,11.2
10650,2.7250009775161743,11.2
10651,2.7250343561172485,11.2
10652,2.726730227470398,11.3
10653,2.7269487380981445,11.3
10654,2.7284501791000366,11.3
10655,2.7294245958328247,11.3
10656,2.7305729389190674,11.3
10657,2.730828046798706,11.3
10658,2.730885148048401,11.3
10659,2.7311062812805176,11.3
10660,2.7312257289886475,11.3
10661,2.731248617172241,11.3
10662,2.731510043144226,11.3
10663,2.7315306663513184,11.3
10664,2.7329832315444946,11.3
10665,2.7335269451141357,11.3
10666,2.7338987588882446,11.3
10667,2.734070658683777,11.3
10668,2.734265685081482,11.3
10669,2.7344231605529785,11.3
10670,2.7352192401885986,11.3
10671,2.7352805137634277,11.3
10672,2.7356457710266113,11.3
10673,2.7362126111984253,11.3
10674,2.7371519804000854,11.3
10675,2.7371948957443237,11.3
10676,2.7373796701431274,11.3
10677,2.7374613285064697,11.3
10678,2.7384904623031616,11.3
10679,2.73906672000885,11.3
10680,2.739214777946472,11.3
10681,2.7393546104431152,11.3
10682,2.7394838333129883,11.3
10683,2.739719271659851,11.3
10684,2.740402340888977,11.3
10685,2.7413302659988403,11.3
10686,2.7416155338287354,11.3
10687,2.7428146600723267,11.3
10688,2.7429455518722534,11.3
10689,2.743358850479126,11.3
10690,2.743412137031555,11.3
10691,2.7437022924423218,11.3
10692,2.74423611164093,11.3
10693,2.7442538738250732,11.3
10694,2.746209502220154,11.3
10695,2.7464202642440796,11.3
10696,2.747307538986206,11.3
10697,2.7476143836975098,11.3
10698,2.7477885484695435,11.3
10699,2.7479313611984253,11.3
10700,2.7491235733032227,11.4
10701,2.7496780157089233,11.4
10702,2.749750018119812,11.4
10703,2.751781702041626,11.4
10704,2.7526957988739014,11.4
10705,2.7533226013183594,11.4
10706,2.75348162651062,11.4
10707,2.753600239753723,11.4
10708,2.7537566423416138,11.4
10709,2.7541271448135376,11.4
10710,2.75504207611084,11.4
10711,2.7553542852401733,11.4
10712,2.755514621734619,11.4
10713,2.755641222000122,11.4
10714,2.7558224201202393,11.4
10715,2.75592041015625,11.4
10716,2.7559878826141357,11.4
10717,2.756511926651001,11.4
10718,2.756553888320923,11.4
10719,2.7568247318267822,11.4
10720,2.7569286823272705,11.4
10721,2.7569485902786255,11.4
10722,2.7570836544036865,11.4
10723,2.7574979066848755,11.4
10724,2.757783532142639,11.4
10725,2.757978320121765,11.4
10726,2.758342742919922,11.4
10727,2.7587366104125977,11.4
10728,2.759343385696411,11.4
10729,2.759463906288147,11.4
10730,2.7595131397247314,11.4
10731,2.7595235109329224,11.4
10732,2.760033130645752,11.4
10733,2.760251760482788,11.4
10734,2.761332392692566,11.4
10735,2.762209177017212,11.4
10736,2.7636677026748657,11.4
10737,2.7636754512786865,11.4
10738,2.7638704776763916,11.4
10739,2.7639495134353638,11.4
10740,2.7641571760177612,11.4
10741,2.765111804008484,11.4
10742,2.7652851343154907,11.4
10743,2.76553475856781,11.4
10744,2.7656885385513306,11.4
10745,2.7660436630249023,11.4
10746,2.7669146060943604,11.4
10747,2.7669966220855713,11.4
10748,2.767554521560669,11.4
10749,2.7678385972976685,11.4
10750,2.7679104804992676,11.4
10751,2.7680845260620117,11.4
10752,2.7685967683792114,11.4
10753,2.769137978553772,11.5
10754,2.770439028739929,11.5
10755,2.7708773612976074,11.5
10756,2.7713159322738647,11.5
10757,2.772623300552368,11.5
10758,2.773625612258911,11.5
10759,2.774142265319824,11.5
10760,2.775173306465149,11.5
10761,2.7752104997634888,11.5
10762,2.776220679283142,11.5
10763,2.776482582092285,11.5
10764,2.777127742767334,11.5
10765,2.7772830724716187,11.5
10766,2.777740240097046,11.5
10767,2.778067708015442,11.5
10768,2.7781035900115967,11.5
10769,2.778359293937683,11.5
10770,2.7787266969680786,11.5
10771,2.7788147926330566,11.5
10772,2.7790831327438354,11.5
10773,2.779942035675049,11.5
10774,2.780116081237793,11.5
10775,2.782835602760315,11.5
10776,2.7832159996032715,11.5
10777,2.783355951309204,11.5
10778,2.7839163541793823,11.5
10779,2.7840176820755005,11.5
10780,2.7844146490097046,11.5
10781,2.7854042053222656,11.5
10782,2.785568952560425,11.5
10783,2.7856699228286743,11.5
10784,2.7858983278274536,11.5
10785,2.786196231842041,11.5
10786,2.7863399982452393,11.5
10787,2.7872464656829834,11.5
10788,2.7876890897750854,11.5
10789,2.7878483533859253,11.5
10790,2.7880278825759888,11.5
10791,2.7888150215148926,11.5
10792,2.788995385169983,11.5
10793,2.7896801233291626,11.5
10794,2.79032039642334,11.5
10795,2.7906872034072876,11.5
10796,2.7908756732940674,11.5
10797,2.790942907333374,11.5
10798,2.7910648584365845,11.5
10799,2.79139244556427,11.5
10800,2.791977047920227,11.5
10801,2.7921667098999023,11.5
10802,2.792330503463745,11.5
10803,2.7924013137817383,11.5
10804,2.793044686317444,11.5
10805,2.793357014656067,11.5
10806,2.793639898300171,11.5
10807,2.7939248085021973,11.5
10808,2.794085383415222,11.6
10809,2.794907331466675,11.6
10810,2.795632839202881,11.6
10811,2.795724391937256,11.6
10812,2.795741319656372,11.6
10813,2.79634690284729,11.6
10814,2.797136425971985,11.6
10815,2.7982438802719116,11.6
10816,2.7983771562576294,11.6
10817,2.798423171043396,11.6
10818,2.7984448671340942,11.6
10819,2.7985728979110718,11.6
10820,2.7992165088653564,11.6
10821,2.79936420917511,11.6
10822,2.7993967533111572,11.6
10823,2.7999215126037598,11.6
10824,2.800551652908325,11.6
10825,2.8005990982055664,11.6
10826,2.801527500152588,11.6
10827,2.8020647764205933,11.6
10828,2.802190065383911,11.6
10829,2.802203893661499,11.6
10830,2.8022903203964233,11.6
10831,2.802533745765686,11.6
10832,2.802900791168213,11.6
10833,2.802998423576355,11.6
10834,2.8031715154647827,11.6
10835,2.8032069206237793,11.6
10836,2.8037339448928833,11.6
10837,2.8043324947357178,11.6
10838,2.80548632144928,11.6
10839,2.805777430534363,11.6
10840,2.807108759880066,11.6
10841,2.8072866201400757,11.6
10842,2.8082048892974854,11.6
10843,2.8085662126541138,11.6
10844,2.8085752725601196,11.7
10845,2.8094931840896606,11.7
10846,2.809756278991699,11.7
10847,2.8098779916763306,11.7
10848,2.809906840324402,11.7
10849,2.809935212135315,11.7
10850,2.8101288080215454,11.7
10851,2.810309886932373,11.7
10852,2.8103530406951904,11.7
10853,2.810529351234436,11.7
10854,2.8106609582901,11.7
10855,2.8107378482818604,11.7
10856,2.811197280883789,11.7
10857,2.811714768409729,11.7
10858,2.8120217323303223,11.7
10859,2.8123759031295776,11.7
10860,2.812760591506958,11.7
10861,2.813528060913086,11.7
10862,2.8139171600341797,11.7
10863,2.8139837980270386,11.7
10864,2.814465284347534,11.7
10865,2.814725160598755,11.7
10866,2.815029501914978,11.7
10867,2.8153527975082397,11.7
10868,2.8155717849731445,11.7
10869,2.815693736076355,11.7
10870,2.8157821893692017,11.7
10871,2.816361904144287,11.7
10872,2.8169413805007935,11.7
10873,2.817645788192749,11.7
10874,2.8190107345581055,11.7
10875,2.8190805912017822,11.7
10876,2.819245219230652,11.7
10877,2.819425940513611,11.7
10878,2.8195998668670654,11.7
10879,2.8200238943099976,11.7
10880,2.8204293251037598,11.7
10881,2.8208571672439575,11.7
10882,2.822033643722534,11.7
10883,2.8223941326141357,11.7
10884,2.8238556385040283,11.7
10885,2.824015498161316,11.7
10886,2.824313759803772,11.7
10887,2.8246240615844727,11.7
10888,2.8248209953308105,11.7
10889,2.824944257736206,11.7
10890,2.8252869844436646,11.7
10891,2.8259360790252686,11.7
10892,2.826122283935547,11.7
10893,2.82710862159729,11.7
10894,2.8279119729995728,11.8
10895,2.8280770778656006,11.8
10896,2.8288482427597046,11.8
10897,2.8301318883895874,11.8
10898,2.830482006072998,11.8
10899,2.831020474433899,11.8
10900,2.8313454389572144,11.8
10901,2.8320672512054443,11.8
10902,2.8337877988815308,11.8
10903,2.8338927030563354,11.8
10904,2.83524227142334,11.8
10905,2.8354551792144775,11.8
10906,2.836205244064331,11.8
10907,2.836391806602478,11.8
10908,2.837015986442566,11.8
10909,2.8371756076812744,11.8
10910,2.8376386165618896,11.8
10911,2.8377503156661987,11.8
10912,2.8388285636901855,11.8
10913,2.8398783206939697,11.8
10914,2.8400275707244873,11.8
10915,2.840101718902588,11.8
10916,2.8409371376037598,11.8
10917,2.841330051422119,11.8
10918,2.8416956663131714,11.8
10919,2.8417434692382812,11.8
10920,2.8426231145858765,11.8
10921,2.842638373374939,11.8
10922,2.843135356903076,11.8
10923,2.843739628791809,11.8
10924,2.8438507318496704,11.8
10925,2.8438626527786255,11.8
10926,2.8444459438323975,11.8
10927,2.8446807861328125,11.8
10928,2.8447195291519165,11.8
10929,2.845454454421997,11.8
10930,2.84687876701355,11.8
10931,2.8472814559936523,11.9
10932,2.8475176095962524,11.9
10933,2.8478024005889893,11.9
10934,2.8479080200195312,11.9
10935,2.8479764461517334,11.9
10936,2.8493815660476685,11.9
10937,2.8495815992355347,11.9
10938,2.8503953218460083,11.9
10939,2.850506901741028,11.9
10940,2.850775718688965,11.9
10941,2.850829005241394,11.9
10942,2.8508495092391968,11.9
10943,2.8509395122528076,11.9
10944,2.851308226585388,11.9
10945,2.851372241973877,11.9
10946,2.8516002893447876,11.9
10947,2.852098822593689,11.9
10948,2.8524136543273926,11.9
10949,2.852618932723999,11.9
10950,2.853320360183716,11.9
10951,2.8533473014831543,11.9
10952,2.853920340538025,11.9
10953,2.854401707649231,11.9
10954,2.8553054332733154,11.9
10955,2.856172561645508,11.9
10956,2.8563716411590576,11.9
10957,2.8578492403030396,11.9
10958,2.857932448387146,11.9
10959,2.8579851388931274,11.9
10960,2.85814106464386,11.9
10961,2.8581416606903076,11.9
10962,2.8584121465682983,11.9
10963,2.8584264516830444,11.9
10964,2.858555555343628,11.9
10965,2.8592129945755005,11.9
10966,2.8600088357925415,11.9
10967,2.861185073852539,11.9
10968,2.8613682985305786,11.9
10969,2.8616493940353394,11.9
10970,2.861810088157654,11.9
10971,2.862149953842163,11.9
10972,2.8627642393112183,11.9
10973,2.8632748126983643,11.9
10974,2.8639328479766846,11.9
10975,2.8644394874572754,11.9
10976,2.8647540807724,12.0
10977,2.8660000562667847,12.0
10978,2.8663681745529175,12.0
10979,2.866939425468445,12.0
10980,2.866984248161316,12.0
10981,2.867927312850952,12.0
10982,2.868323564529419,12.0
10983,2.8684194087982178,12.0
10984,2.8684650659561157,12.0
10985,2.868616223335266,12.0
10986,2.8693199157714844,12.0
10987,2.869587779045105,12.0
10988,2.870399594306946,12.0
10989,2.8719688653945923,12.0
10990,2.8721874952316284,12.0
10991,2.8741871118545532,12.0
10992,2.8744062185287476,12.0
10993,2.874519109725952,12.0
10994,2.875060200691223,12.0
10995,2.875311255455017,12.0
10996,2.875506281852722,12.0
10997,2.8757002353668213,12.0
10998,2.8760074377059937,12.0
10999,2.876154661178589,12.0
11000,2.8767285346984863,12.0
11001,2.8769394159317017,12.0
11002,2.8773598670959473,12.0
11003,2.87764310836792,12.0
11004,2.878227949142456,12.0
11005,2.8784048557281494,12.0
11006,2.878800868988037,12.0
11007,2.879602074623108,12.0
11008,2.880114793777466,12.0
11009,2.8805631399154663,12.0
11010,2.8810516595840454,12.0
11011,2.8811689615249634,12.0
11012,2.8815441131591797,12.0
11013,2.881679892539978,12.0
11014,2.881901264190674,12.0
11015,2.881971836090088,12.0
11016,2.8820691108703613,12.0
11017,2.8826160430908203,12.0
11018,2.882784366607666,12.0
11019,2.883163809776306,12.0
11020,2.883383870124817,12.0
11021,2.884002923965454,12.0
11022,2.8845341205596924,12.0
11023,2.8852391242980957,12.0
11024,2.886114239692688,12.0
11025,2.8864961862564087,12.1
11026,2.88660204410553,12.1
11027,2.886775851249695,12.1
11028,2.8870296478271484,12.1
11029,2.88789963722229,12.1
11030,2.8881133794784546,12.1
11031,2.8887284994125366,12.1
11032,2.8891854286193848,12.1
11033,2.8896286487579346,12.1
11034,2.8901044130325317,12.1
11035,2.890680432319641,12.1
11036,2.891651749610901,12.1
11037,2.891670346260071,12.1
11038,2.892653703689575,12.1
11039,2.8927890062332153,12.1
11040,2.8943898677825928,12.1
11041,2.894911289215088,12.1
11042,2.895614504814148,12.1
11043,2.896408796310425,12.1
11044,2.8964362144470215,12.1
11045,2.8964951038360596,12.1
11046,2.8974688053131104,12.1
11047,2.8976393938064575,12.1
11048,2.8980557918548584,12.1
11049,2.899194121360779,12.1
11050,2.899473190307617,12.1
11051,2.8996559381484985,12.1
11052,2.8996903896331787,12.1
11053,2.8999119997024536,12.1
11054,2.899996757507324,12.1
11055,2.900480628013611,12.1
11056,2.901041030883789,12.1
11057,2.9014416933059692,12.1
11058,2.9017633199691772,12.1
11059,2.9019564390182495,12.1
11060,2.901994824409485,12.1
11061,2.9035743474960327,12.1
11062,2.9039411544799805,12.1
11063,2.9041311740875244,12.1
11064,2.9046075344085693,12.1
11065,2.905130982398987,12.1
11066,2.905325412750244,12.1
11067,2.905581474304199,12.1
11068,2.9059906005859375,12.1
11069,2.906084656715393,12.2
11070,2.9062000513076782,12.2
11071,2.906559109687805,12.2
11072,2.907614231109619,12.2
11073,2.9076766967773438,12.2
11074,2.907806634902954,12.2
11075,2.9078904390335083,12.2
11076,2.908158540725708,12.2
11077,2.909007430076599,12.2
11078,2.9099448919296265,12.2
11079,2.910001277923584,12.2
11080,2.910576581954956,12.2
11081,2.911166548728943,12.2
11082,2.912985920906067,12.2
11083,2.913528323173523,12.2
11084,2.9136301279067993,12.2
11085,2.9140387773513794,12.2
11086,2.915237307548523,12.2
11087,2.9159399271011353,12.2
11088,2.916476845741272,12.2
11089,2.91724956035614,12.2
11090,2.9183030128479004,12.2
11091,2.9183465242385864,12.2
11092,2.9187382459640503,12.2
11093,2.9200514554977417,12.2
11094,2.920076847076416,12.2
11095,2.9205517768859863,12.2
11096,2.921187400817871,12.2
11097,2.922536611557007,12.2
11098,2.923767924308777,12.2
11099,2.923848509788513,12.2
11100,2.9245223999023438,12.2
11101,2.924688696861267,12.2
11102,2.924864649772644,12.2
11103,2.926681876182556,12.2
11104,2.926758289337158,12.2
11105,2.9278435707092285,12.2
11106,2.927988648414612,12.2
11107,2.929116129875183,12.2
11108,2.92985999584198,12.2
11109,2.9310415983200073,12.2
11110,2.9310877323150635,12.2
11111,2.9314231872558594,12.2
11112,2.9319679737091064,12.2
11113,2.9320775270462036,12.3
11114,2.9326339960098267,12.3
11115,2.932837724685669,12.3
11116,2.9331798553466797,12.3
11117,2.9337821006774902,12.3
11118,2.9343771934509277,12.3
11119,2.934670329093933,12.3
11120,2.9347763061523438,12.3
11121,2.9347774982452393,12.3
11122,2.934983253479004,12.3
11123,2.935091257095337,12.3
11124,2.935216188430786,12.3
11125,2.935371994972229,12.3
11126,2.9358532428741455,12.3
11127,2.9367603063583374,12.3
11128,2.9368759393692017,12.3
11129,2.9375741481781006,12.3
11130,2.9376755952835083,12.3
11131,2.9380112886428833,12.3
11132,2.938541054725647,12.3
11133,2.938982844352722,12.3
11134,2.9408254623413086,12.3
11135,2.9410370588302612,12.3
11136,2.941250443458557,12.3
11137,2.941579818725586,12.3
11138,2.94333016872406,12.3
11139,2.943833589553833,12.3
11140,2.9446797370910645,12.3
11141,2.945196032524109,12.3
11142,2.9454829692840576,12.3
11143,2.9456993341445923,12.3
11144,2.945857286453247,12.3
11145,2.9466627836227417,12.3
11146,2.947623610496521,12.3
11147,2.9478507041931152,12.3
11148,2.9479219913482666,12.3
11149,2.9482243061065674,12.3
11150,2.9483766555786133,12.4
11151,2.948518991470337,12.4
11152,2.949903130531311,12.4
11153,2.9508200883865356,12.4
11154,2.950922131538391,12.4
11155,2.951363205909729,12.4
11156,2.951438307762146,12.4
11157,2.9515753984451294,12.4
11158,2.9530593156814575,12.4
11159,2.953924059867859,12.4
11160,2.954959988594055,12.4
11161,2.955191493034363,12.4
11162,2.955854892730713,12.4
11163,2.9560227394104004,12.4
11164,2.956151604652405,12.4
11165,2.9567365646362305,12.4
11166,2.957411527633667,12.4
11167,2.958593010902405,12.4
11168,2.9585957527160645,12.4
11169,2.959191679954529,12.4
11170,2.959662079811096,12.4
11171,2.9600034952163696,12.4
11172,2.9600902795791626,12.4
11173,2.9616761207580566,12.4
11174,2.961836576461792,12.4
11175,2.9619330167770386,12.4
11176,2.9621472358703613,12.4
11177,2.9622284173965454,12.4
11178,2.962251901626587,12.4
11179,2.96294105052948,12.4
11180,2.9632058143615723,12.4
11181,2.9633997678756714,12.4
11182,2.963811159133911,12.4
11183,2.9639514684677124,12.4
11184,2.964080810546875,12.4
11185,2.964318037033081,12.4
11186,2.9648865461349487,12.4
11187,2.9658775329589844,12.4
11188,2.9659208059310913,12.4
11189,2.966818928718567,12.4
11190,2.966893434524536,12.4
11191,2.966995358467102,12.4
11192,2.9673569202423096,12.5
11193,2.9677984714508057,12.5
11194,2.9684897661209106,12.5
11195,2.9685919284820557,12.5
11196,2.9687535762786865,12.5
11197,2.969336152076721,12.5
11198,2.9695279598236084,12.5
11199,2.969655990600586,12.5
11200,2.9698630571365356,12.5
11201,2.9714938402175903,12.5
11202,2.9718459844589233,12.5
11203,2.9721373319625854,12.5
11204,2.9726383686065674,12.5
11205,2.9728198051452637,12.5
11206,2.97331166267395,12.5
11207,2.9741240739822388,12.5
11208,2.9742788076400757,12.5
11209,2.9752477407455444,12.5
11210,2.975456476211548,12.5
11211,2.9757837057113647,12.5
11212,2.976092219352722,12.5
11213,2.976587653160095,12.5
11214,2.97723650932312,12.5
11215,2.9773110151290894,12.5
11216,2.977669358253479,12.5
11217,2.9783055782318115,12.5
11218,2.978813052177429,12.5
11219,2.9790810346603394,12.5
11220,2.9791343212127686,12.5
11221,2.9794719219207764,12.5
11222,2.979508876800537,12.5
11223,2.97977077960968,12.5
11224,2.980726718902588,12.5
11225,2.981083869934082,12.5
11226,2.981816053390503,12.5
11227,2.981867790222168,12.5
11228,2.981936812400818,12.5
11229,2.982105255126953,12.5
11230,2.9827147722244263,12.5
11231,2.9831491708755493,12.5
11232,2.9832773208618164,12.5
11233,2.983312249183655,12.5
11234,2.9836950302124023,12.5
11235,2.9837981462478638,12.5
11236,2.9841837882995605,12.5
11237,2.984800934791565,12.6
11238,2.985451340675354,12.6
11239,2.9859702587127686,12.6
11240,2.986048460006714,12.6
11241,2.986139178276062,12.6
11242,2.9863818883895874,12.6
11243,2.9865736961364746,12.6
11244,2.9871199131011963,12.6
11245,2.9878123998641968,12.6
11246,2.987922787666321,12.6
11247,2.9893529415130615,12.6
11248,2.989581346511841,12.6
11249,2.9900946617126465,12.6
11250,2.990192174911499,12.6
11251,2.990568161010742,12.6
11252,2.9926414489746094,12.6
11253,2.994277238845825,12.6
11254,2.9949084520339966,12.6
11255,2.9954172372817993,12.6
11256,2.995626449584961,12.6
11257,2.996002197265625,12.6
11258,2.9971585273742676,12.6
11259,2.997672200202942,12.6
11260,2.9981539249420166,12.6
11261,2.998842239379883,12.6
11262,2.999242424964905,12.6
11263,3.0012121200561523,12.6
11264,3.002018928527832,12.6
11265,3.002086043357849,12.6
11266,3.0021897554397583,12.6
11267,3.0027496814727783,12.6
11268,3.0027904510498047,12.6
11269,3.0029181241989136,12.6
11270,3.0029702186584473,12.6
11271,3.003910779953003,12.6
11272,3.003913998603821,12.6
11273,3.0052876472473145,12.6
11274,3.0066837072372437,12.6
11275,3.0070207118988037,12.6
11276,3.007163166999817,12.6
11277,3.007848620414734,12.7
11278,3.008071184158325,12.7
11279,3.008250594139099,12.7
11280,3.0083463191986084,12.7
11281,3.008460283279419,12.7
11282,3.0089298486709595,12.7
11283,3.008950114250183,12.7
11284,3.0089659690856934,12.7
11285,3.009017825126648,12.7
11286,3.0095373392105103,12.7
11287,3.009548306465149,12.7
11288,3.009705901145935,12.7
11289,3.0101605653762817,12.7
11290,3.0103594064712524,12.7
11291,3.0107710361480713,12.7
11292,3.0126436948776245,12.7
11293,3.0131973028182983,12.7
11294,3.0132638216018677,12.7
11295,3.013691544532776,12.7
11296,3.013719916343689,12.7
11297,3.013819694519043,12.7
11298,3.0138381719589233,12.7
11299,3.0147547721862793,12.7
11300,3.0165510177612305,12.7
11301,3.017112374305725,12.7
11302,3.0174394845962524,12.7
11303,3.0176117420196533,12.7
11304,3.0184004306793213,12.7
11305,3.0187675952911377,12.7
11306,3.019906163215637,12.7
11307,3.022070050239563,12.7
11308,3.022135615348816,12.7
11309,3.024207592010498,12.7
11310,3.0249392986297607,12.7
11311,3.025189995765686,12.7
11312,3.0257517099380493,12.7
11313,3.0259112119674683,12.7
11314,3.025940418243408,12.7
11315,3.026685357093811,12.7
11316,3.0275347232818604,12.7
11317,3.0278793573379517,12.8
11318,3.0282721519470215,12.8
11319,3.0286238193511963,12.8
11320,3.029675006866455,12.8
11321,3.0298912525177,12.8
11322,3.0301966667175293,12.8
11323,3.0306872129440308,12.8
11324,3.0310163497924805,12.8
11325,3.0310736894607544,12.8
11326,3.031460404396057,12.8
11327,3.032223701477051,12.8
11328,3.032570719718933,12.8
11329,3.032889246940613,12.8
11330,3.0348892211914062,12.8
11331,3.0367326736450195,12.8
11332,3.0369457006454468,12.8
11333,3.037357211112976,12.8
11334,3.037722587585449,12.8
11335,3.0379886627197266,12.8
11336,3.038503408432007,12.8
11337,3.038708448410034,12.8
11338,3.039276957511902,12.8
11339,3.0399062633514404,12.8
11340,3.0401742458343506,12.8
11341,3.040248394012451,12.8
11342,3.0407439470291138,12.8
11343,3.0421059131622314,12.8
11344,3.0421128273010254,12.8
11345,3.0428707599639893,12.8
11346,3.0433520078659058,12.8
11347,3.0435012578964233,12.8
11348,3.0437045097351074,12.8
11349,3.0437811613082886,12.8
11350,3.046738028526306,12.8
11351,3.048327088356018,12.8
11352,3.048892021179199,12.8
11353,3.0496357679367065,12.8
11354,3.0501691102981567,12.8
11355,3.0518057346343994,12.8
11356,3.0526082515716553,12.8
11357,3.0526942014694214,12.8
11358,3.0527966022491455,12.8
11359,3.052973508834839,12.8
11360,3.054091691970825,12.8
11361,3.0547919273376465,12.8
11362,3.055585741996765,12.8
11363,3.056945562362671,12.8
11364,3.0570143461227417,12.8
11365,3.057409167289734,12.9
11366,3.0577239990234375,12.9
11367,3.0589429140090942,12.9
11368,3.0592052936553955,12.9
11369,3.0593146085739136,12.9
11370,3.059638023376465,12.9
11371,3.0604565143585205,12.9
11372,3.06067156791687,12.9
11373,3.0613322257995605,12.9
11374,3.0613943338394165,12.9
11375,3.0617088079452515,12.9
11376,3.0617454051971436,12.9
11377,3.061888575553894,12.9
11378,3.062601923942566,12.9
11379,3.0630065202713013,12.9
11380,3.0635565519332886,12.9
11381,3.063977360725403,12.9
11382,3.0640286207199097,12.9
11383,3.0644694566726685,12.9
11384,3.065914034843445,12.9
11385,3.066401958465576,12.9
11386,3.0668461322784424,12.9
11387,3.0669513940811157,12.9
11388,3.0685383081436157,12.9
11389,3.0695334672927856,12.9
11390,3.0701714754104614,12.9
11391,3.070210337638855,12.9
11392,3.070792078971863,12.9
11393,3.071551561355591,12.9
11394,3.071817994117737,12.9
11395,3.0722670555114746,12.9
11396,3.0724486112594604,12.9
11397,3.0733710527420044,12.9
11398,3.0737416744232178,13.0
11399,3.0740281343460083,13.0
11400,3.0761245489120483,13.0
11401,3.0765106678009033,13.0
11402,3.0765953063964844,13.0
11403,3.0770175457000732,13.0
11404,3.0770928859710693,13.0
11405,3.0772485733032227,13.0
11406,3.0779701471328735,13.0
11407,3.079091191291809,13.0
11408,3.079131245613098,13.0
11409,3.079721689224243,13.0
11410,3.079783082008362,13.0
11411,3.0805349349975586,13.0
11412,3.0805543661117554,13.0
11413,3.080856204032898,13.0
11414,3.081195592880249,13.0
11415,3.081333041191101,13.0
11416,3.082755446434021,13.0
11417,3.083646535873413,13.0
11418,3.08379590511322,13.0
11419,3.08393394947052,13.0
11420,3.0841479301452637,13.0
11421,3.085088014602661,13.0
11422,3.08540415763855,13.0
11423,3.086188316345215,13.0
11424,3.0865880250930786,13.0
11425,3.086639881134033,13.0
11426,3.086864471435547,13.0
11427,3.08733594417572,13.0
11428,3.0877798795700073,13.0
11429,3.088021397590637,13.0
11430,3.088025689125061,13.0
11431,3.088083863258362,13.1
11432,3.0883126258850098,13.1
11433,3.0883538722991943,13.1
11434,3.088381767272949,13.1
11435,3.089089035987854,13.1
11436,3.0893144607543945,13.1
11437,3.089681386947632,13.1
11438,3.089997410774231,13.1
11439,3.090425491333008,13.1
11440,3.0910691022872925,13.1
11441,3.091885209083557,13.1
11442,3.0919852256774902,13.1
11443,3.092229723930359,13.1
11444,3.093210220336914,13.1
11445,3.0936954021453857,13.1
11446,3.0943193435668945,13.1
11447,3.0949037075042725,13.1
11448,3.094939708709717,13.1
11449,3.09548282623291,13.1
11450,3.095579504966736,13.1
11451,3.096030354499817,13.1
11452,3.0966484546661377,13.1
11453,3.097408652305603,13.1
11454,3.097878575325012,13.1
11455,3.0984818935394287,13.1
11456,3.098900556564331,13.1
11457,3.099490165710449,13.1
11458,3.099738121032715,13.1
11459,3.099968194961548,13.1
11460,3.100603222846985,13.1
11461,3.1007434129714966,13.1
11462,3.101145386695862,13.1
11463,3.101591944694519,13.1
11464,3.1020864248275757,13.1
11465,3.102332830429077,13.1
11466,3.1024014949798584,13.2
11467,3.1026543378829956,13.2
11468,3.1034098863601685,13.2
11469,3.1034910678863525,13.2
11470,3.1035150289535522,13.2
11471,3.104844093322754,13.2
11472,3.1062082052230835,13.2
11473,3.106261968612671,13.2
11474,3.106745958328247,13.2
11475,3.1079065799713135,13.2
11476,3.1082489490509033,13.2
11477,3.108537435531616,13.2
11478,3.1094064712524414,13.2
11479,3.1099997758865356,13.2
11480,3.110817074775696,13.2
11481,3.1108486652374268,13.2
11482,3.1114948987960815,13.2
11483,3.1115392446517944,13.2
11484,3.116036057472229,13.2
11485,3.116128921508789,13.2
11486,3.1171882152557373,13.2
11487,3.1181708574295044,13.2
11488,3.118252396583557,13.2
11489,3.118390917778015,13.2
11490,3.1184589862823486,13.2
11491,3.118835926055908,13.2
11492,3.1190818548202515,13.2
11493,3.119348406791687,13.2
11494,3.1211283206939697,13.2
11495,3.1220908164978027,13.2
11496,3.1225744485855103,13.2
11497,3.1231918334960938,13.2
11498,3.12349534034729,13.2
11499,3.1241979598999023,13.2
11500,3.1252421140670776,13.2
11501,3.1256251335144043,13.2
11502,3.1257232427597046,13.3
11503,3.1264078617095947,13.3
11504,3.128135919570923,13.3
11505,3.12828266620636,13.3
11506,3.12842857837677,13.3
11507,3.1286630630493164,13.3
11508,3.129284977912903,13.3
11509,3.1294777393341064,13.3
11510,3.1296886205673218,13.3
11511,3.1314213275909424,13.3
11512,3.131986975669861,13.3
11513,3.1323134899139404,13.3
11514,3.1334961652755737,13.3
11515,3.1339879035949707,13.3
11516,3.134819507598877,13.3
11517,3.134959578514099,13.3
11518,3.135445237159729,13.3
11519,3.1359647512435913,13.3
11520,3.1380839347839355,13.3
11521,3.139772057533264,13.3
11522,3.14047372341156,13.3
11523,3.1418616771698,13.3
11524,3.1424039602279663,13.3
11525,3.1427420377731323,13.3
11526,3.1428152322769165,13.3
11527,3.1429340839385986,13.3
11528,3.1433167457580566,13.3
11529,3.144168257713318,13.3
11530,3.1441736221313477,13.3
11531,3.1448525190353394,13.3
11532,3.1458340883255005,13.3
11533,3.147298812866211,13.3
11534,3.1474157571792603,13.3
11535,3.1475701332092285,13.3
11536,3.1479690074920654,13.3
11537,3.1483978033065796,13.3
11538,3.148953676223755,13.3
11539,3.149404287338257,13.3
11540,3.1496028900146484,13.3
11541,3.150048017501831,13.3
11542,3.1505619287490845,13.3
11543,3.1508225202560425,13.3
11544,3.151034355163574,13.4
11545,3.1517252922058105,13.4
11546,3.15233051776886,13.4
11547,3.1523473262786865,13.4
11548,3.1524702310562134,13.4
11549,3.15342915058136,13.4
11550,3.1540015935897827,13.4
11551,3.154910922050476,13.4
11552,3.154937982559204,13.4
11553,3.155665636062622,13.4
11554,3.1576969623565674,13.4
11555,3.157969355583191,13.4
11556,3.158328890800476,13.4
11557,3.1584091186523438,13.4
11558,3.1584898233413696,13.4
11559,3.1589457988739014,13.4
11560,3.1611125469207764,13.4
11561,3.1624726057052612,13.4
11562,3.1632018089294434,13.4
11563,3.1643158197402954,13.4
11564,3.164880871772766,13.4
11565,3.1649389266967773,13.4
11566,3.165301203727722,13.4
11567,3.1671388149261475,13.4
11568,3.1674200296401978,13.4
11569,3.1675972938537598,13.4
11570,3.1688281297683716,13.4
11571,3.1688995361328125,13.4
11572,3.1690266132354736,13.4
11573,3.169187903404236,13.4
11574,3.1693838834762573,13.4
11575,3.1693862676620483,13.4
11576,3.170172095298767,13.4
11577,3.170648694038391,13.4
11578,3.1707135438919067,13.4
11579,3.1714624166488647,13.4
11580,3.17343008518219,13.4
11581,3.174736976623535,13.4
11582,3.174780011177063,13.4
11583,3.175544857978821,13.4
11584,3.17616069316864,13.4
11585,3.1762638092041016,13.4
11586,3.176600933074951,13.4
11587,3.1787246465682983,13.4
11588,3.1788547039031982,13.4
11589,3.178890585899353,13.5
11590,3.1791268587112427,13.5
11591,3.180322766304016,13.5
11592,3.1808950901031494,13.5
11593,3.181113839149475,13.5
11594,3.181689500808716,13.5
11595,3.1826504468917847,13.5
11596,3.1827383041381836,13.5
11597,3.1840386390686035,13.5
11598,3.184266209602356,13.5
11599,3.1846582889556885,13.5
11600,3.185011148452759,13.5
11601,3.186694025993347,13.5
11602,3.1874791383743286,13.5
11603,3.1887162923812866,13.5
11604,3.1904373168945312,13.5
11605,3.19113826751709,13.5
11606,3.1911510229110718,13.5
11607,3.1921550035476685,13.5
11608,3.1927578449249268,13.5
11609,3.1931793689727783,13.5
11610,3.1934990882873535,13.5
11611,3.193506360054016,13.5
11612,3.1941990852355957,13.5
11613,3.195155143737793,13.5
11614,3.1960012912750244,13.5
11615,3.1960357427597046,13.5
11616,3.198018789291382,13.5
11617,3.1994452476501465,13.5
11618,3.1996021270751953,13.5
11619,3.200255036354065,13.5
11620,3.2009183168411255,13.5
11621,3.200949192047119,13.6
11622,3.201394557952881,13.6
11623,3.2015239000320435,13.6
11624,3.2018901109695435,13.6
11625,3.2040680646896362,13.6
11626,3.204482913017273,13.6
11627,3.2047581672668457,13.6
11628,3.2048953771591187,13.6
11629,3.2051842212677,13.6
11630,3.2053545713424683,13.6
11631,3.207071542739868,13.6
11632,3.2108724117279053,13.6
11633,3.2112936973571777,13.6
11634,3.2113120555877686,13.6
11635,3.2126859426498413,13.6
11636,3.2135428190231323,13.6
11637,3.213876485824585,13.6
11638,3.2141551971435547,13.6
11639,3.21452796459198,13.6
11640,3.215051770210266,13.6
11641,3.216204285621643,13.6
11642,3.2166926860809326,13.6
11643,3.2195132970809937,13.6
11644,3.219938635826111,13.6
11645,3.221694588661194,13.6
11646,3.221964478492737,13.6
11647,3.2230184078216553,13.6
11648,3.2231411933898926,13.6
11649,3.223904609680176,13.6
11650,3.224604368209839,13.6
11651,3.2260782718658447,13.6
11652,3.226143002510071,13.7
11653,3.226611614227295,13.7
11654,3.226818561553955,13.7
11655,3.2273494005203247,13.7
11656,3.2285783290863037,13.7
11657,3.228867530822754,13.7
11658,3.22973370552063,13.7
11659,3.229923725128174,13.7
11660,3.2307554483413696,13.7
11661,3.231039881706238,13.7
11662,3.2317148447036743,13.7
11663,3.232446312904358,13.7
11664,3.232852816581726,13.7
11665,3.233333945274353,13.7
11666,3.2335309982299805,13.7
11667,3.2335442304611206,13.7
11668,3.2338759899139404,13.7
11669,3.2341748476028442,13.7
11670,3.2343350648880005,13.7
11671,3.236910581588745,13.7
11672,3.2389698028564453,13.7
11673,3.238988161087036,13.7
11674,3.239295244216919,13.7
11675,3.2393449544906616,13.7
11676,3.2394648790359497,13.7
11677,3.2403236627578735,13.7
11678,3.242005944252014,13.7
11679,3.245859384536743,13.7
11680,3.245953321456909,13.7
11681,3.2464351654052734,13.7
11682,3.246836543083191,13.7
11683,3.247908353805542,13.8
11684,3.248673439025879,13.8
11685,3.2493419647216797,13.8
11686,3.2494115829467773,13.8
11687,3.2511799335479736,13.8
11688,3.2520906925201416,13.8
11689,3.253174901008606,13.8
11690,3.254837989807129,13.8
11691,3.255300998687744,13.8
11692,3.2554739713668823,13.8
11693,3.2560499906539917,13.8
11694,3.2570621967315674,13.8
11695,3.257314682006836,13.8
11696,3.2580952644348145,13.8
11697,3.2580976486206055,13.8
11698,3.258889079093933,13.8
11699,3.2604784965515137,13.8
11700,3.2610379457473755,13.8
11701,3.262768507003784,13.8
11702,3.263197422027588,13.8
11703,3.264326333999634,13.8
11704,3.2646214962005615,13.8
11705,3.2648669481277466,13.8
11706,3.2658019065856934,13.8
11707,3.266032576560974,13.8
11708,3.2660547494888306,13.8
11709,3.266217589378357,13.8
11710,3.2673169374465942,13.8
11711,3.268709897994995,13.8
11712,3.2688279151916504,13.8
11713,3.2692114114761353,13.8
11714,3.2694294452667236,13.8
11715,3.26963472366333,13.8
11716,3.2700657844543457,13.8
11717,3.2701218128204346,13.8
11718,3.2704415321350098,13.8
11719,3.270590305328369,13.8
11720,3.2720224857330322,13.8
11721,3.272330641746521,13.8
11722,3.273147940635681,13.8
11723,3.273198366165161,13.8
11724,3.2737600803375244,13.9
11725,3.273919701576233,13.9
11726,3.2751715183258057,13.9
11727,3.2753050327301025,13.9
11728,3.275348424911499,13.9
11729,3.275665044784546,13.9
11730,3.2765491008758545,13.9
11731,3.279863715171814,13.9
11732,3.280187726020813,13.9
11733,3.2810604572296143,13.9
11734,3.2822635173797607,13.9
11735,3.2838985919952393,13.9
11736,3.286015748977661,13.9
11737,3.286998987197876,13.9
11738,3.2880698442459106,13.9
11739,3.2896631956100464,13.9
11740,3.2898203134536743,13.9
11741,3.2909109592437744,13.9
11742,3.291490316390991,13.9
11743,3.292552947998047,13.9
11744,3.2930344343185425,13.9
11745,3.293206572532654,13.9
11746,3.2937045097351074,13.9
11747,3.293900966644287,13.9
11748,3.298462152481079,13.9
11749,3.2990585565567017,13.9
11750,3.300303339958191,13.9
11751,3.3003454208374023,13.9
11752,3.300421118736267,13.9
11753,3.3008984327316284,13.9
11754,3.3013731241226196,13.9
11755,3.301723003387451,13.9
11756,3.3031307458877563,13.9
11757,3.3047192096710205,13.9
11758,3.305987596511841,13.9
11759,3.306155800819397,13.9
11760,3.3093316555023193,14.0
11761,3.3096336126327515,14.0
11762,3.310368061065674,14.0
11763,3.310409903526306,14.0
11764,3.3119096755981445,14.0
11765,3.3137056827545166,14.0
11766,3.31408154964447,14.0
11767,3.3141205310821533,14.0
11768,3.3152114152908325,14.0
11769,3.3161509037017822,14.0
11770,3.316519856452942,14.0
11771,3.316941976547241,14.0
11772,3.3169692754745483,14.0
11773,3.3172333240509033,14.0
11774,3.317699432373047,14.0
11775,3.317863702774048,14.0
11776,3.3179835081100464,14.0
11777,3.3195382356643677,14.0
11778,3.320037603378296,14.0
11779,3.3201698064804077,14.0
11780,3.3208271265029907,14.1
11781,3.3209630250930786,14.1
11782,3.320984363555908,14.1
11783,3.322102427482605,14.1
11784,3.3274471759796143,14.1
11785,3.327605366706848,14.1
11786,3.329636812210083,14.1
11787,3.33030903339386,14.1
11788,3.335776209831238,14.1
11789,3.3359392881393433,14.1
11790,3.3383206129074097,14.1
11791,3.3384710550308228,14.1
11792,3.339365243911743,14.1
11793,3.339835524559021,14.1
11794,3.340061902999878,14.1
11795,3.340798497200012,14.1
11796,3.3411108255386353,14.1
11797,3.342106342315674,14.1
11798,3.343709945678711,14.1
11799,3.343994617462158,14.1
11800,3.3441121578216553,14.1
11801,3.344362497329712,14.1
11802,3.344364047050476,14.1
11803,3.346898913383484,14.1
11804,3.347112536430359,14.1
11805,3.3479596376419067,14.1
11806,3.3487939834594727,14.1
11807,3.3489365577697754,14.1
11808,3.3490291833877563,14.2
11809,3.349116086959839,14.2
11810,3.350180745124817,14.2
11811,3.35025417804718,14.2
11812,3.3505841493606567,14.2
11813,3.3518073558807373,14.2
11814,3.352623701095581,14.2
11815,3.3527098894119263,14.2
11816,3.354485511779785,14.2
11817,3.355717420578003,14.2
11818,3.3570594787597656,14.2
11819,3.3581000566482544,14.2
11820,3.3582334518432617,14.2
11821,3.3584789037704468,14.2
11822,3.3599326610565186,14.2
11823,3.361902594566345,14.2
11824,3.3634146451950073,14.2
11825,3.3636523485183716,14.2
11826,3.3637123107910156,14.2
11827,3.3637789487838745,14.2
11828,3.363922357559204,14.2
11829,3.3643018007278442,14.2
11830,3.3647611141204834,14.2
11831,3.3647905588150024,14.2
11832,3.3651047945022583,14.3
11833,3.3656336069107056,14.3
11834,3.3661025762557983,14.3
11835,3.3676823377609253,14.3
11836,3.3712133169174194,14.3
11837,3.3746085166931152,14.3
11838,3.3747308254241943,14.3
11839,3.374774217605591,14.3
11840,3.3761645555496216,14.3
11841,3.3763667345046997,14.3
11842,3.3768311738967896,14.3
11843,3.377267360687256,14.3
11844,3.37734317779541,14.3
11845,3.378502368927002,14.3
11846,3.3792914152145386,14.3
11847,3.3804616928100586,14.3
11848,3.3811771869659424,14.3
11849,3.381888747215271,14.3
11850,3.3827977180480957,14.3
11851,3.3832359313964844,14.3
11852,3.383724093437195,14.3
11853,3.383831262588501,14.3
11854,3.3843908309936523,14.3
11855,3.385105013847351,14.3
11856,3.3862853050231934,14.3
11857,3.386463761329651,14.3
11858,3.387298822402954,14.3
11859,3.3889999389648438,14.3
11860,3.3890340328216553,14.3
11861,3.390470266342163,14.3
11862,3.3920817375183105,14.3
11863,3.393006920814514,14.4
11864,3.3932578563690186,14.4
11865,3.3962191343307495,14.4
11866,3.3973095417022705,14.4
11867,3.3976104259490967,14.4
11868,3.3995168209075928,14.4
11869,3.40011990070343,14.4
11870,3.40357506275177,14.4
11871,3.4042450189590454,14.4
11872,3.404271721839905,14.4
11873,3.406873106956482,14.4
11874,3.4074349403381348,14.4
11875,3.4083762168884277,14.4
11876,3.4097611904144287,14.4
11877,3.409820318222046,14.4
11878,3.41113543510437,14.4
11879,3.411223530769348,14.4
11880,3.412626624107361,14.4
11881,3.412954568862915,14.4
11882,3.413190245628357,14.4
11883,3.414370894432068,14.4
11884,3.415639281272888,14.5
11885,3.416102886199951,14.5
11886,3.417740821838379,14.5
11887,3.4180450439453125,14.5
11888,3.418549656867981,14.5
11889,3.420778274536133,14.5
11890,3.4229429960250854,14.5
11891,3.4237241744995117,14.5
11892,3.4248687028884888,14.5
11893,3.4253087043762207,14.5
11894,3.4260361194610596,14.5
11895,3.426851749420166,14.5
11896,3.427091956138611,14.5
11897,3.4284602403640747,14.5
11898,3.4297635555267334,14.5
11899,3.43243408203125,14.5
11900,3.4333081245422363,14.5
11901,3.433405876159668,14.5
11902,3.4342392683029175,14.5
11903,3.434725761413574,14.5
11904,3.4359604120254517,14.5
11905,3.436145782470703,14.5
11906,3.4362289905548096,14.5
11907,3.437177538871765,14.5
11908,3.437796115875244,14.6
11909,3.4384477138519287,14.6
11910,3.4412312507629395,14.6
11911,3.4417070150375366,14.6
11912,3.443849563598633,14.6
11913,3.444918394088745,14.6
11914,3.4449965953826904,14.6
11915,3.4454493522644043,14.6
11916,3.446018934249878,14.6
11917,3.4462406635284424,14.6
11918,3.4464141130447388,14.6
11919,3.448654890060425,14.6
11920,3.4493194818496704,14.6
11921,3.4494450092315674,14.6
11922,3.449617385864258,14.6
11923,3.451020121574402,14.6
11924,3.451402425765991,14.6
11925,3.4519463777542114,14.6
11926,3.454432249069214,14.6
11927,3.457254648208618,14.6
11928,3.4580671787261963,14.6
11929,3.460890769958496,14.6
11930,3.4623303413391113,14.6
11931,3.46273410320282,14.7
11932,3.46283757686615,14.7
11933,3.464216113090515,14.7
11934,3.465409994125366,14.7
11935,3.4668385982513428,14.7
11936,3.46879780292511,14.7
11937,3.469438314437866,14.7
11938,3.4698619842529297,14.7
11939,3.4705636501312256,14.7
11940,3.4713371992111206,14.7
11941,3.471563458442688,14.7
11942,3.47190260887146,14.7
11943,3.473378300666809,14.7
11944,3.4778077602386475,14.7
11945,3.4797425270080566,14.7
11946,3.4801087379455566,14.7
11947,3.4821770191192627,14.7
11948,3.4823384284973145,14.7
11949,3.482916235923767,14.7
11950,3.4834359884262085,14.7
11951,3.4840927124023438,14.7
11952,3.4870455265045166,14.7
11953,3.487187385559082,14.7
11954,3.487343430519104,14.7
11955,3.487613797187805,14.7
11956,3.4882529973983765,14.8
11957,3.488770604133606,14.8
11958,3.4889700412750244,14.8
11959,3.4899585247039795,14.8
11960,3.4900829792022705,14.8
11961,3.4904006719589233,14.8
11962,3.491160750389099,14.8
11963,3.491212010383606,14.8
11964,3.4932345151901245,14.8
11965,3.4934107065200806,14.8
11966,3.4951834678649902,14.8
11967,3.49556303024292,14.8
11968,3.495659351348877,14.8
11969,3.496573567390442,14.8
11970,3.4993672370910645,14.8
11971,3.500441312789917,14.8
11972,3.501221776008606,14.8
11973,3.501597046852112,14.8
11974,3.5025360584259033,14.8
11975,3.5037256479263306,14.8
11976,3.5047688484191895,14.8
11977,3.5056711435317993,14.8
11978,3.5072500705718994,14.8
11979,3.5091887712478638,14.8
11980,3.5100789070129395,14.8
11981,3.510491967201233,14.8
11982,3.5109819173812866,14.8
11983,3.512245535850525,14.8
11984,3.513630747795105,14.8
11985,3.514186382293701,14.9
11986,3.515036463737488,14.9
11987,3.515648603439331,14.9
11988,3.5159173011779785,14.9
11989,3.516620397567749,14.9
11990,3.518279194831848,14.9
11991,3.5188101530075073,14.9
11992,3.5188214778900146,14.9
11993,3.5201205015182495,14.9
11994,3.5207300186157227,14.9
11995,3.521106004714966,14.9
11996,3.5211533308029175,14.9
11997,3.523067831993103,14.9
11998,3.5234423875808716,14.9
11999,3.52426540851593,14.9
12000,3.52454674243927,14.9
12001,3.5254132747650146,14.9
12002,3.525557279586792,14.9
12003,3.526391863822937,14.9
12004,3.527895927429199,14.9
12005,3.5280251502990723,14.9
12006,3.528289318084717,14.9
12007,3.529433250427246,14.9
12008,3.531133532524109,14.9
12009,3.5315113067626953,14.9
12010,3.5327752828598022,14.9
12011,3.5339633226394653,14.9
12012,3.5340607166290283,14.9
12013,3.5346286296844482,14.9
12014,3.5377458333969116,14.9
12015,3.5380712747573853,14.9
12016,3.5380940437316895,14.9
12017,3.540287494659424,14.9
12018,3.5418035984039307,15.0
12019,3.542149066925049,15.0
12020,3.5432472229003906,15.0
12021,3.5440967082977295,15.0
12022,3.545110583305359,15.0
12023,3.5467382669448853,15.0
12024,3.5469167232513428,15.0
12025,3.5485281944274902,15.0
12026,3.548600435256958,15.0
12027,3.5486550331115723,15.0
12028,3.5487265586853027,15.0
12029,3.5497303009033203,15.0
12030,3.5501506328582764,15.0
12031,3.551082134246826,15.0
12032,3.551492929458618,15.0
12033,3.5517395734786987,15.0
12034,3.5545923709869385,15.0
12035,3.5547608137130737,15.0
12036,3.5548672676086426,15.0
12037,3.554941415786743,15.0
12038,3.5572527647018433,15.0
12039,3.55746591091156,15.0
12040,3.557843327522278,15.0
12041,3.5583086013793945,15.0
12042,3.5585907697677612,15.0
12043,3.559109687805176,15.0
12044,3.559665322303772,15.0
12045,3.5615545511245728,15.1
12046,3.56295382976532,15.1
12047,3.563649535179138,15.1
12048,3.565637707710266,15.1
12049,3.566320538520813,15.1
12050,3.5665528774261475,15.1
12051,3.5684436559677124,15.1
12052,3.5687742233276367,15.1
12053,3.569419741630554,15.1
12054,3.5696866512298584,15.1
12055,3.5724445581436157,15.1
12056,3.5747872591018677,15.1
12057,3.5748519897460938,15.1
12058,3.5749757289886475,15.1
12059,3.575013041496277,15.1
12060,3.575045347213745,15.1
12061,3.5755221843719482,15.1
12062,3.5760592222213745,15.1
12063,3.5770198106765747,15.1
12064,3.5775452852249146,15.1
12065,3.579309582710266,15.1
12066,3.5795868635177612,15.1
12067,3.581416606903076,15.1
12068,3.5821022987365723,15.1
12069,3.5838934183120728,15.1
12070,3.5854532718658447,15.1
12071,3.586605191230774,15.1
12072,3.5874574184417725,15.1
12073,3.589382290840149,15.1
12074,3.589537024497986,15.1
12075,3.5899105072021484,15.1
12076,3.5899364948272705,15.1
12077,3.5902459621429443,15.1
12078,3.5912071466445923,15.1
12079,3.593923807144165,15.1
12080,3.5972238779067993,15.1
12081,3.5974775552749634,15.1
12082,3.598021388053894,15.2
12083,3.59805965423584,15.2
12084,3.5984718799591064,15.2
12085,3.5986701250076294,15.2
12086,3.6016342639923096,15.2
12087,3.601693272590637,15.2
12088,3.60227370262146,15.2
12089,3.6033122539520264,15.2
12090,3.6037882566452026,15.2
12091,3.605561375617981,15.2
12092,3.6068655252456665,15.2
12093,3.607198476791382,15.2
12094,3.609290361404419,15.2
12095,3.6097092628479004,15.2
12096,3.6104127168655396,15.2
12097,3.6133276224136353,15.2
12098,3.6135629415512085,15.2
12099,3.613927960395813,15.2
12100,3.6145251989364624,15.2
12101,3.616673231124878,15.2
12102,3.6194809675216675,15.2
12103,3.6200414896011353,15.2
12104,3.6224374771118164,15.2
12105,3.6228972673416138,15.2
12106,3.624576449394226,15.2
12107,3.624834179878235,15.2
12108,3.624963641166687,15.2
12109,3.625065565109253,15.3
12110,3.6264997720718384,15.3
12111,3.626535415649414,15.3
12112,3.627854347229004,15.3
12113,3.628075122833252,15.3
12114,3.628807783126831,15.3
12115,3.6298563480377197,15.3
12116,3.6300387382507324,15.3
12117,3.631248712539673,15.3
12118,3.6314679384231567,15.3
12119,3.6330498456954956,15.3
12120,3.635431170463562,15.3
12121,3.6364275217056274,15.3
12122,3.636885166168213,15.3
12123,3.640707850456238,15.3
12124,3.641200065612793,15.3
12125,3.641847252845764,15.3
12126,3.6432818174362183,15.3
12127,3.643617033958435,15.3
12128,3.645578145980835,15.3
12129,3.6463764905929565,15.3
12130,3.6471976041793823,15.3
12131,3.650324821472168,15.3
12132,3.650481700897217,15.3
12133,3.650877594947815,15.3
12134,3.6532007455825806,15.4
12135,3.6533371210098267,15.4
12136,3.656792163848877,15.4
12137,3.657328724861145,15.4
12138,3.659149169921875,15.4
12139,3.6593436002731323,15.4
12140,3.660179615020752,15.4
12141,3.660888433456421,15.4
12142,3.6613776683807373,15.4
12143,3.661691188812256,15.4
12144,3.6659743785858154,15.4
12145,3.6665873527526855,15.4
12146,3.667249917984009,15.4
12147,3.6682316064834595,15.4
12148,3.668639302253723,15.4
12149,3.668671727180481,15.4
12150,3.6698789596557617,15.4
12151,3.6706725358963013,15.4
12152,3.6710489988327026,15.4
12153,3.672454357147217,15.4
12154,3.67257559299469,15.4
12155,3.6735554933547974,15.4
12156,3.6736682653427124,15.4
12157,3.673991084098816,15.4
12158,3.675016760826111,15.4
12159,3.6796594858169556,15.5
12160,3.681528925895691,15.5
12161,3.685954213142395,15.5
12162,3.6867780685424805,15.5
12163,3.6893516778945923,15.5
12164,3.6920305490493774,15.5
12165,3.692801594734192,15.5
12166,3.69281268119812,15.5
12167,3.693530559539795,15.5
12168,3.694560170173645,15.5
12169,3.6949154138565063,15.5
12170,3.695920467376709,15.5
12171,3.6990017890930176,15.5
12172,3.7002832889556885,15.5
12173,3.70224130153656,15.5
12174,3.70243239402771,15.5
12175,3.7034270763397217,15.5
12176,3.7038532495498657,15.5
12177,3.705403447151184,15.5
12178,3.7057145833969116,15.5
12179,3.7058106660842896,15.5
12180,3.7063815593719482,15.5
12181,3.7066729068756104,15.5
12182,3.7084323167800903,15.5
12183,3.7106900215148926,15.5
12184,3.711838960647583,15.6
12185,3.711950898170471,15.6
12186,3.7120561599731445,15.6
12187,3.7127649784088135,15.6
12188,3.7168697118759155,15.6
12189,3.7190831899642944,15.6
12190,3.719830870628357,15.6
12191,3.721103549003601,15.6
12192,3.721837282180786,15.6
12193,3.7220476865768433,15.6
12194,3.7228147983551025,15.6
12195,3.7231476306915283,15.6
12196,3.7232248783111572,15.6
12197,3.724339246749878,15.6
12198,3.725198984146118,15.6
12199,3.728193521499634,15.6
12200,3.731379270553589,15.6
12201,3.7314053773880005,15.6
12202,3.7340073585510254,15.6
12203,3.734370231628418,15.6
12204,3.734909415245056,15.7
12205,3.735934853553772,15.7
12206,3.7366024255752563,15.7
12207,3.7368578910827637,15.7
12208,3.737499713897705,15.7
12209,3.7420687675476074,15.7
12210,3.743685245513916,15.7
12211,3.7438727617263794,15.7
12212,3.7442710399627686,15.7
12213,3.744288206100464,15.7
12214,3.7448445558547974,15.7
12215,3.7454675436019897,15.7
12216,3.7460412979125977,15.7
12217,3.7469584941864014,15.7
12218,3.7483662366867065,15.7
12219,3.7491027116775513,15.7
12220,3.750853419303894,15.7
12221,3.7519344091415405,15.7
12222,3.753608822822571,15.7
12223,3.753939628601074,15.8
12224,3.7597705125808716,15.8
12225,3.7617346048355103,15.8
12226,3.762682557106018,15.8
12227,3.7628294229507446,15.8
12228,3.7632064819335938,15.8
12229,3.766659379005432,15.8
12230,3.768144726753235,15.8
12231,3.7696794271469116,15.8
12232,3.769754409790039,15.8
12233,3.770578145980835,15.8
12234,3.771516442298889,15.8
12235,3.7736706733703613,15.8
12236,3.7743643522262573,15.8
12237,3.7746362686157227,15.8
12238,3.7748438119888306,15.8
12239,3.775749921798706,15.8
12240,3.7760132551193237,15.8
12241,3.7785667181015015,15.8
12242,3.7792474031448364,15.8
12243,3.7800986766815186,15.8
12244,3.7802287340164185,15.9
12245,3.7819894552230835,15.9
12246,3.782163977622986,15.9
12247,3.782587766647339,15.9
12248,3.783325672149658,15.9
12249,3.784897208213806,15.9
12250,3.7867034673690796,15.9
12251,3.788646936416626,15.9
12252,3.7894363403320312,15.9
12253,3.7897846698760986,15.9
12254,3.7904669046401978,15.9
12255,3.790805459022522,15.9
12256,3.793974280357361,15.9
12257,3.7941441535949707,15.9
12258,3.795428991317749,15.9
12259,3.796354293823242,15.9
12260,3.7980687618255615,15.9
12261,3.803612470626831,15.9
12262,3.8041223287582397,15.9
12263,3.8062883615493774,15.9
12264,3.806784510612488,15.9
12265,3.8082507848739624,16.0
12266,3.80843186378479,16.0
12267,3.8104329109191895,16.0
12268,3.8114672899246216,16.0
12269,3.811625838279724,16.0
12270,3.816253185272217,16.0
12271,3.816331148147583,16.0
12272,3.818481206893921,16.0
12273,3.818598747253418,16.0
12274,3.8197964429855347,16.0
12275,3.8202314376831055,16.0
12276,3.8215019702911377,16.0
12277,3.822139263153076,16.0
12278,3.8231661319732666,16.0
12279,3.8238872289657593,16.0
12280,3.823973298072815,16.0
12281,3.8242512941360474,16.0
12282,3.826292872428894,16.0
12283,3.827011227607727,16.0
12284,3.8270671367645264,16.0
12285,3.8284820318222046,16.0
12286,3.8298813104629517,16.1
12287,3.8300998210906982,16.1
12288,3.8302947282791138,16.1
12289,3.8322577476501465,16.1
12290,3.832589626312256,16.1
12291,3.8350945711135864,16.1
12292,3.8359594345092773,16.1
12293,3.8375556468963623,16.1
12294,3.8383660316467285,16.1
12295,3.83853018283844,16.1
12296,3.8386608362197876,16.1
12297,3.8413866758346558,16.1
12298,3.8425791263580322,16.1
12299,3.8436001539230347,16.1
12300,3.845904588699341,16.1
12301,3.8469815254211426,16.1
12302,3.846984624862671,16.1
12303,3.8483147621154785,16.1
12304,3.849193811416626,16.1
12305,3.851604700088501,16.1
12306,3.852298378944397,16.1
12307,3.8531004190444946,16.1
12308,3.857067346572876,16.2
12309,3.858186721801758,16.2
12310,3.858229637145996,16.2
12311,3.858403205871582,16.2
12312,3.8584346771240234,16.2
12313,3.8590214252471924,16.2
12314,3.860529899597168,16.2
12315,3.861930727958679,16.2
12316,3.8642711639404297,16.2
12317,3.866347312927246,16.2
12318,3.8663820028305054,16.2
12319,3.866823196411133,16.2
12320,3.867708921432495,16.2
12321,3.8682340383529663,16.2
12322,3.868387222290039,16.2
12323,3.871480941772461,16.2
12324,3.871721386909485,16.3
12325,3.876766800880432,16.3
12326,3.877904772758484,16.3
12327,3.878020405769348,16.3
12328,3.8802303075790405,16.3
12329,3.8808473348617554,16.3
12330,3.881480097770691,16.3
12331,3.884142756462097,16.3
12332,3.8858295679092407,16.3
12333,3.886339783668518,16.3
12334,3.888903856277466,16.3
12335,3.8903673887252808,16.3
12336,3.890480637550354,16.4
12337,3.890798330307007,16.4
12338,3.8929394483566284,16.4
12339,3.893584370613098,16.4
12340,3.8939454555511475,16.4
12341,3.894924521446228,16.4
12342,3.8951077461242676,16.4
12343,3.898369550704956,16.4
12344,3.899023652076721,16.4
12345,3.9008893966674805,16.4
12346,3.9018218517303467,16.4
12347,3.902240753173828,16.4
12348,3.9023497104644775,16.4
12349,3.904223918914795,16.4
12350,3.9058040380477905,16.4
12351,3.9073599576950073,16.4
12352,3.909059762954712,16.5
12353,3.910480260848999,16.5
12354,3.910720109939575,16.5
12355,3.911328911781311,16.5
12356,3.914491295814514,16.5
12357,3.914584755897522,16.5
12358,3.914882183074951,16.5
12359,3.9156980514526367,16.5
12360,3.916192412376404,16.5
12361,3.9167380332946777,16.5
12362,3.9178879261016846,16.5
12363,3.918663263320923,16.5
12364,3.9188655614852905,16.5
12365,3.9211899042129517,16.5
12366,3.922628879547119,16.6
12367,3.923711061477661,16.6
12368,3.9244874715805054,16.6
12369,3.9246883392333984,16.6
12370,3.9253636598587036,16.6
12371,3.925847291946411,16.6
12372,3.9260209798812866,16.6
12373,3.9273412227630615,16.6
12374,3.9280625581741333,16.6
12375,3.9298031330108643,16.6
12376,3.930294990539551,16.6
12377,3.931532621383667,16.6
12378,3.9338111877441406,16.6
12379,3.934736967086792,16.6
12380,3.9351565837860107,16.6
12381,3.938961982727051,16.6
12382,3.9407392740249634,16.6
12383,3.9434280395507812,16.6
12384,3.9444020986557007,16.6
12385,3.944644331932068,16.6
12386,3.9462485313415527,16.6
12387,3.9487465620040894,16.6
12388,3.9488399028778076,16.7
12389,3.9510992765426636,16.7
12390,3.9520726203918457,16.7
12391,3.952125072479248,16.7
12392,3.953664779663086,16.7
12393,3.954971432685852,16.7
12394,3.955278754234314,16.7
12395,3.9584168195724487,16.7
12396,3.958897113800049,16.7
12397,3.9605884552001953,16.7
12398,3.962750792503357,16.7
12399,3.9629316329956055,16.7
12400,3.963769555091858,16.7
12401,3.964587092399597,16.7
12402,3.966836929321289,16.7
12403,3.967621922492981,16.7
12404,3.96821665763855,16.7
12405,3.970649242401123,16.7
12406,3.9716148376464844,16.7
12407,3.9719499349594116,16.7
12408,3.9720393419265747,16.8
12409,3.9767316579818726,16.8
12410,3.9776690006256104,16.8
12411,3.977944254875183,16.8
12412,3.9791104793548584,16.8
12413,3.9793145656585693,16.8
12414,3.980208158493042,16.8
12415,3.981381893157959,16.8
12416,3.9814443588256836,16.8
12417,3.9823827743530273,16.8
12418,3.9840195178985596,16.8
12419,3.9866095781326294,16.8
12420,3.987553596496582,16.8
12421,3.9888687133789062,16.8
12422,3.9893072843551636,16.8
12423,3.992560386657715,16.8
12424,3.993807315826416,16.8
12425,3.9945653676986694,16.8
12426,3.9961382150650024,16.8
12427,3.9965338706970215,16.9
12428,3.99929940700531,16.9
12429,3.999511957168579,16.9
12430,4.00116503238678,16.9
12431,4.004747986793518,16.9
12432,4.005848407745361,16.9
12433,4.008285999298096,16.9
12434,4.011332750320435,16.9
12435,4.011654257774353,16.9
12436,4.011855363845825,16.9
12437,4.0124698877334595,16.9
12438,4.013508558273315,16.9
12439,4.014901757240295,16.9
12440,4.0163644552230835,16.9
12441,4.01691198348999,16.9
12442,4.018642067909241,16.9
12443,4.019635081291199,16.9
12444,4.023331642150879,17.0
12445,4.027075290679932,17.0
12446,4.0272650718688965,17.0
12447,4.029531478881836,17.0
12448,4.032355546951294,17.0
12449,4.03287661075592,17.0
12450,4.033819794654846,17.0
12451,4.034057140350342,17.0
12452,4.03462815284729,17.0
12453,4.03693413734436,17.0
12454,4.040831565856934,17.0
12455,4.046037197113037,17.0
12456,4.04769504070282,17.0
12457,4.049057245254517,17.0
12458,4.049585342407227,17.0
12459,4.052199840545654,17.1
12460,4.054417967796326,17.1
12461,4.054696321487427,17.1
12462,4.056391358375549,17.1
12463,4.058069229125977,17.1
12464,4.0610939264297485,17.1
12465,4.062851309776306,17.1
12466,4.0636396408081055,17.1
12467,4.064469218254089,17.1
12468,4.067042589187622,17.1
12469,4.067304253578186,17.1
12470,4.06955623626709,17.1
12471,4.072622060775757,17.1
12472,4.074966549873352,17.1
12473,4.075862407684326,17.1
12474,4.076446175575256,17.2
12475,4.076601147651672,17.2
12476,4.07815957069397,17.2
12477,4.079243898391724,17.2
12478,4.080757737159729,17.2
12479,4.08081841468811,17.2
12480,4.082323312759399,17.2
12481,4.082331657409668,17.2
12482,4.08338737487793,17.2
12483,4.084064245223999,17.2
12484,4.084466934204102,17.2
12485,4.0904364585876465,17.2
12486,4.090698719024658,17.2
12487,4.090787649154663,17.2
12488,4.09119975566864,17.2
12489,4.0915210247039795,17.3
12490,4.092123031616211,17.3
12491,4.0939178466796875,17.3
12492,4.095770835876465,17.3
12493,4.096081018447876,17.3
12494,4.0977277755737305,17.3
12495,4.098740577697754,17.3
12496,4.107051610946655,17.3
12497,4.108028888702393,17.3
12498,4.116092205047607,17.3
12499,4.116342663764954,17.3
12500,4.117110967636108,17.4
12501,4.11925482749939,17.4
12502,4.124983072280884,17.4
12503,4.126485586166382,17.4
12504,4.127952337265015,17.4
12505,4.130096435546875,17.4
12506,4.134237289428711,17.4
12507,4.134515643119812,17.4
12508,4.135585069656372,17.4
12509,4.136025667190552,17.4
12510,4.13702130317688,17.4
12511,4.137372970581055,17.4
12512,4.139472007751465,17.4
12513,4.13958215713501,17.4
12514,4.1411131620407104,17.4
12515,4.143689155578613,17.4
12516,4.143965244293213,17.4
12517,4.148039817810059,17.4
12518,4.14990234375,17.4
12519,4.1510748863220215,17.4
12520,4.151767730712891,17.4
12521,4.152042388916016,17.4
12522,4.156046152114868,17.4
12523,4.157612323760986,17.4
12524,4.157983064651489,17.4
12525,4.158449411392212,17.5
12526,4.159026145935059,17.5
12527,4.159137487411499,17.5
12528,4.1599626541137695,17.5
12529,4.159963130950928,17.5
12530,4.1600000858306885,17.5
12531,4.164007186889648,17.5
12532,4.16422176361084,17.5
12533,4.165898561477661,17.5
12534,4.167081713676453,17.5
12535,4.169315576553345,17.5
12536,4.169638395309448,17.5
12537,4.1701319217681885,17.5
12538,4.172341585159302,17.6
12539,4.175534963607788,17.6
12540,4.178097486495972,17.6
12541,4.179014444351196,17.6
12542,4.180374026298523,17.6
12543,4.181921482086182,17.6
12544,4.1868391036987305,17.6
12545,4.187411546707153,17.6
12546,4.1890716552734375,17.6
12547,4.190946102142334,17.6
12548,4.192302227020264,17.6
12549,4.192691802978516,17.6
12550,4.193807601928711,17.6
12551,4.1946752071380615,17.6
12552,4.197935461997986,17.6
12553,4.199121594429016,17.6
12554,4.1991307735443115,17.6
12555,4.200352191925049,17.6
12556,4.204426527023315,17.6
12557,4.205319404602051,17.6
12558,4.205609083175659,17.6
12559,4.207831144332886,17.7
12560,4.2086687088012695,17.7
12561,4.210870265960693,17.7
12562,4.211278915405273,17.7
12563,4.2134504318237305,17.7
12564,4.21384072303772,17.7
12565,4.216557025909424,17.7
12566,4.218326091766357,17.7
12567,4.2199108600616455,17.7
12568,4.220871210098267,17.7
12569,4.22280216217041,17.7
12570,4.225001811981201,17.7
12571,4.228887557983398,17.7
12572,4.229361295700073,17.8
12573,4.230039596557617,17.8
12574,4.233312487602234,17.8
12575,4.235769271850586,17.8
12576,4.235996961593628,17.8
12577,4.23639440536499,17.8
12578,4.241793870925903,17.8
12579,4.24226188659668,17.8
12580,4.243573427200317,17.8
12581,4.2436487674713135,17.8
12582,4.245328903198242,17.8
12583,4.246453762054443,17.8
12584,4.247783660888672,17.8
12585,4.250808000564575,17.8
12586,4.25156307220459,17.8
12587,4.252490758895874,17.8
12588,4.253519058227539,17.9
12589,4.25499415397644,17.9
12590,4.255002975463867,17.9
12591,4.257984399795532,17.9
12592,4.258404731750488,17.9
12593,4.2591872215271,17.9
12594,4.259234189987183,17.9
12595,4.260399580001831,17.9
12596,4.2613091468811035,18.0
12597,4.263329982757568,18.0
12598,4.264699935913086,18.0
12599,4.269165515899658,18.0
12600,4.2710137367248535,18.0
12601,4.2713234424591064,18.0
12602,4.272850513458252,18.0
12603,4.275160312652588,18.0
12604,4.278471946716309,18.0
12605,4.279506206512451,18.0
12606,4.281715154647827,18.0
12607,4.2820422649383545,18.0
12608,4.284569025039673,18.0
12609,4.289475440979004,18.0
12610,4.289924621582031,18.0
12611,4.293716669082642,18.0
12612,4.293985843658447,18.0
12613,4.297447681427002,18.1
12614,4.298385381698608,18.1
12615,4.300459623336792,18.1
12616,4.302071571350098,18.1
12617,4.302412271499634,18.1
12618,4.303240060806274,18.1
12619,4.310109376907349,18.1
12620,4.31080436706543,18.1
12621,4.31208348274231,18.1
12622,4.313782691955566,18.1
12623,4.314266920089722,18.1
12624,4.316280841827393,18.1
12625,4.317473888397217,18.1
12626,4.317543983459473,18.1
12627,4.319017648696899,18.1
12628,4.322378635406494,18.1
12629,4.325753211975098,18.1
12630,4.327095985412598,18.1
12631,4.329247713088989,18.2
12632,4.330962657928467,18.2
12633,4.331765413284302,18.2
12634,4.335057973861694,18.2
12635,4.336072683334351,18.2
12636,4.336615085601807,18.2
12637,4.342111587524414,18.2
12638,4.3449578285217285,18.2
12639,4.346664667129517,18.2
12640,4.347262144088745,18.2
12641,4.347635984420776,18.2
12642,4.347752809524536,18.2
12643,4.349883317947388,18.2
12644,4.3522374629974365,18.3
12645,4.357685685157776,18.3
12646,4.35770320892334,18.3
12647,4.357806205749512,18.3
12648,4.3597941398620605,18.3
12649,4.360807657241821,18.3
12650,4.36139178276062,18.3
12651,4.361514091491699,18.3
12652,4.369988441467285,18.3
12653,4.373714923858643,18.3
12654,4.374150276184082,18.3
12655,4.374179124832153,18.3
12656,4.374805927276611,18.4
12657,4.377100229263306,18.4
12658,4.378730535507202,18.4
12659,4.379389047622681,18.4
12660,4.3825905323028564,18.4
12661,4.385599136352539,18.4
12662,4.3874287605285645,18.4
12663,4.387559771537781,18.4
12664,4.389906883239746,18.4
12665,4.3901684284210205,18.4
12666,4.391112565994263,18.4
12667,4.39253568649292,18.4
12668,4.395138502120972,18.4
12669,4.395900249481201,18.4
12670,4.395991802215576,18.4
12671,4.399482488632202,18.4
12672,4.4014201164245605,18.4
12673,4.40194046497345,18.5
12674,4.4022252559661865,18.5
12675,4.402405261993408,18.5
12676,4.410995960235596,18.5
12677,4.4113218784332275,18.5
12678,4.420228004455566,18.5
12679,4.421669006347656,18.5
12680,4.423789024353027,18.5
12681,4.433364152908325,18.5
12682,4.437180280685425,18.5
12683,4.44886589050293,18.5
12684,4.451357841491699,18.5
12685,4.452088832855225,18.5
12686,4.45436429977417,18.5
12687,4.4566802978515625,18.5
12688,4.460531949996948,18.5
12689,4.46178126335144,18.5
12690,4.464037656784058,18.5
12691,4.465356826782227,18.5
12692,4.466696739196777,18.6
12693,4.4680259227752686,18.6
12694,4.469998121261597,18.6
12695,4.472025156021118,18.6
12696,4.47345232963562,18.6
12697,4.480147361755371,18.6
12698,4.482773303985596,18.6
12699,4.483052968978882,18.6
12700,4.4849302768707275,18.6
12701,4.4859514236450195,18.6
12702,4.4860663414001465,18.6
12703,4.486990451812744,18.6
12704,4.487830877304077,18.6
12705,4.4878318309783936,18.6
12706,4.488356828689575,18.6
12707,4.490089654922485,18.6
12708,4.493895769119263,18.6
12709,4.502396583557129,18.7
12710,4.50267767906189,18.7
12711,4.5034589767456055,18.7
12712,4.503918647766113,18.7
12713,4.508396625518799,18.7
12714,4.5114829540252686,18.7
12715,4.512827396392822,18.7
12716,4.513528347015381,18.7
12717,4.5149922370910645,18.7
12718,4.51609206199646,18.7
12719,4.516758441925049,18.7
12720,4.518061637878418,18.7
12721,4.518493890762329,18.7
12722,4.518727779388428,18.8
12723,4.526979923248291,18.8
12724,4.527770757675171,18.8
12725,4.532501697540283,18.8
12726,4.5331034660339355,18.8
12727,4.538856029510498,18.8
12728,4.53917670249939,18.8
12729,4.540243148803711,18.8
12730,4.541282415390015,18.8
12731,4.5452680587768555,18.8
12732,4.550109148025513,18.8
12733,4.55030083656311,18.8
12734,4.553353786468506,18.8
12735,4.556257486343384,18.9
12736,4.558119058609009,18.9
12737,4.559187173843384,18.9
12738,4.563074111938477,18.9
12739,4.56476616859436,18.9
12740,4.575801134109497,18.9
12741,4.582145929336548,18.9
12742,4.582711696624756,18.9
12743,4.583908796310425,18.9
12744,4.585618257522583,18.9
12745,4.59315299987793,18.9
12746,4.598112106323242,18.9
12747,4.59902811050415,18.9
12748,4.605308294296265,18.9
12749,4.606679677963257,19.0
12750,4.609698295593262,19.0
12751,4.611817836761475,19.0
12752,4.611968994140625,19.0
12753,4.613198518753052,19.0
12754,4.613907814025879,19.0
12755,4.6139726638793945,19.0
12756,4.616814851760864,19.0
12757,4.616906404495239,19.0
12758,4.617357969284058,19.0
12759,4.620815753936768,19.1
12760,4.624744653701782,19.1
12761,4.626657485961914,19.1
12762,4.628552675247192,19.1
12763,4.634392738342285,19.1
12764,4.635910987854004,19.1
12765,4.635967254638672,19.1
12766,4.6388771533966064,19.1
12767,4.641650199890137,19.1
12768,4.644248723983765,19.1
12769,4.646991491317749,19.2
12770,4.647641181945801,19.2
12771,4.648898601531982,19.2
12772,4.650288105010986,19.2
12773,4.65099835395813,19.2
12774,4.6553895473480225,19.2
12775,4.656368970870972,19.2
12776,4.656512022018433,19.2
12777,4.657933950424194,19.2
12778,4.660571813583374,19.2
12779,4.664104461669922,19.2
12780,4.6703877449035645,19.2
12781,4.671852111816406,19.2
12782,4.674206495285034,19.2
12783,4.674269199371338,19.2
12784,4.677592754364014,19.2
12785,4.678544521331787,19.3
12786,4.68185830116272,19.3
12787,4.685031414031982,19.3
12788,4.6878602504730225,19.3
12789,4.688940763473511,19.3
12790,4.6892945766448975,19.3
12791,4.690141916275024,19.3
12792,4.690465688705444,19.3
12793,4.690927267074585,19.3
12794,4.692410707473755,19.3
12795,4.693007230758667,19.3
12796,4.697139024734497,19.3
12797,4.697245121002197,19.3
12798,4.699661493301392,19.4
12799,4.69979453086853,19.4
12800,4.700042963027954,19.4
12801,4.70483136177063,19.4
12802,4.7079572677612305,19.4
12803,4.709688425064087,19.4
12804,4.710296392440796,19.4
12805,4.71410870552063,19.4
12806,4.721979379653931,19.4
12807,4.723158836364746,19.4
12808,4.731612205505371,19.4
12809,4.732588529586792,19.4
12810,4.733514308929443,19.5
12811,4.734379053115845,19.5
12812,4.738061189651489,19.5
12813,4.739086866378784,19.5
12814,4.7416276931762695,19.5
12815,4.741793155670166,19.5
12816,4.742062568664551,19.5
12817,4.742093563079834,19.5
12818,4.7423834800720215,19.5
12819,4.74394416809082,19.5
12820,4.745007753372192,19.5
12821,4.745922088623047,19.5
12822,4.746249675750732,19.5
12823,4.749068260192871,19.5
12824,4.752736806869507,19.5
12825,4.753080129623413,19.6
12826,4.754650831222534,19.6
12827,4.756038665771484,19.6
12828,4.757569313049316,19.6
12829,4.758183240890503,19.6
12830,4.759908199310303,19.6
12831,4.764472246170044,19.6
12832,4.765686988830566,19.6
12833,4.766087532043457,19.6
12834,4.766374349594116,19.7
12835,4.769138813018799,19.7
12836,4.769766807556152,19.7
12837,4.780752420425415,19.7
12838,4.782800912857056,19.7
12839,4.787753105163574,19.7
12840,4.793884754180908,19.8
12841,4.795738220214844,19.8
12842,4.79894232749939,19.8
12843,4.81444787979126,19.9
12844,4.815135717391968,19.9
12845,4.818775415420532,19.9
12846,4.82135796546936,19.9
12847,4.823826551437378,19.9
12848,4.831700086593628,19.9
12849,4.837620496749878,19.9
12850,4.8432371616363525,19.9
12851,4.84470009803772,19.9
12852,4.846000909805298,19.9
12853,4.857081651687622,19.9
12854,4.857631206512451,19.9
12855,4.866113901138306,20.0
12856,4.870617389678955,20.0
12857,4.874357223510742,20.0
12858,4.877344846725464,20.0
12859,4.879350423812866,20.0
12860,4.879469871520996,20.0
12861,4.880162715911865,20.0
12862,4.880730152130127,20.0
12863,4.882609844207764,20.0
12864,4.885263204574585,20.0
12865,4.886222839355469,20.0
12866,4.8919901847839355,20.0
12867,4.900418996810913,20.0
12868,4.9023308753967285,20.0
12869,4.908074855804443,20.0
12870,4.910146713256836,20.0
12871,4.9139885902404785,20.0
12872,4.917327165603638,20.0
12873,4.929040908813477,20.1
12874,4.932271718978882,20.1
12875,4.93746280670166,20.1
12876,4.937526226043701,20.1
12877,4.938715219497681,20.1
12878,4.945280313491821,20.1
12879,4.945901155471802,20.1
12880,4.967907190322876,20.2
12881,4.976512670516968,20.2
12882,4.978096961975098,20.2
12883,4.979164361953735,20.2
12884,4.984644174575806,20.2
12885,4.987560987472534,20.2
12886,4.988268852233887,20.2
12887,4.989231586456299,20.2
12888,4.992403030395508,20.2
12889,4.995578050613403,20.2
12890,4.998152494430542,20.3
12891,5.0037596225738525,20.3
12892,5.006231069564819,20.3
12893,5.010361194610596,20.3
12894,5.01047945022583,20.3
12895,5.014757871627808,20.3
12896,5.015633583068848,20.3
12897,5.026758670806885,20.3
12898,5.031620979309082,20.3
12899,5.037201166152954,20.3
12900,5.037227153778076,20.4
12901,5.041921854019165,20.4
12902,5.0475914478302,20.4
12903,5.0521063804626465,20.4
12904,5.0599446296691895,20.4
12905,5.062233209609985,20.4
12906,5.063643455505371,20.4
12907,5.070290565490723,20.4
12908,5.0704967975616455,20.4
12909,5.077044486999512,20.4
12910,5.078518629074097,20.4
12911,5.078927755355835,20.5
12912,5.081721782684326,20.5
12913,5.084082126617432,20.5
12914,5.089884042739868,20.5
12915,5.1025710105896,20.5
12916,5.104724168777466,20.5
12917,5.1087658405303955,20.5
12918,5.111480712890625,20.5
12919,5.117877006530762,20.5
12920,5.126749515533447,20.6
12921,5.134141445159912,20.6
12922,5.135324716567993,20.6
12923,5.142171382904053,20.6
12924,5.1471848487854,20.6
12925,5.147293329238892,20.6
12926,5.151167154312134,20.7
12927,5.1519811153411865,20.7
12928,5.1592371463775635,20.7
12929,5.160995960235596,20.7
12930,5.161703824996948,20.7
12931,5.163148880004883,20.7
12932,5.166749954223633,20.7
12933,5.175969362258911,20.7
12934,5.176363468170166,20.8
12935,5.176700115203857,20.8
12936,5.191346883773804,20.8
12937,5.191751718521118,20.8
12938,5.2062458992004395,20.8
12939,5.212254285812378,20.8
12940,5.215177536010742,20.8
12941,5.2294347286224365,20.8
12942,5.237552642822266,20.8
12943,5.238867521286011,20.8
12944,5.251400470733643,20.8
12945,5.252122640609741,20.8
12946,5.265015602111816,20.8
12947,5.267594814300537,20.8
12948,5.269716501235962,20.9
12949,5.270674467086792,20.9
12950,5.2830822467803955,20.9
12951,5.299484491348267,20.9
12952,5.309685230255127,20.9
12953,5.310772895812988,20.9
12954,5.312823295593262,20.9
12955,5.3157639503479,20.9
12956,5.317614555358887,20.9
12957,5.318272829055786,21.0
12958,5.322641372680664,21.0
12959,5.3275415897369385,21.0
12960,5.328058242797852,21.0
12961,5.33052134513855,21.0
12962,5.358695030212402,21.0
12963,5.358781814575195,21.0
12964,5.373745441436768,21.1
12965,5.376381874084473,21.1
12966,5.376976013183594,21.1
12967,5.377365350723267,21.1
12968,5.37750244140625,21.1
12969,5.380461692810059,21.1
12970,5.3863770961761475,21.1
12971,5.38904333114624,21.1
12972,5.389794588088989,21.1
12973,5.394347906112671,21.1
12974,5.394411325454712,21.2
12975,5.398032903671265,21.2
12976,5.407298803329468,21.2
12977,5.4142022132873535,21.2
12978,5.416518211364746,21.2
12979,5.417579174041748,21.2
12980,5.420180797576904,21.2
12981,5.420552968978882,21.2
12982,5.427434682846069,21.2
12983,5.430848836898804,21.2
12984,5.434144496917725,21.3
12985,5.4546058177948,21.3
12986,5.456050395965576,21.3
12987,5.458852052688599,21.3
12988,5.461585998535156,21.4
12989,5.4623517990112305,21.4
12990,5.473497152328491,21.4
12991,5.477316856384277,21.4
12992,5.477423191070557,21.4
12993,5.482858180999756,21.5
12994,5.485529184341431,21.5
12995,5.486962080001831,21.5
12996,5.489488363265991,21.5
12997,5.494109869003296,21.5
12998,5.496834754943848,21.5
12999,5.5002663135528564,21.6
13000,5.50963568687439,21.6
13001,5.51456093788147,21.6
13002,5.526238441467285,21.6
13003,5.53749680519104,21.6
13004,5.544965744018555,21.6
13005,5.555413007736206,21.6
13006,5.559214353561401,21.6
13007,5.572073936462402,21.7
13008,5.582038640975952,21.7
13009,5.58623480796814,21.7
13010,5.5935468673706055,21.7
13011,5.597575426101685,21.8
13012,5.617720603942871,21.8
13013,5.62703537940979,21.8
13014,5.628928184509277,21.8
13015,5.634319305419922,21.8
13016,5.636420965194702,21.8
13017,5.640190839767456,21.8
13018,5.643127918243408,21.8
13019,5.643889904022217,21.9
13020,5.6455464363098145,21.9
13021,5.656247854232788,22.0
13022,5.668863296508789,22.0
13023,5.669228792190552,22.0
13024,5.6734089851379395,22.0
13025,5.677698135375977,22.1
13026,5.6852335929870605,22.1
13027,5.697092056274414,22.1
13028,5.702244520187378,22.1
13029,5.7106359004974365,22.1
13030,5.7235002517700195,22.1
13031,5.723931312561035,22.1
13032,5.724713325500488,22.1
13033,5.731827974319458,22.2
13034,5.735922574996948,22.2
13035,5.737986326217651,22.3
13036,5.75192403793335,22.3
13037,5.765070915222168,22.3
13038,5.772293329238892,22.3
13039,5.773062229156494,22.3
13040,5.77927303314209,22.4
13041,5.780505418777466,22.4
13042,5.78388524055481,22.4
13043,5.784479379653931,22.4
13044,5.802834987640381,22.5
13045,5.803626775741577,22.5
13046,5.805489540100098,22.6
13047,5.81397819519043,22.6
13048,5.816203355789185,22.6
13049,5.820915460586548,22.6
13050,5.8223700523376465,22.7
13051,5.823994874954224,22.7
13052,5.827093839645386,22.8
13053,5.843871355056763,22.9
13054,5.844227075576782,22.9
13055,5.853258371353149,22.9
13056,5.8605005741119385,22.9
13057,5.862057209014893,22.9
13058,5.87050986289978,22.9
13059,5.876958847045898,23.0
13060,5.882561445236206,23.0
13061,5.899827003479004,23.0
13062,5.912024974822998,23.0
13063,5.9194581508636475,23.0
13064,5.93329119682312,23.0
13065,5.93366265296936,23.0
13066,5.942768573760986,23.1
13067,5.945251226425171,23.1
13068,5.95100474357605,23.1
13069,5.951261758804321,23.2
13070,5.9514665603637695,23.2
13071,5.963676452636719,23.3
13072,5.966690540313721,23.3
13073,5.969639539718628,23.3
13074,5.973071813583374,23.3
13075,5.983727931976318,23.4
13076,5.991332769393921,23.4
13077,6.002723217010498,23.4
13078,6.044416904449463,23.4
13079,6.054149150848389,23.4
13080,6.061248064041138,23.5
13081,6.061972141265869,23.5
13082,6.068716287612915,23.5
13083,6.101921796798706,23.6
13084,6.119185924530029,23.6
13085,6.119339227676392,23.6
13086,6.124508857727051,23.6
13087,6.129861831665039,23.6
13088,6.133972644805908,23.6
13089,6.142826080322266,23.6
13090,6.153770685195923,23.6
13091,6.153829574584961,23.7
13092,6.157785415649414,23.7
13093,6.168442726135254,23.7
13094,6.16965389251709,23.7
13095,6.178973436355591,23.7
13096,6.186751842498779,23.7
13097,6.199656009674072,23.8
13098,6.200406312942505,23.8
13099,6.205363035202026,23.8
13100,6.23068642616272,23.8
13101,6.243940114974976,23.8
13102,6.248134136199951,23.8
13103,6.25134539604187,23.9
13104,6.257570505142212,23.9
13105,6.258997678756714,23.9
13106,6.260396957397461,24.0
13107,6.262463092803955,24.0
13108,6.270365953445435,24.0
13109,6.27325963973999,24.1
13110,6.291332721710205,24.1
13111,6.299386024475098,24.1
13112,6.305449485778809,24.1
13113,6.312118053436279,24.1
13114,6.313775062561035,24.1
13115,6.3146374225616455,24.3
13116,6.326709508895874,24.3
13117,6.3381147384643555,24.4
13118,6.347085475921631,24.4
13119,6.359805583953857,24.4
13120,6.359862327575684,24.4
13121,6.366518974304199,24.4
13122,6.381421804428101,24.5
13123,6.389325380325317,24.5
13124,6.402711629867554,24.5
13125,6.404911279678345,24.5
13126,6.406273365020752,24.5
13127,6.408057689666748,24.5
13128,6.409527540206909,24.6
13129,6.419824123382568,24.6
13130,6.44214653968811,24.6
13131,6.44399619102478,24.6
13132,6.448958873748779,24.7
13133,6.449601411819458,24.7
13134,6.473837852478027,24.7
13135,6.475053310394287,24.7
13136,6.47844934463501,24.8
13137,6.479912519454956,24.8
13138,6.494096755981445,24.8
13139,6.502099514007568,24.9
13140,6.512324810028076,24.9
13141,6.515381336212158,24.9
13142,6.52779746055603,25.0
13143,6.565768241882324,25.0
13144,6.573550224304199,25.1
13145,6.577591896057129,25.1
13146,6.5829017162323,25.1
13147,6.625432014465332,25.1
13148,6.6323370933532715,25.2
13149,6.63446044921875,25.3
13150,6.641610622406006,25.3
13151,6.6429831981658936,25.3
13152,6.647191286087036,25.3
13153,6.666077613830566,25.3
13154,6.676401376724243,25.3
13155,6.6847240924835205,25.4
13156,6.690299987792969,25.4
13157,6.707771062850952,25.4
13158,6.717911243438721,25.4
13159,6.733037233352661,25.4
13160,6.735491752624512,25.5
13161,6.738200664520264,25.5
13162,6.74471640586853,25.5
13163,6.7622833251953125,25.5
13164,6.769225597381592,25.6
13165,6.772207975387573,25.6
13166,6.781265735626221,25.6
13167,6.787985324859619,25.7
13168,6.812702894210815,25.7
13169,6.8261425495147705,25.7
13170,6.842654228210449,25.7
13171,6.850747346878052,25.7
13172,6.8564794063568115,25.8
13173,6.863589763641357,25.8
13174,6.870113849639893,25.8
13175,6.8799309730529785,25.8
13176,6.899744510650635,25.8
13177,6.920230388641357,25.8
13178,6.920279026031494,25.9
13179,6.924720048904419,25.9
13180,6.92494010925293,25.9
13181,6.928974390029907,25.9
13182,6.93393874168396,25.9
13183,6.945044755935669,25.9
13184,6.964612007141113,25.9
13185,6.985539674758911,26.0
13186,6.998499393463135,26.0
13187,7.007332801818848,26.0
13188,7.012544393539429,26.0
13189,7.028913736343384,26.1
13190,7.0310773849487305,26.1
13191,7.05652379989624,26.2
13192,7.082003593444824,26.2
13193,7.09118127822876,26.2
13194,7.095495223999023,26.3
13195,7.097266912460327,26.3
13196,7.112691402435303,26.3
13197,7.114070653915405,26.3
13198,7.118628740310669,26.4
13199,7.127223253250122,26.4
13200,7.130156755447388,26.5
13201,7.137995719909668,26.5
13202,7.140381336212158,26.5
13203,7.155704021453857,26.5
13204,7.174067497253418,26.6
13205,7.190460920333862,26.6
13206,7.2188920974731445,26.7
13207,7.256974697113037,26.8
13208,7.261099338531494,26.8
13209,7.263312101364136,26.9
13210,7.272836923599243,26.9
13211,7.297942638397217,26.9
13212,7.3094165325164795,27.0
13213,7.310751914978027,27.2
13214,7.346973657608032,27.2
13215,7.402914524078369,27.3
13216,7.406999111175537,27.3
13217,7.450250148773193,27.4
13218,7.458480596542358,27.6
13219,7.461471796035767,27.8
13220,7.482286214828491,27.8
13221,7.4917473793029785,27.9
13222,7.4991559982299805,27.9
13223,7.55594277381897,27.9
13224,7.574903964996338,28.1
13225,7.577587604522705,28.2
13226,7.62141489982605,28.2
13227,7.656740188598633,28.7
13228,7.6869797706604,28.7
13229,7.725476264953613,29.0
13230,7.80414080619812,29.0
13231,7.811187744140625,29.2
13232,7.817007064819336,29.3
13233,7.8274595737457275,29.4
13234,7.829305410385132,29.4
13235,7.836502552032471,29.4
13236,7.855976343154907,29.4
13237,7.862952470779419,29.6
13238,7.929468870162964,29.8
13239,7.977646112442017,29.8
13240,8.021682024002075,30.0
13241,8.114852666854858,30.0
13242,8.116365432739258,30.0
13243,8.191845893859863,30.3
13244,8.208141803741455,30.4
13245,8.2330322265625,30.6
13246,8.281357765197754,30.6
13247,8.321659564971924,30.6
13248,8.515535354614258,30.8
13249,8.777032852172852,31.7
13250,8.834461212158203,32.2
13251,9.067504405975342,32.5
13252,9.183149337768555,32.7
13253,9.250957012176514,33.8
13254,9.35529613494873,33.9
13255,9.556949138641357,35.0
13256,9.660075187683105,35.8
13257,9.837748050689697,36.0
13258,9.878303050994873,36.1
13259,9.944118976593018,39.5
