rgiid,site,lat,lon,elevation,slope,aspect
01.00570,pt000000,63.25697167572678,-145.44385838218605,1229.5458984375,3.0202248096466064,282.23651123046875
01.00570,pt000001,63.25697167572678,-145.4367989324593,1252.5067138671875,9.307526588439941,119.1458969116211
01.00570,pt000002,63.25697167572678,-145.42973948273257,1283.3377685546875,8.113314628601074,230.96580505371094
01.00570,pt000003,63.25697167572678,-145.42268003300583,1309.6876220703125,8.013848304748535,218.3765106201172
01.00570,pt000004,63.26403112545351,-145.42973948273257,1352.3970947265625,15.227298736572266,271.9072570800781
01.00570,pt000005,63.26403112545351,-145.42268003300583,1399.669677734375,8.881468772888184,246.6676025390625
01.00570,pt000006,63.26403112545351,-145.4156205832791,1428.501953125,7.811782360076904,196.07740783691406
01.00570,pt000007,63.271090575180246,-145.4367989324593,1529.672119140625,27.74345588684082,151.4435577392578
01.00570,pt000008,63.271090575180246,-145.42268003300583,1493.744384765625,19.960237503051758,221.0382843017578
01.00570,pt000009,63.271090575180246,-145.4156205832791,1519.654296875,6.0454421043396,155.53993225097656
01.00570,pt000010,63.271090575180246,-145.40856113355235,1509.752685546875,8.156646728515625,155.15689086914062
01.00570,pt000011,63.271090575180246,-145.37326388491866,2293.674072265625,17.511795043945312,256.9939270019531
01.00570,pt000012,63.27815002490698,-145.47915563081975,1921.4449462890625,4.795596599578857,119.28025817871094
01.00570,pt000013,63.27815002490698,-145.472096181093,1893.5430908203125,3.413634777069092,76.58775329589844
01.00570,pt000014,63.27815002490698,-145.46503673136627,1866.4608154296875,5.997336387634277,82.11283111572266
01.00570,pt000015,63.27815002490698,-145.45797728163953,1835.995361328125,4.971127033233643,117.69226837158203
01.00570,pt000016,63.27815002490698,-145.4509178319128,1797.7064208984375,9.256612777709961,98.03829193115234
01.00570,pt000017,63.27815002490698,-145.44385838218605,1734.2449951171875,8.180622100830078,61.85249710083008
01.00570,pt000018,63.27815002490698,-145.4367989324593,1701.676025390625,6.164463043212891,96.77680969238281
01.00570,pt000019,63.27815002490698,-145.42268003300583,1575.525390625,8.264261245727539,243.56240844726562
01.00570,pt000020,63.27815002490698,-145.4156205832791,1590.645751953125,6.5186872482299805,212.5839080810547
01.00570,pt000021,63.27815002490698,-145.40856113355235,1596.8223876953125,5.054436683654785,210.1947784423828
01.00570,pt000022,63.27815002490698,-145.38738278437214,2076.322021484375,43.12366485595703,341.9194641113281
01.00570,pt000023,63.27815002490698,-145.37326388491866,2068.893798828125,17.812034606933594,350.5942687988281
01.00570,pt000024,63.27815002490698,-145.36620443519192,2078.41552734375,18.0465087890625,359.8459167480469
01.00570,pt000025,63.27815002490698,-145.35914498546518,2241.56103515625,40.93425750732422,346.189697265625
01.00570,pt000026,63.27815002490698,-145.35208553573844,2379.054931640625,35.46337890625,195.6924285888672
01.00570,pt000027,63.28520947463371,-145.4862150805465,2010.6741943359375,4.072426795959473,152.2388153076172
01.00570,pt000028,63.28520947463371,-145.47915563081975,2000.6109619140625,2.9537172317504883,151.48301696777344
01.00570,pt000029,63.28520947463371,-145.472096181093,2008.943359375,34.92112731933594,168.12442016601562
01.00570,pt000030,63.28520947463371,-145.46503673136627,1961.86279296875,8.755596160888672,186.42776489257812
01.00570,pt000031,63.28520947463371,-145.45797728163953,1967.642578125,19.455482482910156,250.48155212402344
01.00570,pt000032,63.28520947463371,-145.4509178319128,1968.690673828125,8.21017837524414,52.52619934082031
01.00570,pt000033,63.28520947463371,-145.44385838218605,1913.2083740234375,6.914178371429443,107.53960418701172
01.00570,pt000034,63.28520947463371,-145.4367989324593,1863.3082275390625,8.059771537780762,93.76051330566406
01.00570,pt000035,63.28520947463371,-145.42973948273257,1762.4202880859375,27.345367431640625,91.2840805053711
01.00570,pt000036,63.28520947463371,-145.42268003300583,1677.6654052734375,17.134525299072266,113.54431915283203
01.00570,pt000037,63.28520947463371,-145.4156205832791,1650.7379150390625,4.6545186042785645,221.11598205566406
01.00570,pt000038,63.28520947463371,-145.40856113355235,1671.48828125,6.4298834800720215,199.27633666992188
01.00570,pt000039,63.28520947463371,-145.40150168382561,1709.3424072265625,19.301912307739258,223.1116180419922
01.00570,pt000040,63.28520947463371,-145.39444223409888,1796.6038818359375,5.086782455444336,287.0653381347656
01.00570,pt000041,63.28520947463371,-145.38738278437214,1813.7496337890625,3.5693159103393555,286.53509521484375
01.00570,pt000042,63.28520947463371,-145.3803233346454,1864.12255859375,16.89377784729004,253.62884521484375
01.00570,pt000043,63.28520947463371,-145.37326388491866,1902.7742919921875,8.96153450012207,282.4692687988281
01.00570,pt000044,63.28520947463371,-145.36620443519192,1995.27880859375,7.859841346740723,323.1799011230469
01.00570,pt000045,63.28520947463371,-145.35914498546518,2152.21826171875,26.225553512573242,238.0855255126953
01.00570,pt000046,63.29226892436044,-145.49327453027323,2213.858154296875,15.130223274230957,122.44498443603516
01.00570,pt000047,63.29226892436044,-145.4862150805465,2115.7998046875,9.583321571350098,146.08885192871094
01.00570,pt000048,63.29226892436044,-145.47915563081975,2136.93798828125,12.991612434387207,181.51727294921875
01.00570,pt000049,63.29226892436044,-145.472096181093,2143.15966796875,9.091291427612305,143.243408203125
01.00570,pt000050,63.29226892436044,-145.46503673136627,2111.887451171875,21.577054977416992,173.82232666015625
01.00570,pt000051,63.29226892436044,-145.4509178319128,2028.119140625,18.558198928833008,107.1749267578125
01.00570,pt000052,63.29226892436044,-145.44385838218605,2041.2757568359375,24.73518180847168,234.79954528808594
01.00570,pt000053,63.29226892436044,-145.42973948273257,1909.9251708984375,9.211750984191895,204.2196502685547
01.00570,pt000054,63.29226892436044,-145.42268003300583,1817.1387939453125,15.7817964553833,173.53184509277344
01.00570,pt000055,63.29226892436044,-145.4156205832791,1772.818115234375,20.39240837097168,149.1716766357422
01.00570,pt000056,63.29226892436044,-145.40856113355235,1717.3240966796875,14.232452392578125,151.96751403808594
01.00570,pt000057,63.29226892436044,-145.40150168382561,1730.2891845703125,5.280631065368652,220.9412078857422
01.00570,pt000058,63.29226892436044,-145.39444223409888,1758.7646484375,7.588350296020508,234.04617309570312
01.00570,pt000059,63.29226892436044,-145.38738278437214,1804.240234375,17.27159881591797,247.2156219482422
01.00570,pt000060,63.299328374087175,-145.42973948273257,1988.6700439453125,22.619930267333984,83.30797576904297
01.00570,pt000061,63.299328374087175,-145.42268003300583,1936.86767578125,2.6991095542907715,223.67864990234375
01.00570,pt000062,63.299328374087175,-145.4156205832791,1956.742431640625,32.215248107910156,5.332219123840332
01.01104,pt000000,58.3624073996769,-134.3685073613231,1224.9705810546875,9.818131446838379,120.92300415039062
01.01104,pt000001,58.3624073996769,-134.36204418364628,1196.860107421875,2.971959114074707,156.9552001953125
01.01104,pt000002,58.3624073996769,-134.35558100596944,1187.7659912109375,1.0437062978744507,92.13504028320312
01.01104,pt000003,58.3624073996769,-134.3491178282926,1183.029296875,4.736408710479736,347.3929443359375
01.01104,pt000004,58.3624073996769,-134.34265465061577,1202.56640625,10.68476390838623,338.0019836425781
01.01104,pt000005,58.3624073996769,-134.33619147293894,1242.61376953125,16.05051612854004,322.8250427246094
01.01104,pt000006,58.3624073996769,-134.3297282952621,1391.505615234375,29.832998275756836,228.30393981933594
01.01104,pt000007,58.36887057735373,-134.36204418364628,1229.94775390625,14.955459594726562,131.8116912841797
01.01104,pt000008,58.36887057735373,-134.35558100596944,1182.4208984375,5.180802822113037,93.74791717529297
01.01104,pt000009,58.36887057735373,-134.3491178282926,1159.8232421875,2.042232036590576,39.201541900634766
01.01104,pt000010,58.36887057735373,-134.34265465061577,1153.96826171875,2.70316743850708,350.6239929199219
01.01104,pt000011,58.36887057735373,-134.33619147293894,1191.5303955078125,14.389548301696777,292.75927734375
01.01104,pt000012,58.37533375503057,-134.35558100596944,1155.6239013671875,19.767253875732422,46.12046813964844
01.01104,pt000013,58.37533375503057,-134.3491178282926,1121.38916015625,4.375796318054199,10.39333438873291
01.01104,pt000014,58.37533375503057,-134.34265465061577,1114.128662109375,3.579547882080078,7.683224678039551
01.01104,pt000015,58.37533375503057,-134.33619147293894,1122.5576171875,8.554862022399902,274.39300537109375
01.01104,pt000016,58.37533375503057,-134.3297282952621,1196.2677001953125,14.792603492736816,255.69615173339844
01.01104,pt000017,58.3817969327074,-134.35558100596944,1074.3978271484375,3.9231998920440674,61.510414123535156
01.01104,pt000018,58.3817969327074,-134.3491178282926,1064.016845703125,1.9160057306289673,7.118668556213379
01.01104,pt000019,58.3817969327074,-134.34265465061577,1069.071044921875,4.4835286140441895,0.4321596920490265
01.01104,pt000020,58.3817969327074,-134.33619147293894,1075.245849609375,4.323317527770996,297.9962158203125
01.01104,pt000021,58.3817969327074,-134.3297282952621,1257.3160400390625,28.1551570892334,277.7310791015625
01.01104,pt000022,58.38826011038424,-134.36204418364628,1019.4365234375,16.387311935424805,33.141361236572266
01.01104,pt000023,58.38826011038424,-134.35558100596944,1018.2468872070312,4.582900047302246,344.4154052734375
01.01104,pt000024,58.38826011038424,-134.3491178282926,1023.134033203125,3.3503177165985107,355.0284118652344
01.01104,pt000025,58.38826011038424,-134.34265465061577,1021.3942260742188,6.131340980529785,26.771089553833008
01.01104,pt000026,58.38826011038424,-134.33619147293894,1085.76220703125,38.16946029663086,287.3558044433594
01.01104,pt000027,58.39472328806107,-134.36204418364628,868.806884765625,6.434268474578857,15.32623291015625
01.01104,pt000028,58.39472328806107,-134.35558100596944,913.4531860351562,9.259147644042969,299.20941162109375
01.01104,pt000029,58.39472328806107,-134.3491178282926,947.0635375976562,7.695489406585693,352.7120361328125
01.01104,pt000030,58.39472328806107,-134.34265465061577,963.0551147460938,21.968786239624023,262.2268371582031
01.01104,pt000031,58.40118646573791,-134.3685073613231,810.1204833984375,7.956802845001221,342.8245849609375
01.01104,pt000032,58.40118646573791,-134.36204418364628,833.2294311523438,4.009378910064697,324.0587463378906
01.01104,pt000033,58.40118646573791,-134.35558100596944,848.8057861328125,6.752605438232422,319.83660888671875
01.01104,pt000034,58.40118646573791,-134.3491178282926,851.946533203125,11.639925956726074,246.826904296875
01.09162,pt000000,60.37892102354153,-148.91866686529266,575.7693481445312,15.950751304626465,165.18267822265625
01.09162,pt000001,60.385608344082996,-148.92535418583412,721.1367797851562,11.746356964111328,247.03431701660156
01.09162,pt000002,60.385608344082996,-148.91866686529266,753.2959594726562,14.001540184020996,198.259033203125
01.09162,pt000003,60.39229566462446,-148.92535418583412,934.1748046875,6.936298370361328,239.2941131591797
01.09162,pt000004,60.39229566462446,-148.91866686529266,948.1884765625,7.0548224449157715,191.908203125
01.09162,pt000005,60.39229566462446,-148.9119795447512,951.05810546875,8.457756996154785,210.52597045898438
01.09162,pt000006,60.39229566462446,-148.90529222420975,966.3971557617188,5.238823890686035,183.5299835205078
01.09162,pt000007,60.39898298516593,-148.91866686529266,996.7547607421875,13.00823974609375,190.98828125
01.09162,pt000008,60.39898298516593,-148.9119795447512,999.39306640625,5.371703624725342,232.8468780517578
01.09162,pt000009,60.39898298516593,-148.90529222420975,1011.2976684570312,5.114532470703125,175.50167846679688
01.09162,pt000010,60.39898298516593,-148.89860490366829,1010.0107421875,3.700629472732544,183.00413513183594
01.09162,pt000011,60.39898298516593,-148.89191758312683,1002.1110229492188,9.646617889404297,149.65187072753906
01.09162,pt000012,60.405670305707396,-148.93204150637558,1293.99365234375,20.979183197021484,87.15072631835938
01.09162,pt000013,60.405670305707396,-148.92535418583412,1143.9520263671875,5.8212785720825195,201.0193328857422
01.09162,pt000014,60.405670305707396,-148.91866686529266,1122.3681640625,7.451350212097168,171.00193786621094
01.09162,pt000015,60.405670305707396,-148.9119795447512,1082.6131591796875,9.262059211730957,107.68440246582031
01.09162,pt000016,60.405670305707396,-148.90529222420975,1056.2841796875,2.666548728942871,119.59532165527344
01.09162,pt000017,60.405670305707396,-148.89860490366829,1044.629150390625,4.286831855773926,196.79537963867188
01.09162,pt000018,60.405670305707396,-148.89191758312683,1044.2706298828125,3.683791160583496,236.35220336914062
01.09162,pt000019,60.405670305707396,-148.88523026258537,1093.052490234375,16.004566192626953,276.590576171875
01.09162,pt000020,60.405670305707396,-148.8785429420439,1203.669677734375,11.988394737243652,224.1957550048828
01.09162,pt000021,60.405670305707396,-148.87185562150245,1269.149658203125,24.659364700317383,242.77420043945312
01.09162,pt000022,60.41235762624886,-148.93872882691704,1292.3377685546875,26.500730514526367,85.44770812988281
01.09162,pt000023,60.41235762624886,-148.93204150637558,1237.67041015625,5.424563884735107,129.5477294921875
01.09162,pt000024,60.41235762624886,-148.92535418583412,1220.5538330078125,5.086899757385254,129.4589385986328
01.09162,pt000025,60.41235762624886,-148.91866686529266,1185.1187744140625,7.049290657043457,172.30372619628906
01.09162,pt000026,60.41235762624886,-148.9119795447512,1207.1959228515625,10.596747398376465,173.5221710205078
01.09162,pt000027,60.41235762624886,-148.90529222420975,1205.859619140625,16.892791748046875,187.6670379638672
01.09162,pt000028,60.41235762624886,-148.89860490366829,1217.268798828125,7.337837219238281,204.6480255126953
01.09162,pt000029,60.41235762624886,-148.89191758312683,1264.8297119140625,17.942304611206055,218.5116729736328
01.09162,pt000030,60.41235762624886,-148.88523026258537,1312.701171875,18.66606903076172,234.73052978515625
01.09162,pt000031,60.41235762624886,-148.8785429420439,1389.35400390625,11.583319664001465,282.4598693847656
01.09162,pt000032,60.41235762624886,-148.87185562150245,1482.9066162109375,7.39032506942749,233.31591796875
01.09162,pt000033,60.41904494679033,-148.93872882691704,1297.080322265625,15.195947647094727,145.46697998046875
01.09162,pt000034,60.41904494679033,-148.93204150637558,1278.326416015625,8.882646560668945,168.2530975341797
01.09162,pt000035,60.41904494679033,-148.92535418583412,1276.5257568359375,1.542392373085022,161.70249938964844
01.09162,pt000036,60.41904494679033,-148.91866686529266,1282.0775146484375,4.027339458465576,198.66726684570312
01.09162,pt000037,60.41904494679033,-148.9119795447512,1269.08740234375,10.398733139038086,153.28225708007812
01.09162,pt000038,60.41904494679033,-148.90529222420975,1272.1231689453125,6.262819766998291,217.8440704345703
01.09162,pt000039,60.41904494679033,-148.89860490366829,1314.7078857421875,9.896669387817383,252.50669860839844
01.09162,pt000040,60.41904494679033,-148.89191758312683,1355.59716796875,3.006669044494629,254.1782684326172
01.09162,pt000041,60.41904494679033,-148.88523026258537,1360.114501953125,6.524786472320557,267.93658447265625
01.09162,pt000042,60.41904494679033,-148.8785429420439,1421.4739990234375,13.403127670288086,273.6700134277344
01.09162,pt000043,60.41904494679033,-148.87185562150245,1489.819580078125,15.588590621948242,245.9845733642578
01.09162,pt000044,60.41904494679033,-148.865168300961,1525.6962890625,6.481192588806152,227.80909729003906
01.09162,pt000045,60.425732267331796,-148.9454161474585,1398.006591796875,7.462725639343262,129.58865356445312
01.09162,pt000046,60.425732267331796,-148.93872882691704,1358.3779296875,1.3439531326293945,137.477294921875
01.09162,pt000047,60.425732267331796,-148.93204150637558,1345.7257080078125,11.381370544433594,144.42141723632812
01.09162,pt000048,60.425732267331796,-148.92535418583412,1325.1591796875,2.7958791255950928,179.93768310546875
01.09162,pt000049,60.425732267331796,-148.91866686529266,1322.646484375,4.509500980377197,192.3626708984375
01.09162,pt000050,60.425732267331796,-148.9119795447512,1339.8870849609375,3.2588512897491455,229.7517852783203
01.09162,pt000051,60.425732267331796,-148.90529222420975,1355.5682373046875,3.5726547241210938,235.1727752685547
01.09162,pt000052,60.425732267331796,-148.89860490366829,1386.8095703125,8.697452545166016,211.59765625
01.09162,pt000053,60.425732267331796,-148.89191758312683,1406.485107421875,11.296241760253906,203.67111206054688
01.09162,pt000054,60.425732267331796,-148.88523026258537,1451.0174560546875,12.51831340789795,230.16220092773438
01.09162,pt000055,60.425732267331796,-148.8785429420439,1496.37646484375,7.7561845779418945,250.91458129882812
01.09162,pt000056,60.425732267331796,-148.87185562150245,1554.6336669921875,9.44253158569336,247.2036590576172
01.09162,pt000057,60.43241958787326,-148.9454161474585,1498.8280029296875,35.68246078491211,202.52284240722656
01.09162,pt000058,60.43241958787326,-148.93204150637558,1475.060791015625,18.81109046936035,193.9348602294922
01.09162,pt000059,60.43241958787326,-148.92535418583412,1491.8134765625,19.500144958496094,154.3678741455078
01.09162,pt000060,60.43241958787326,-148.91866686529266,1406.2183837890625,18.015636444091797,161.576171875
01.09162,pt000061,60.43241958787326,-148.9119795447512,1383.0533447265625,13.80029582977295,197.30841064453125
01.09162,pt000062,60.43241958787326,-148.90529222420975,1390.016845703125,5.003194332122803,158.85235595703125
01.15645,pt000000,61.44557196180035,-142.94222916338276,436.4189147949219,6.450909614562988,296.7157897949219
01.15645,pt000001,61.44557196180035,-142.9354451925825,428.8100280761719,13.863121032714844,52.01751708984375
01.15645,pt000002,61.44557196180035,-142.92866122178225,422.19000244140625,12.434178352355957,179.0727081298828
01.15645,pt000003,61.45235593260061,-142.94222916338276,427.5665588378906,12.045682907104492,250.0654754638672
01.15645,pt000004,61.45235593260061,-142.9354451925825,438.8653259277344,12.287786483764648,110.84230041503906
01.15645,pt000005,61.45235593260061,-142.92866122178225,430.86181640625,17.92736053466797,3.094048261642456
01.15645,pt000006,61.45235593260061,-142.921877250982,443.3545227050781,13.886013984680176,234.31825256347656
01.15645,pt000007,61.45235593260061,-142.91509328018174,441.5515441894531,3.523198127746582,162.50425720214844
01.15645,pt000008,61.45235593260061,-142.90830930938148,428.09381103515625,7.6651458740234375,284.7696838378906
01.15645,pt000009,61.45235593260061,-142.90152533858122,460.733642578125,2.121664047241211,152.68780517578125
01.15645,pt000010,61.45235593260061,-142.89474136778097,462.3096923828125,3.0122554302215576,233.76583862304688
01.15645,pt000011,61.459139903400875,-142.9354451925825,432.9738464355469,15.245600700378418,216.3787078857422
01.15645,pt000012,61.459139903400875,-142.92866122178225,443.7368469238281,5.760777473449707,157.41494750976562
01.15645,pt000013,61.459139903400875,-142.921877250982,470.70947265625,6.343663692474365,137.64346313476562
01.15645,pt000014,61.459139903400875,-142.91509328018174,454.6123962402344,10.662585258483887,163.5703125
01.15645,pt000015,61.459139903400875,-142.90830930938148,460.1706848144531,9.45401382446289,98.14041137695312
01.15645,pt000016,61.459139903400875,-142.90152533858122,430.1412353515625,6.173373699188232,147.261962890625
01.15645,pt000017,61.459139903400875,-142.89474136778097,467.8624572753906,4.074790954589844,266.49688720703125
01.15645,pt000018,61.46592387420114,-142.94222916338276,459.4446105957031,5.003234386444092,293.5089416503906
01.15645,pt000019,61.46592387420114,-142.9354451925825,472.17449951171875,5.841529846191406,131.30401611328125
01.15645,pt000020,61.46592387420114,-142.92866122178225,500.91552734375,10.974922180175781,193.0377197265625
01.15645,pt000021,61.46592387420114,-142.921877250982,461.97930908203125,17.70187759399414,181.83529663085938
01.15645,pt000022,61.46592387420114,-142.91509328018174,494.8697509765625,11.238455772399902,311.6450500488281
01.15645,pt000023,61.46592387420114,-142.90830930938148,485.69384765625,9.103730201721191,335.00714111328125
01.15645,pt000024,61.46592387420114,-142.90152533858122,471.23675537109375,10.054319381713867,99.45216369628906
01.15645,pt000025,61.46592387420114,-142.89474136778097,474.9549255371094,16.058555603027344,135.2214813232422
01.15645,pt000026,61.46592387420114,-142.8879573969807,484.19073486328125,5.456058502197266,1.3068883419036865
01.15645,pt000027,61.4727078450014,-142.95579710498328,566.6145629882812,11.381887435913086,79.45293426513672
01.15645,pt000028,61.4727078450014,-142.94901313418302,487.1255798339844,23.59349822998047,163.41705322265625
01.15645,pt000029,61.4727078450014,-142.94222916338276,532.631103515625,7.620986461639404,261.5491027832031
01.15645,pt000030,61.4727078450014,-142.9354451925825,536.552978515625,14.598647117614746,96.54998779296875
01.15645,pt000031,61.4727078450014,-142.92866122178225,529.501708984375,15.021408081054688,215.80587768554688
01.15645,pt000032,61.4727078450014,-142.921877250982,523.9932250976562,12.533074378967285,175.9198455810547
01.15645,pt000033,61.4727078450014,-142.91509328018174,519.5641479492188,7.612557888031006,76.87150573730469
01.15645,pt000034,61.4727078450014,-142.90830930938148,522.5067749023438,11.40131664276123,257.37249755859375
01.15645,pt000035,61.4727078450014,-142.90152533858122,518.4409790039062,6.215200424194336,140.05474853515625
01.15645,pt000036,61.4727078450014,-142.89474136778097,488.9654235839844,26.855880737304688,23.34397315979004
01.15645,pt000037,61.4727078450014,-142.8879573969807,495.28887939453125,13.8829345703125,240.0957794189453
01.15645,pt000038,61.479491815801666,-142.9693650465838,603.5888061523438,18.50086212158203,220.9240264892578
01.15645,pt000039,61.479491815801666,-142.96258107578353,588.44580078125,4.929376125335693,71.53715515136719
01.15645,pt000040,61.479491815801666,-142.95579710498328,581.2994384765625,12.07564640045166,86.69828796386719
01.15645,pt000041,61.479491815801666,-142.94901313418302,582.01025390625,5.510857105255127,163.43333435058594
01.15645,pt000042,61.479491815801666,-142.94222916338276,606.8202514648438,8.147109985351562,72.09663391113281
01.15645,pt000043,61.479491815801666,-142.9354451925825,598.9169311523438,6.029071807861328,303.2891540527344
01.15645,pt000044,61.479491815801666,-142.92866122178225,582.8812866210938,9.36007022857666,80.39309692382812
01.15645,pt000045,61.479491815801666,-142.921877250982,575.2576904296875,6.550818920135498,204.94776916503906
01.15645,pt000046,61.479491815801666,-142.91509328018174,547.5078125,7.954276084899902,117.9508285522461
01.15645,pt000047,61.479491815801666,-142.90830930938148,559.6648559570312,8.033807754516602,133.58197021484375
01.15645,pt000048,61.479491815801666,-142.90152533858122,541.103759765625,3.942128896713257,100.31986999511719
01.15645,pt000049,61.479491815801666,-142.89474136778097,496.55322265625,23.05882453918457,134.81298828125
01.15645,pt000050,61.48627578660193,-142.97614901738405,572.451171875,5.5846099853515625,50.59257507324219
01.15645,pt000051,61.48627578660193,-142.9693650465838,632.5415649414062,7.910097599029541,276.19036865234375
01.15645,pt000052,61.48627578660193,-142.96258107578353,636.9517211914062,11.884236335754395,239.7085418701172
01.15645,pt000053,61.48627578660193,-142.95579710498328,631.9912109375,9.603864669799805,94.30269622802734
01.15645,pt000054,61.48627578660193,-142.94901313418302,620.4892578125,7.3755059242248535,243.52992248535156
01.15645,pt000055,61.48627578660193,-142.94222916338276,622.1552734375,3.3193957805633545,287.0890808105469
01.15645,pt000056,61.48627578660193,-142.9354451925825,618.653076171875,4.462743759155273,89.62664031982422
01.15645,pt000057,61.48627578660193,-142.92866122178225,598.3517456054688,4.6627092361450195,178.868408203125
01.15645,pt000058,61.48627578660193,-142.921877250982,594.33251953125,4.171638488769531,160.15855407714844
01.15645,pt000059,61.48627578660193,-142.91509328018174,592.1846313476562,6.689576148986816,138.83328247070312
01.15645,pt000060,61.48627578660193,-142.90830930938148,587.4679565429688,6.369736671447754,271.6811828613281
01.15645,pt000061,61.48627578660193,-142.90152533858122,580.0926513671875,13.58400821685791,314.3417663574219
01.15645,pt000062,61.48627578660193,-142.89474136778097,559.0938110351562,14.40138053894043,246.74923706054688
01.15645,pt000063,61.49305975740219,-142.99650092978482,650.5822143554688,11.18309211730957,84.6469955444336
01.15645,pt000064,61.49305975740219,-142.98971695898456,684.6453857421875,13.772568702697754,229.50840759277344
01.15645,pt000065,61.49305975740219,-142.9829329881843,695.0338745117188,8.401711463928223,153.71566772460938
01.15645,pt000066,61.49305975740219,-142.97614901738405,683.93017578125,8.63272476196289,46.7265510559082
01.15645,pt000067,61.49305975740219,-142.9693650465838,683.9525146484375,4.4835100173950195,185.5009307861328
01.15645,pt000068,61.49305975740219,-142.96258107578353,658.316162109375,9.520308494567871,174.06350708007812
01.15645,pt000069,61.49305975740219,-142.95579710498328,656.5416259765625,4.83146858215332,235.96188354492188
01.15645,pt000070,61.49305975740219,-142.94901313418302,660.4877319335938,11.635842323303223,103.19576263427734
01.15645,pt000071,61.49305975740219,-142.94222916338276,655.56201171875,7.9790449142456055,174.36392211914062
01.15645,pt000072,61.49305975740219,-142.9354451925825,637.36669921875,4.195455074310303,228.72100830078125
01.15645,pt000073,61.49305975740219,-142.92866122178225,632.4153442382812,8.924723625183105,210.67047119140625
01.15645,pt000074,61.49305975740219,-142.921877250982,619.96630859375,11.244161605834961,209.2270050048828
01.15645,pt000075,61.49305975740219,-142.91509328018174,600.7023315429688,3.242833375930786,258.98223876953125
01.15645,pt000076,61.49305975740219,-142.90830930938148,600.2318725585938,11.8462495803833,127.97306823730469
01.15645,pt000077,61.49305975740219,-142.90152533858122,598.2489624023438,11.179611206054688,53.04808044433594
01.15645,pt000078,61.49984372820246,-143.01006887138533,702.7619018554688,9.967292785644531,167.61668395996094
01.15645,pt000079,61.49984372820246,-143.00328490058507,704.4542236328125,6.27187442779541,46.54350280761719
01.15645,pt000080,61.49984372820246,-142.99650092978482,711.6423950195312,4.508995056152344,227.5408172607422
01.15645,pt000081,61.49984372820246,-142.98971695898456,718.955322265625,2.1021196842193604,132.82763671875
01.15645,pt000082,61.49984372820246,-142.9829329881843,720.56884765625,2.431683301925659,227.8344268798828
01.15645,pt000083,61.49984372820246,-142.97614901738405,721.9683227539062,9.221827507019043,48.68733596801758
01.15645,pt000084,61.49984372820246,-142.9693650465838,692.4166259765625,2.8752851486206055,196.51361083984375
01.15645,pt000085,61.49984372820246,-142.96258107578353,697.4876098632812,5.2841362953186035,337.81671142578125
01.15645,pt000086,61.49984372820246,-142.95579710498328,695.5816040039062,3.082064151763916,218.15016174316406
01.15645,pt000087,61.49984372820246,-142.94901313418302,674.4679565429688,3.2151038646698,154.6576385498047
01.15645,pt000088,61.49984372820246,-142.94222916338276,673.0681762695312,2.4636476039886475,87.45067596435547
01.15645,pt000089,61.49984372820246,-142.9354451925825,667.220703125,4.5325188636779785,77.53638458251953
01.15645,pt000090,61.49984372820246,-142.92866122178225,651.7418823242188,6.725312232971191,89.56595611572266
01.15645,pt000091,61.49984372820246,-142.921877250982,647.0719604492188,3.502732992172241,199.97633361816406
01.15645,pt000092,61.49984372820246,-142.91509328018174,639.7108154296875,12.706827163696289,266.226806640625
01.15645,pt000093,61.50662769900272,-143.02363681298584,741.4271240234375,3.4850964546203613,201.43319702148438
01.15645,pt000094,61.50662769900272,-143.01685284218559,748.7908935546875,7.909692764282227,218.34951782226562
01.15645,pt000095,61.50662769900272,-143.01006887138533,749.2960205078125,4.161462783813477,301.02874755859375
01.15645,pt000096,61.50662769900272,-143.00328490058507,752.68359375,4.228987216949463,233.6175994873047
01.15645,pt000097,61.50662769900272,-142.99650092978482,745.3148803710938,7.629936695098877,28.908090591430664
01.15645,pt000098,61.50662769900272,-142.98971695898456,738.168212890625,4.291727066040039,174.3184051513672
01.15645,pt000099,61.50662769900272,-142.9829329881843,736.3035278320312,3.8350930213928223,208.34674072265625
01.15645,pt000100,61.50662769900272,-142.97614901738405,730.4028930664062,4.008815288543701,90.05890655517578
01.15645,pt000101,61.50662769900272,-142.9693650465838,714.0877075195312,3.6996726989746094,59.318904876708984
01.15645,pt000102,61.50662769900272,-142.96258107578353,701.6851196289062,2.7233316898345947,95.78490447998047
01.15645,pt000103,61.50662769900272,-142.95579710498328,705.8268432617188,4.441046237945557,30.580204010009766
01.15645,pt000104,61.50662769900272,-142.94901313418302,693.480712890625,5.081675052642822,48.43800354003906
01.15645,pt000105,61.50662769900272,-142.94222916338276,688.3999633789062,4.332882404327393,92.28795623779297
01.15645,pt000106,61.50662769900272,-142.9354451925825,663.478759765625,2.2786202430725098,217.7530059814453
01.15645,pt000107,61.50662769900272,-142.92866122178225,665.700927734375,9.868128776550293,208.3979949951172
01.15645,pt000108,61.513411669802984,-143.0304207837861,760.8091430664062,3.839695692062378,245.45680236816406
01.15645,pt000109,61.513411669802984,-143.02363681298584,763.332275390625,6.382226467132568,65.77748107910156
01.15645,pt000110,61.513411669802984,-143.01685284218559,772.0406494140625,8.478982925415039,222.27532958984375
01.15645,pt000111,61.513411669802984,-143.01006887138533,764.859130859375,12.668200492858887,50.127464294433594
01.15645,pt000112,61.513411669802984,-143.00328490058507,760.5565185546875,7.173491477966309,214.9359588623047
01.15645,pt000113,61.513411669802984,-142.99650092978482,762.5148315429688,6.737226486206055,225.36708068847656
01.15645,pt000114,61.513411669802984,-142.98971695898456,734.1600952148438,5.073151111602783,61.5666389465332
01.15645,pt000115,61.513411669802984,-142.9829329881843,736.894775390625,5.046297073364258,205.0791015625
01.15645,pt000116,61.513411669802984,-142.97614901738405,719.1643676757812,4.854442119598389,57.252010345458984
01.15645,pt000117,61.513411669802984,-142.9693650465838,721.109130859375,10.973477363586426,184.22059631347656
01.15645,pt000118,61.513411669802984,-142.96258107578353,701.2831420898438,7.927786827087402,25.111900329589844
01.15645,pt000119,61.513411669802984,-142.95579710498328,688.315673828125,4.249495029449463,24.42702293395996
01.15645,pt000120,61.513411669802984,-142.94901313418302,686.6708984375,8.668818473815918,170.862548828125
01.15645,pt000121,61.513411669802984,-142.94222916338276,680.6529541015625,9.634106636047363,298.8744812011719
01.15645,pt000122,61.52019564060325,-143.0439887253866,788.0572509765625,10.256781578063965,58.144439697265625
01.15645,pt000123,61.52019564060325,-143.03720475458636,781.9158325195312,1.7028175592422485,213.5826873779297
01.15645,pt000124,61.52019564060325,-143.0304207837861,777.9887084960938,4.114650726318359,246.6804656982422
01.15645,pt000125,61.52019564060325,-143.02363681298584,794.2980346679688,5.05308198928833,53.7778205871582
01.15645,pt000126,61.52019564060325,-143.01685284218559,783.5299072265625,6.419936180114746,209.21063232421875
01.15645,pt000127,61.52019564060325,-143.01006887138533,777.2232055664062,3.610758066177368,68.25672912597656
01.15645,pt000128,61.52019564060325,-143.00328490058507,764.908447265625,8.605389595031738,242.64144897460938
01.15645,pt000129,61.52019564060325,-142.99650092978482,755.3045654296875,2.6103668212890625,215.06735229492188
01.15645,pt000130,61.52019564060325,-142.98971695898456,761.0436401367188,6.384897232055664,206.69517517089844
01.15645,pt000131,61.52019564060325,-142.9829329881843,742.1959838867188,2.6138412952423096,281.77764892578125
01.15645,pt000132,61.52019564060325,-142.97614901738405,745.4886474609375,3.6702466011047363,238.57205200195312
01.15645,pt000133,61.52697961140351,-143.0439887253866,795.4838256835938,2.951475143432617,240.93649291992188
01.15645,pt000134,61.52697961140351,-143.03720475458636,791.9277954101562,3.2621285915374756,201.33023071289062
01.15645,pt000135,61.52697961140351,-143.0304207837861,810.9349975585938,6.21235466003418,29.963409423828125
01.15645,pt000136,61.52697961140351,-143.02363681298584,807.9402465820312,5.439956188201904,221.0487060546875
01.15645,pt000137,61.52697961140351,-143.01685284218559,796.5687255859375,7.928255558013916,207.27023315429688
01.15645,pt000138,61.52697961140351,-143.01006887138533,790.8375244140625,12.505014419555664,57.69733810424805
01.15645,pt000139,61.52697961140351,-143.00328490058507,787.08740234375,1.4262193441390991,227.4220733642578
01.15645,pt000140,61.52697961140351,-142.99650092978482,770.251708984375,2.1849071979522705,96.1753158569336
01.15645,pt000141,61.52697961140351,-142.98971695898456,772.2364501953125,8.610601425170898,61.40771484375
01.15645,pt000142,61.533763582203775,-143.05077269618687,827.1741943359375,5.280738830566406,189.53097534179688
01.15645,pt000143,61.533763582203775,-143.0439887253866,819.6122436523438,4.761637210845947,113.57579803466797
01.15645,pt000144,61.533763582203775,-143.03720475458636,834.9133911132812,12.891810417175293,64.3883285522461
01.15645,pt000145,61.533763582203775,-143.0304207837861,841.3604125976562,6.717457294464111,212.7041778564453
01.15645,pt000146,61.533763582203775,-143.02363681298584,819.1576538085938,9.967809677124023,359.2237854003906
01.15645,pt000147,61.533763582203775,-143.01685284218559,812.9475708007812,2.465181350708008,246.04701232910156
01.15645,pt000148,61.533763582203775,-143.01006887138533,806.65576171875,3.7049920558929443,58.68820571899414
01.15645,pt000149,61.533763582203775,-143.00328490058507,799.7404174804688,6.550919055938721,43.619441986083984
01.15645,pt000150,61.533763582203775,-142.99650092978482,791.275146484375,6.0235676765441895,196.35836791992188
01.15645,pt000151,61.54054755300404,-143.06434063778738,866.1326904296875,25.915699005126953,52.27632522583008
01.15645,pt000152,61.54054755300404,-143.05755666698713,865.4579467773438,1.403611421585083,242.27713012695312
01.15645,pt000153,61.54054755300404,-143.05077269618687,861.0675659179688,2.3867785930633545,86.79486846923828
01.15645,pt000154,61.54054755300404,-143.0439887253866,869.285888671875,11.67795467376709,77.51433563232422
01.15645,pt000155,61.54054755300404,-143.03720475458636,873.4835205078125,9.573929786682129,214.43260192871094
01.15645,pt000156,61.54054755300404,-143.0304207837861,834.5303955078125,9.234806060791016,230.3222198486328
01.15645,pt000157,61.54054755300404,-143.02363681298584,834.9208374023438,4.787031650543213,173.75843811035156
01.15645,pt000158,61.54054755300404,-143.01685284218559,829.2258911132812,7.054434299468994,220.53378295898438
01.15645,pt000159,61.54054755300404,-143.01006887138533,806.0680541992188,5.489200115203857,96.37205505371094
01.15645,pt000160,61.5473315238043,-143.06434063778738,876.8052978515625,2.853494167327881,181.95205688476562
01.15645,pt000161,61.5473315238043,-143.05755666698713,873.8051147460938,1.8696539402008057,112.93965911865234
01.15645,pt000162,61.5473315238043,-143.05077269618687,885.04931640625,6.817623138427734,60.0498161315918
01.15645,pt000163,61.5473315238043,-143.0439887253866,884.3237915039062,12.62881088256836,245.63580322265625
01.15645,pt000164,61.5473315238043,-143.03720475458636,863.205322265625,5.362428188323975,43.40382766723633
01.15645,pt000165,61.5473315238043,-143.0304207837861,872.9664916992188,3.7567877769470215,202.3366241455078
01.15645,pt000166,61.5473315238043,-143.02363681298584,870.1013793945312,14.834975242614746,237.81494140625
01.15645,pt000167,61.5473315238043,-143.01685284218559,850.015869140625,2.9915390014648438,140.75868225097656
01.15645,pt000168,61.55411549460457,-143.07112460858764,909.049560546875,1.8568594455718994,150.96282958984375
01.15645,pt000169,61.55411549460457,-143.06434063778738,910.1939697265625,3.4507203102111816,156.11141967773438
01.15645,pt000170,61.55411549460457,-143.05755666698713,899.870849609375,3.033254384994507,276.4778747558594
01.15645,pt000171,61.55411549460457,-143.05077269618687,884.504638671875,5.100838661193848,176.40084838867188
01.15645,pt000172,61.55411549460457,-143.0439887253866,890.1800537109375,13.758811950683594,78.27781677246094
01.15645,pt000173,61.55411549460457,-143.03720475458636,889.2032470703125,1.5564584732055664,17.42626953125
01.15645,pt000174,61.55411549460457,-143.0304207837861,880.7041625976562,3.699927568435669,122.20111846923828
01.15645,pt000175,61.55411549460457,-143.02363681298584,881.9817504882812,1.657160997390747,251.80674743652344
01.15645,pt000176,61.55411549460457,-143.01685284218559,867.5252075195312,9.084149360656738,180.50942993164062
01.15645,pt000177,61.56089946540483,-143.0779085793879,901.9888305664062,4.595747947692871,256.62774658203125
01.15645,pt000178,61.56089946540483,-143.07112460858764,922.0759887695312,5.650420665740967,285.6511535644531
01.15645,pt000179,61.56089946540483,-143.06434063778738,929.824951171875,2.6146180629730225,101.79710388183594
01.15645,pt000180,61.56089946540483,-143.05755666698713,940.0968627929688,7.8470845222473145,61.756134033203125
01.15645,pt000181,61.56089946540483,-143.05077269618687,933.823974609375,4.860771179199219,264.9039611816406
01.15645,pt000182,61.56089946540483,-143.0439887253866,905.4534912109375,6.3435797691345215,162.78396606445312
01.15645,pt000183,61.56089946540483,-143.03720475458636,914.61865234375,3.5023481845855713,208.3510284423828
01.15645,pt000184,61.56089946540483,-143.0304207837861,925.0877075195312,4.275422096252441,141.83364868164062
01.15645,pt000185,61.56089946540483,-143.02363681298584,911.925048828125,2.187438488006592,65.45282745361328
01.15645,pt000186,61.56089946540483,-143.01685284218559,868.81591796875,12.72753620147705,161.63059997558594
01.15645,pt000187,61.56089946540483,-143.01006887138533,881.1245727539062,17.312808990478516,242.36593627929688
01.15645,pt000188,61.56089946540483,-143.00328490058507,873.5514526367188,10.410714149475098,238.17726135253906
01.15645,pt000189,61.567683436205094,-143.07112460858764,931.9115600585938,4.444732189178467,114.6629409790039
01.15645,pt000190,61.567683436205094,-143.06434063778738,933.8429565429688,3.5070347785949707,176.81033325195312
01.15645,pt000191,61.567683436205094,-143.05755666698713,944.2291870117188,5.058122158050537,114.9400863647461
01.15645,pt000192,61.567683436205094,-143.05077269618687,960.0869750976562,9.037708282470703,116.37666320800781
01.15645,pt000193,61.567683436205094,-143.0439887253866,938.4800415039062,1.5651283264160156,239.3827667236328
01.15645,pt000194,61.567683436205094,-143.03720475458636,927.1151733398438,3.039926767349243,164.28562927246094
01.15645,pt000195,61.567683436205094,-143.0304207837861,924.5431518554688,4.041285991668701,256.1570739746094
01.15645,pt000196,61.567683436205094,-143.02363681298584,924.0804443359375,5.378614902496338,51.87339782714844
01.15645,pt000197,61.567683436205094,-143.01685284218559,921.4646606445312,8.292579650878906,211.7054443359375
01.15645,pt000198,61.567683436205094,-143.01006887138533,953.8262329101562,18.854015350341797,299.97479248046875
01.15645,pt000199,61.567683436205094,-143.00328490058507,951.27490234375,11.83547592163086,300.7859802246094
01.15645,pt000200,61.57446740700536,-143.0779085793879,976.8822021484375,6.937530994415283,246.51516723632812
01.15645,pt000201,61.57446740700536,-143.07112460858764,970.0781860351562,5.332812309265137,109.59494018554688
01.15645,pt000202,61.57446740700536,-143.06434063778738,958.9133911132812,2.2994468212127686,137.6546630859375
01.15645,pt000203,61.57446740700536,-143.05755666698713,949.4458618164062,2.19956374168396,167.93502807617188
01.15645,pt000204,61.57446740700536,-143.05077269618687,962.8646850585938,12.748063087463379,91.28276824951172
01.15645,pt000205,61.57446740700536,-143.0439887253866,966.949951171875,3.5909440517425537,249.10317993164062
01.15645,pt000206,61.57446740700536,-143.03720475458636,968.28955078125,2.248504877090454,156.37872314453125
01.15645,pt000207,61.57446740700536,-143.0304207837861,973.7117309570312,4.888896465301514,229.66012573242188
01.15645,pt000208,61.57446740700536,-143.02363681298584,998.71044921875,4.336261749267578,218.57650756835938
01.15645,pt000209,61.57446740700536,-143.01685284218559,1002.2429809570312,3.8816769123077393,158.29150390625
01.15645,pt000210,61.57446740700536,-143.01006887138533,989.1231079101562,6.913834571838379,154.2364044189453
01.15645,pt000211,61.57446740700536,-143.00328490058507,975.4373779296875,6.91559362411499,228.8802947998047
01.15645,pt000212,61.58125137780562,-143.0779085793879,991.8421020507812,4.22803258895874,295.05224609375
01.15645,pt000213,61.58125137780562,-143.07112460858764,996.88916015625,6.033201217651367,255.0208282470703
01.15645,pt000214,61.58125137780562,-143.06434063778738,977.2654418945312,6.878060817718506,245.27423095703125
01.15645,pt000215,61.58125137780562,-143.05755666698713,975.0780029296875,3.454265594482422,134.54490661621094
01.15645,pt000216,61.58125137780562,-143.05077269618687,982.6732788085938,13.171648979187012,86.72834014892578
01.15645,pt000217,61.58125137780562,-143.0439887253866,985.7936401367188,2.234952688217163,238.52806091308594
01.15645,pt000218,61.58125137780562,-143.03720475458636,989.5746459960938,1.8349206447601318,155.80728149414062
01.15645,pt000219,61.58125137780562,-143.0304207837861,1000.8992309570312,2.7696380615234375,206.7967987060547
01.15645,pt000220,61.58125137780562,-143.02363681298584,1007.3822021484375,2.4380764961242676,252.4688262939453
01.15645,pt000221,61.58125137780562,-143.01685284218559,1020.3905639648438,0.8558591604232788,171.79818725585938
01.15645,pt000222,61.58125137780562,-143.01006887138533,1011.7501220703125,7.961659908294678,119.19763946533203
01.15645,pt000223,61.58125137780562,-143.00328490058507,1003.1058349609375,7.332348823547363,143.53770446777344
01.15645,pt000224,61.58125137780562,-142.99650092978482,1013.5572509765625,17.7589168548584,256.15863037109375
01.15645,pt000225,61.588035348605885,-143.0779085793879,1017.4956665039062,5.843654155731201,54.26467514038086
01.15645,pt000226,61.588035348605885,-143.07112460858764,1003.6885375976562,11.46684741973877,74.26805877685547
01.15645,pt000227,61.588035348605885,-143.06434063778738,1020.385986328125,7.528672218322754,167.4180145263672
01.15645,pt000228,61.588035348605885,-143.05755666698713,994.654541015625,7.532756805419922,254.30152893066406
01.15645,pt000229,61.588035348605885,-143.05077269618687,993.6937255859375,5.64838171005249,254.6107177734375
01.15645,pt000230,61.588035348605885,-143.0439887253866,1004.4033203125,1.8849434852600098,24.11105728149414
01.15645,pt000231,61.588035348605885,-143.03720475458636,1003.895751953125,1.9816581010818481,271.8242492675781
01.15645,pt000232,61.588035348605885,-143.0304207837861,1005.8291625976562,3.1183903217315674,295.903564453125
01.15645,pt000233,61.588035348605885,-143.02363681298584,1010.6327514648438,3.11181902885437,229.34996032714844
01.15645,pt000234,61.588035348605885,-143.01685284218559,1016.9652709960938,5.165879726409912,284.03729248046875
01.15645,pt000235,61.588035348605885,-143.01006887138533,1033.223876953125,1.885306715965271,236.5396270751953
01.15645,pt000236,61.588035348605885,-143.00328490058507,1036.3214111328125,6.2143378257751465,128.4685516357422
01.15645,pt000237,61.588035348605885,-142.99650092978482,1040.3350830078125,2.338714361190796,343.2843322753906
01.15645,pt000238,61.588035348605885,-142.98971695898456,1036.7117919921875,2.9602231979370117,93.28997039794922
01.15645,pt000239,61.59481931940615,-143.08469255018815,1029.025390625,15.73092269897461,232.14393615722656
01.15645,pt000240,61.59481931940615,-143.0779085793879,1019.0139770507812,2.350651264190674,190.5545196533203
01.15645,pt000241,61.59481931940615,-143.07112460858764,1018.2002563476562,6.4186835289001465,245.68609619140625
01.15645,pt000242,61.59481931940615,-143.06434063778738,1021.1258544921875,7.920300483703613,75.10289764404297
01.15645,pt000243,61.59481931940615,-143.05755666698713,1011.1520385742188,5.260834217071533,42.08573913574219
01.15645,pt000244,61.59481931940615,-143.05077269618687,1018.0479736328125,1.8429529666900635,138.55084228515625
01.15645,pt000245,61.59481931940615,-143.0439887253866,1019.4064331054688,2.045600652694702,228.55740356445312
01.15645,pt000246,61.59481931940615,-143.03720475458636,1016.2249145507812,3.4737977981567383,216.22097778320312
01.15645,pt000247,61.59481931940615,-143.0304207837861,1019.0919799804688,1.6300710439682007,139.42176818847656
01.15645,pt000248,61.59481931940615,-143.02363681298584,1012.4425659179688,2.8525390625,74.16871643066406
01.15645,pt000249,61.59481931940615,-143.01685284218559,1014.7459106445312,10.311362266540527,296.2888488769531
01.15645,pt000250,61.59481931940615,-143.01006887138533,1034.4293212890625,7.413102149963379,283.0239562988281
01.15645,pt000251,61.59481931940615,-143.00328490058507,1060.542724609375,3.1851508617401123,223.07443237304688
01.15645,pt000252,61.59481931940615,-142.99650092978482,1060.69873046875,1.8290361166000366,185.43028259277344
01.15645,pt000253,61.59481931940615,-142.98971695898456,1060.9066162109375,2.594747543334961,142.92178344726562
01.15645,pt000254,61.60160329020641,-143.0914765209884,1044.3641357421875,10.171223640441895,213.2537078857422
01.15645,pt000255,61.60160329020641,-143.08469255018815,1048.8565673828125,10.742069244384766,115.66763305664062
01.15645,pt000256,61.60160329020641,-143.0779085793879,1034.0328369140625,5.325130939483643,216.3372039794922
01.15645,pt000257,61.60160329020641,-143.07112460858764,1033.916748046875,5.585407733917236,244.82437133789062
01.15645,pt000258,61.60160329020641,-143.06434063778738,1033.5057373046875,11.47114372253418,237.3666229248047
01.15645,pt000259,61.60160329020641,-143.05755666698713,1032.0992431640625,6.116582870483398,75.76769256591797
01.15645,pt000260,61.60160329020641,-143.05077269618687,1040.4381103515625,1.8055311441421509,126.94482421875
01.15645,pt000261,61.60160329020641,-143.0439887253866,1030.41455078125,5.592401027679443,44.203670501708984
01.15645,pt000262,61.60160329020641,-143.03720475458636,1029.968017578125,2.404733419418335,66.3847885131836
01.15645,pt000263,61.60160329020641,-143.0304207837861,1022.7694091796875,3.6408345699310303,45.303741455078125
01.15645,pt000264,61.60160329020641,-143.01006887138533,1069.681640625,10.233238220214844,133.41635131835938
01.15645,pt000265,61.60160329020641,-143.00328490058507,1082.2698974609375,6.078558444976807,272.7416687011719
01.15645,pt000266,61.60160329020641,-142.99650092978482,1087.8160400390625,3.7759134769439697,154.47933959960938
01.15645,pt000267,61.60160329020641,-142.98971695898456,1097.00439453125,5.119739055633545,168.49838256835938
01.15645,pt000268,61.60160329020641,-142.9829329881843,1098.88671875,4.646561145782471,165.98367309570312
01.15645,pt000269,61.608387261006676,-143.10504446258892,1117.064697265625,10.290129661560059,191.70645141601562
01.15645,pt000270,61.608387261006676,-143.09826049178866,1099.6025390625,3.239577054977417,120.439208984375
01.15645,pt000271,61.608387261006676,-143.0914765209884,1085.9342041015625,3.6460673809051514,53.330223083496094
01.15645,pt000272,61.608387261006676,-143.08469255018815,1075.4732666015625,6.02091646194458,83.27743530273438
01.15645,pt000273,61.608387261006676,-143.0779085793879,1057.761474609375,4.062082767486572,226.94305419921875
01.15645,pt000274,61.608387261006676,-143.07112460858764,1065.3701171875,1.9643527269363403,64.32786560058594
01.15645,pt000275,61.608387261006676,-143.06434063778738,1063.41064453125,9.421409606933594,75.75619506835938
01.15645,pt000276,61.608387261006676,-143.05755666698713,1069.056884765625,1.805995225906372,173.24563598632812
01.15645,pt000277,61.608387261006676,-143.05077269618687,1059.8443603515625,8.893882751464844,97.4397201538086
01.15645,pt000278,61.608387261006676,-143.0439887253866,1048.3363037109375,3.372737407684326,121.42378997802734
01.15645,pt000279,61.608387261006676,-143.03720475458636,1029.266845703125,1.920367956161499,131.10922241210938
01.15645,pt000280,61.608387261006676,-143.00328490058507,1131.970458984375,2.2028586864471436,239.62925720214844
01.15645,pt000281,61.608387261006676,-142.99650092978482,1122.82763671875,5.8711113929748535,256.0406494140625
01.15645,pt000282,61.608387261006676,-142.98971695898456,1126.902587890625,1.8225681781768799,157.50894165039062
01.15645,pt000283,61.608387261006676,-142.9829329881843,1132.688720703125,8.761149406433105,99.5307388305664
01.15645,pt000284,61.61517123180694,-143.1253963749897,1166.360595703125,6.048487663269043,324.6962585449219
01.15645,pt000285,61.61517123180694,-143.11861240418943,1174.3487548828125,3.024993419647217,262.9234313964844
01.15645,pt000286,61.61517123180694,-143.11182843338918,1162.3631591796875,5.519070625305176,90.40975952148438
01.15645,pt000287,61.61517123180694,-143.10504446258892,1137.671142578125,17.224275588989258,218.89332580566406
01.15645,pt000288,61.61517123180694,-143.09826049178866,1139.409912109375,5.039816379547119,213.67581176757812
01.15645,pt000289,61.61517123180694,-143.0914765209884,1136.55517578125,5.899658679962158,175.4608612060547
01.15645,pt000290,61.61517123180694,-143.08469255018815,1114.7950439453125,7.21903133392334,130.9981231689453
01.15645,pt000291,61.61517123180694,-143.0779085793879,1090.1956787109375,4.821891784667969,190.9539337158203
01.15645,pt000292,61.61517123180694,-143.07112460858764,1080.2430419921875,6.125277996063232,206.89056396484375
01.15645,pt000293,61.61517123180694,-143.06434063778738,1087.829345703125,1.8655340671539307,193.57264709472656
01.15645,pt000294,61.61517123180694,-143.05755666698713,1079.2730712890625,1.9148603677749634,7.607027053833008
01.15645,pt000295,61.61517123180694,-143.05077269618687,1068.619140625,3.184335231781006,64.20560455322266
01.15645,pt000296,61.61517123180694,-143.0439887253866,1054.032470703125,3.753746747970581,77.95482635498047
01.15645,pt000297,61.61517123180694,-143.00328490058507,1141.7371826171875,2.4759836196899414,251.64328002929688
01.15645,pt000298,61.61517123180694,-142.99650092978482,1152.633544921875,1.4571808576583862,19.417816162109375
01.15645,pt000299,61.61517123180694,-142.98971695898456,1152.105712890625,1.9720048904418945,153.1892547607422
01.15645,pt000300,61.61517123180694,-142.9829329881843,1148.067626953125,6.361521244049072,248.5975341796875
01.15645,pt000301,61.621955202607204,-143.21358799539303,2085.604248046875,16.60859489440918,13.891647338867188
01.15645,pt000302,61.621955202607204,-143.20680402459277,2003.4639892578125,12.089407920837402,29.23020362854004
01.15645,pt000303,61.621955202607204,-143.2000200537925,1976.7015380859375,24.410018920898438,347.47308349609375
01.15645,pt000304,61.621955202607204,-143.19323608299226,2032.015625,21.96565055847168,0.7351195812225342
01.15645,pt000305,61.621955202607204,-143.186452112192,1916.599365234375,36.065853118896484,42.84823226928711
01.15645,pt000306,61.621955202607204,-143.14574828739046,1183.7100830078125,7.994744300842285,69.65874481201172
01.15645,pt000307,61.621955202607204,-143.1389643165902,1186.6282958984375,2.8195977210998535,197.1496124267578
01.15645,pt000308,61.621955202607204,-143.13218034578995,1195.400146484375,1.3365721702575684,203.70211791992188
01.15645,pt000309,61.621955202607204,-143.1253963749897,1190.8558349609375,1.2785224914550781,50.05211639404297
01.15645,pt000310,61.621955202607204,-143.11861240418943,1177.4603271484375,3.5887656211853027,59.688472747802734
01.15645,pt000311,61.621955202607204,-143.11182843338918,1161.564453125,2.9948384761810303,77.85953521728516
01.15645,pt000312,61.621955202607204,-143.10504446258892,1144.676025390625,4.259323596954346,224.62387084960938
01.15645,pt000313,61.621955202607204,-143.09826049178866,1146.2161865234375,2.55297589302063,263.64044189453125
01.15645,pt000314,61.621955202607204,-143.0914765209884,1140.2562255859375,4.558934211730957,224.41549682617188
01.15645,pt000315,61.621955202607204,-143.08469255018815,1128.0233154296875,1.8881574869155884,82.24776458740234
01.15645,pt000316,61.621955202607204,-143.0779085793879,1106.6865234375,2.6243839263916016,152.7745819091797
01.15645,pt000317,61.621955202607204,-143.07112460858764,1097.7244873046875,2.2465627193450928,170.84207153320312
01.15645,pt000318,61.621955202607204,-143.06434063778738,1092.8944091796875,2.3436453342437744,127.80793762207031
01.15645,pt000319,61.621955202607204,-143.05755666698713,1085.196533203125,2.6761255264282227,234.96029663085938
01.15645,pt000320,61.621955202607204,-142.99650092978482,1173.0458984375,3.861063003540039,253.7621612548828
01.15645,pt000321,61.621955202607204,-142.98971695898456,1186.2127685546875,2.7874553203582764,237.70120239257812
01.15645,pt000322,61.621955202607204,-142.9829329881843,1183.1160888671875,3.380197525024414,142.4568328857422
01.15645,pt000323,61.621955202607204,-142.97614901738405,1180.4007568359375,3.61470627784729,175.71400451660156
01.15645,pt000324,61.62873917340747,-143.2339399077938,2200.54541015625,16.73299217224121,5.643020153045654
01.15645,pt000325,61.62873917340747,-143.22715593699354,2172.490234375,18.253520965576172,6.749565124511719
01.15645,pt000326,61.62873917340747,-143.22037196619328,2080.438720703125,13.402792930603027,157.38812255859375
01.15645,pt000327,61.62873917340747,-143.21358799539303,1838.6197509765625,15.81910228729248,69.94268798828125
01.15645,pt000328,61.62873917340747,-143.20680402459277,1782.3251953125,23.055906295776367,3.311302900314331
01.15645,pt000329,61.62873917340747,-143.2000200537925,1759.7381591796875,12.902990341186523,41.88414001464844
01.15645,pt000330,61.62873917340747,-143.17966814139174,1436.2181396484375,9.441740036010742,52.86528015136719
01.15645,pt000331,61.62873917340747,-143.15931622899097,1209.42724609375,9.005393028259277,81.93297576904297
01.15645,pt000332,61.62873917340747,-143.15253225819072,1204.4454345703125,3.6917049884796143,155.0724639892578
01.15645,pt000333,61.62873917340747,-143.14574828739046,1210.996337890625,3.057065725326538,202.86050415039062
01.15645,pt000334,61.62873917340747,-143.1389643165902,1209.55419921875,2.5852978229522705,77.94876098632812
01.15645,pt000335,61.62873917340747,-143.13218034578995,1207.3094482421875,1.9327778816223145,189.56332397460938
01.15645,pt000336,61.62873917340747,-143.1253963749897,1193.8671875,3.0680603981018066,63.22905349731445
01.15645,pt000337,61.62873917340747,-143.11861240418943,1171.2003173828125,4.658924102783203,111.87491607666016
01.15645,pt000338,61.62873917340747,-143.11182843338918,1152.086669921875,2.873695135116577,241.77464294433594
01.15645,pt000339,61.62873917340747,-143.10504446258892,1165.712890625,2.8896806240081787,54.354148864746094
01.15645,pt000340,61.62873917340747,-143.09826049178866,1164.3602294921875,3.670037031173706,68.57367706298828
01.15645,pt000341,61.62873917340747,-143.0914765209884,1148.723876953125,2.8278026580810547,112.1676254272461
01.15645,pt000342,61.62873917340747,-143.08469255018815,1140.455810546875,5.029002666473389,179.96856689453125
01.15645,pt000343,61.62873917340747,-143.0779085793879,1138.08447265625,5.259428024291992,147.62728881835938
01.15645,pt000344,61.62873917340747,-143.07112460858764,1110.0343017578125,2.9484031200408936,111.4730224609375
01.15645,pt000345,61.62873917340747,-142.99650092978482,1235.7802734375,20.12803840637207,155.10296630859375
01.15645,pt000346,61.62873917340747,-142.98971695898456,1231.0740966796875,11.190984725952148,182.72267150878906
01.15645,pt000347,61.62873917340747,-142.9829329881843,1233.600341796875,5.743941783905029,167.6895751953125
01.15645,pt000348,61.62873917340747,-142.97614901738405,1224.5379638671875,8.851229667663574,171.78659057617188
01.15645,pt000349,61.63552314420773,-143.25429182019457,2175.90771484375,22.041852951049805,53.755882263183594
01.15645,pt000350,61.63552314420773,-143.2475078493943,2112.9775390625,14.559247016906738,22.076644897460938
01.15645,pt000351,61.63552314420773,-143.24072387859405,2060.336669921875,14.039813041687012,14.786593437194824
01.15645,pt000352,61.63552314420773,-143.2339399077938,2026.12158203125,20.899078369140625,66.49109649658203
01.15645,pt000353,61.63552314420773,-143.22715593699354,1911.052978515625,17.45633888244629,66.56535339355469
01.15645,pt000354,61.63552314420773,-143.22037196619328,1822.399169921875,17.994518280029297,18.254499435424805
01.15645,pt000355,61.63552314420773,-143.21358799539303,1698.4241943359375,14.5054349899292,22.590877532958984
01.15645,pt000356,61.63552314420773,-143.2000200537925,1577.4488525390625,16.067216873168945,24.606956481933594
01.15645,pt000357,61.63552314420773,-143.1728841705915,1231.82958984375,6.1723527908325195,172.22799682617188
01.15645,pt000358,61.63552314420773,-143.16610019979123,1240.4844970703125,2.327465295791626,188.17660522460938
01.15645,pt000359,61.63552314420773,-143.15931622899097,1238.830322265625,2.289893865585327,182.9544219970703
01.15645,pt000360,61.63552314420773,-143.15253225819072,1232.52001953125,2.815558671951294,156.98606872558594
01.15645,pt000361,61.63552314420773,-143.14574828739046,1223.501220703125,1.3069947957992554,7.1449785232543945
01.15645,pt000362,61.63552314420773,-143.1389643165902,1214.476806640625,4.5907182693481445,29.987506866455078
01.15645,pt000363,61.63552314420773,-143.13218034578995,1208.03369140625,8.390329360961914,191.684326171875
01.15645,pt000364,61.63552314420773,-143.1253963749897,1195.6102294921875,6.634876728057861,136.97274780273438
01.15645,pt000365,61.63552314420773,-143.11861240418943,1187.4361572265625,4.054789066314697,109.33878326416016
01.15645,pt000366,61.63552314420773,-143.11182843338918,1174.4415283203125,10.80129337310791,257.0657958984375
01.15645,pt000367,61.63552314420773,-143.10504446258892,1231.67236328125,11.843029022216797,208.4671630859375
01.15645,pt000368,61.63552314420773,-143.09826049178866,1229.947509765625,8.459066390991211,146.33779907226562
01.15645,pt000369,61.63552314420773,-143.0914765209884,1199.9638671875,4.011433124542236,120.20348358154297
01.15645,pt000370,61.63552314420773,-143.08469255018815,1192.4844970703125,3.3482253551483154,87.50255584716797
01.15645,pt000371,61.63552314420773,-143.01685284218559,2020.64111328125,17.758594512939453,84.82501983642578
01.15645,pt000372,61.63552314420773,-143.01006887138533,1937.26708984375,21.245553970336914,109.36064147949219
01.15645,pt000373,61.63552314420773,-143.00328490058507,1685.7728271484375,23.699899673461914,116.29060363769531
01.15645,pt000374,61.63552314420773,-142.99650092978482,1691.7525634765625,23.76590919494629,193.28236389160156
01.15645,pt000375,61.63552314420773,-142.98971695898456,1663.877685546875,30.49459457397461,183.90252685546875
01.15645,pt000376,61.63552314420773,-142.9829329881843,1630.249267578125,20.974275588989258,150.4590301513672
01.15645,pt000377,61.63552314420773,-142.97614901738405,1591.6109619140625,21.506366729736328,184.6240234375
01.15645,pt000378,61.63552314420773,-142.9693650465838,1619.3206787109375,29.60024070739746,196.64051818847656
01.15645,pt000379,61.63552314420773,-142.96258107578353,1801.2218017578125,32.026737213134766,238.93740844726562
01.15645,pt000380,61.63552314420773,-142.95579710498328,1955.8927001953125,18.41937255859375,290.3218688964844
01.15645,pt000381,61.642307115007995,-143.2339399077938,1866.74609375,19.398588180541992,39.748008728027344
01.15645,pt000382,61.642307115007995,-143.22715593699354,1757.295654296875,18.57500648498535,64.27467346191406
01.15645,pt000383,61.642307115007995,-143.22037196619328,1656.894287109375,8.456904411315918,47.39364242553711
01.15645,pt000384,61.642307115007995,-143.21358799539303,1568.0733642578125,11.996253967285156,105.4259033203125
01.15645,pt000385,61.642307115007995,-143.20680402459277,1494.268310546875,8.819323539733887,70.01287841796875
01.15645,pt000386,61.642307115007995,-143.186452112192,1300.51123046875,9.005448341369629,142.68206787109375
01.15645,pt000387,61.642307115007995,-143.17966814139174,1255.1444091796875,2.060816764831543,328.4208984375
01.15645,pt000388,61.642307115007995,-143.1728841705915,1260.4178466796875,1.0265036821365356,125.75057983398438
01.15645,pt000389,61.642307115007995,-143.16610019979123,1256.9560546875,2.3282852172851562,105.35678100585938
01.15645,pt000390,61.642307115007995,-143.15931622899097,1253.667236328125,2.3567285537719727,123.04495239257812
01.15645,pt000391,61.642307115007995,-143.15253225819072,1239.124267578125,3.3657875061035156,150.2553253173828
01.15645,pt000392,61.642307115007995,-143.14574828739046,1219.0069580078125,4.17558479309082,165.8147735595703
01.15645,pt000393,61.642307115007995,-143.1389643165902,1199.1168212890625,5.819652080535889,162.70681762695312
01.15645,pt000394,61.642307115007995,-143.13218034578995,1210.3822021484375,19.401718139648438,208.7556610107422
01.15645,pt000395,61.642307115007995,-143.11182843338918,1321.3330078125,9.7396879196167,133.47918701171875
01.15645,pt000396,61.642307115007995,-143.10504446258892,1313.8525390625,6.162576198577881,232.7518768310547
01.15645,pt000397,61.642307115007995,-143.09826049178866,1310.47021484375,4.9242730140686035,123.49388122558594
01.15645,pt000398,61.642307115007995,-143.0914765209884,1268.045166015625,13.307473182678223,157.04830932617188
01.15645,pt000399,61.642307115007995,-143.01685284218559,2218.90283203125,23.731046676635742,187.32266235351562
01.15645,pt000400,61.642307115007995,-143.01006887138533,2186.55908203125,20.72747230529785,120.82535552978516
01.15645,pt000401,61.642307115007995,-143.00328490058507,2037.1348876953125,42.07730484008789,133.5071563720703
01.15645,pt000402,61.642307115007995,-142.99650092978482,1933.7696533203125,15.882434844970703,190.34808349609375
01.15645,pt000403,61.642307115007995,-142.98971695898456,1953.35888671875,7.549445152282715,246.2548370361328
01.15645,pt000404,61.642307115007995,-142.9829329881843,1955.932861328125,11.68785572052002,165.80340576171875
01.15645,pt000405,61.642307115007995,-142.97614901738405,1902.47314453125,6.154923915863037,120.11495971679688
01.15645,pt000406,61.642307115007995,-142.9693650465838,1904.760009765625,26.98348617553711,199.99525451660156
01.15645,pt000407,61.642307115007995,-142.96258107578353,2024.226806640625,32.035064697265625,238.08407592773438
01.15645,pt000408,61.64909108580826,-143.2949956449961,2545.165771484375,13.289793014526367,234.7106170654297
01.15645,pt000409,61.64909108580826,-143.28821167419585,2511.289794921875,13.380990028381348,8.105358123779297
01.15645,pt000410,61.64909108580826,-143.2814277033956,2519.91259765625,11.817073822021484,359.54840087890625
01.15645,pt000411,61.64909108580826,-143.27464373259534,2467.227294921875,29.4901180267334,23.79269027709961
01.15645,pt000412,61.64909108580826,-143.25429182019457,1965.18505859375,36.32144546508789,99.71794128417969
01.15645,pt000413,61.64909108580826,-143.2475078493943,1835.6219482421875,27.1789493560791,51.85812759399414
01.15645,pt000414,61.64909108580826,-143.24072387859405,1751.906982421875,12.690295219421387,9.85418701171875
01.15645,pt000415,61.64909108580826,-143.2339399077938,1697.46923828125,16.585968017578125,31.89657211303711
01.15645,pt000416,61.64909108580826,-143.22037196619328,1489.9710693359375,8.519591331481934,7.972196578979492
01.15645,pt000417,61.64909108580826,-143.21358799539303,1410.8232421875,11.978398323059082,52.203460693359375
01.15645,pt000418,61.64909108580826,-143.20680402459277,1349.8148193359375,11.412603378295898,165.21792602539062
01.15645,pt000419,61.64909108580826,-143.2000200537925,1360.247314453125,7.207651615142822,191.1557159423828
01.15645,pt000420,61.64909108580826,-143.19323608299226,1344.36376953125,2.511711835861206,204.55447387695312
01.15645,pt000421,61.64909108580826,-143.186452112192,1333.966796875,3.19708514213562,172.6490020751953
01.15645,pt000422,61.64909108580826,-143.17966814139174,1289.443359375,11.810491561889648,110.90579223632812
01.15645,pt000423,61.64909108580826,-143.1728841705915,1275.136474609375,4.521946907043457,186.76414489746094
01.15645,pt000424,61.64909108580826,-143.16610019979123,1280.1527099609375,4.121068954467773,209.08045959472656
01.15645,pt000425,61.64909108580826,-143.15931622899097,1274.8990478515625,1.9975337982177734,157.20245361328125
01.15645,pt000426,61.64909108580826,-143.15253225819072,1275.32470703125,1.8736393451690674,146.0719757080078
01.15645,pt000427,61.64909108580826,-143.14574828739046,1283.2127685546875,7.819046974182129,217.49021911621094
01.15645,pt000428,61.64909108580826,-143.11861240418943,1412.0267333984375,11.482110977172852,154.9006805419922
01.15645,pt000429,61.64909108580826,-143.11182843338918,1375.2862548828125,6.7354230880737305,143.3478240966797
01.15645,pt000430,61.64909108580826,-143.10504446258892,1354.2197265625,4.6768646240234375,229.87033081054688
01.15645,pt000431,61.64909108580826,-143.09826049178866,1369.029296875,6.912454128265381,249.0433807373047
01.15645,pt000432,61.64909108580826,-143.0914765209884,1383.2259521484375,6.121164798736572,153.30950927734375
01.15645,pt000433,61.64909108580826,-143.02363681298584,2509.43408203125,23.35985565185547,141.3582763671875
01.15645,pt000434,61.64909108580826,-143.01006887138533,2344.09228515625,28.867965698242188,91.16375732421875
01.15645,pt000435,61.64909108580826,-143.00328490058507,2233.83642578125,25.348430633544922,74.24740600585938
01.15645,pt000436,61.64909108580826,-142.99650092978482,2093.452880859375,20.19843101501465,120.76481628417969
01.15645,pt000437,61.64909108580826,-142.98971695898456,2053.68505859375,8.042184829711914,150.5836639404297
01.15645,pt000438,61.64909108580826,-142.9829329881843,2069.050537109375,7.873205661773682,207.65467834472656
01.15645,pt000439,61.64909108580826,-142.97614901738405,2084.619873046875,21.31325340270996,211.22328186035156
01.15645,pt000440,61.64909108580826,-142.9693650465838,2185.43408203125,21.280550003051758,229.08108520507812
01.15645,pt000441,61.64909108580826,-142.96258107578353,2481.02490234375,43.99288558959961,265.3605041503906
01.15645,pt000442,61.65587505660852,-143.30177961579636,2439.074462890625,18.7509822845459,47.13876724243164
01.15645,pt000443,61.65587505660852,-143.2949956449961,2371.8876953125,14.690309524536133,16.104219436645508
01.15645,pt000444,61.65587505660852,-143.28821167419585,2321.08837890625,19.010791778564453,12.674453735351562
01.15645,pt000445,61.65587505660852,-143.2814277033956,2257.2607421875,12.315654754638672,45.51080322265625
01.15645,pt000446,61.65587505660852,-143.27464373259534,2225.985107421875,13.506828308105469,73.08605194091797
01.15645,pt000447,61.65587505660852,-143.26785976179508,2113.1171875,23.534448623657227,128.09573364257812
01.15645,pt000448,61.65587505660852,-143.26107579099482,1997.1956787109375,32.265689849853516,121.89726257324219
01.15645,pt000449,61.65587505660852,-143.25429182019457,1883.4161376953125,22.015789031982422,57.9599723815918
01.15645,pt000450,61.65587505660852,-143.2475078493943,1801.2625732421875,11.568668365478516,59.1982307434082
01.15645,pt000451,61.65587505660852,-143.24072387859405,1656.521240234375,23.806041717529297,97.42398071289062
01.15645,pt000452,61.65587505660852,-143.2339399077938,1538.606201171875,5.915395736694336,17.330101013183594
01.15645,pt000453,61.65587505660852,-143.22715593699354,1479.8121337890625,12.590386390686035,44.526737213134766
01.15645,pt000454,61.65587505660852,-143.22037196619328,1396.2022705078125,6.013379096984863,15.356067657470703
01.15645,pt000455,61.65587505660852,-143.21358799539303,1390.059814453125,3.4834811687469482,83.89775085449219
01.15645,pt000456,61.65587505660852,-143.20680402459277,1383.1783447265625,2.7459404468536377,169.34368896484375
01.15645,pt000457,61.65587505660852,-143.2000200537925,1379.4984130859375,4.0843353271484375,167.72225952148438
01.15645,pt000458,61.65587505660852,-143.19323608299226,1367.392822265625,2.696559190750122,182.0360565185547
01.15645,pt000459,61.65587505660852,-143.186452112192,1362.622802734375,2.8161983489990234,123.71430969238281
01.15645,pt000460,61.65587505660852,-143.17966814139174,1338.0277099609375,8.049399375915527,94.9905776977539
01.15645,pt000461,61.65587505660852,-143.1728841705915,1305.033203125,2.2565863132476807,151.808349609375
01.15645,pt000462,61.65587505660852,-143.16610019979123,1301.476318359375,2.678654909133911,157.4561004638672
01.15645,pt000463,61.65587505660852,-143.15931622899097,1284.26806640625,2.170708417892456,45.055477142333984
01.15645,pt000464,61.65587505660852,-143.1389643165902,1587.3720703125,34.78845977783203,212.12889099121094
01.15645,pt000465,61.65587505660852,-143.13218034578995,1619.257080078125,7.801144123077393,172.28175354003906
01.15645,pt000466,61.65587505660852,-143.1253963749897,1561.190673828125,16.074115753173828,89.57778930664062
01.15645,pt000467,61.65587505660852,-143.11861240418943,1490.2645263671875,3.9070446491241455,180.6461944580078
01.15645,pt000468,61.65587505660852,-143.11182843338918,1498.473876953125,5.565592288970947,210.77194213867188
01.15645,pt000469,61.65587505660852,-143.10504446258892,1486.6199951171875,8.441939353942871,71.19136047363281
01.15645,pt000470,61.65587505660852,-143.09826049178866,1442.7862548828125,7.236889362335205,109.83197784423828
01.15645,pt000471,61.65587505660852,-143.0914765209884,1439.2891845703125,11.584283828735352,205.74468994140625
01.15645,pt000472,61.65587505660852,-143.07112460858764,1882.3079833984375,33.01903533935547,305.4355773925781
01.15645,pt000473,61.65587505660852,-143.06434063778738,2050.537841796875,37.32901382446289,277.200439453125
01.15645,pt000474,61.65587505660852,-143.05755666698713,2261.82763671875,24.688631057739258,244.22068786621094
01.15645,pt000475,61.65587505660852,-143.05077269618687,2423.97265625,13.264153480529785,305.36627197265625
01.15645,pt000476,61.65587505660852,-143.0304207837861,2704.0712890625,31.139638900756836,353.7257995605469
01.15645,pt000477,61.65587505660852,-143.02363681298584,2549.076171875,41.730411529541016,114.19526672363281
01.15645,pt000478,61.65587505660852,-143.01685284218559,2378.540771484375,15.544256210327148,80.49923706054688
01.15645,pt000479,61.65587505660852,-143.01006887138533,2321.360595703125,13.550466537475586,116.56561279296875
01.15645,pt000480,61.65587505660852,-143.00328490058507,2258.159423828125,29.949764251708984,123.0366439819336
01.15645,pt000481,61.65587505660852,-142.99650092978482,2148.520263671875,8.749210357666016,75.23597717285156
01.15645,pt000482,61.65587505660852,-142.98971695898456,2137.522216796875,4.564184665679932,117.7103500366211
01.15645,pt000483,61.65587505660852,-142.9829329881843,2150.59521484375,6.426264762878418,235.55613708496094
01.15645,pt000484,61.65587505660852,-142.97614901738405,2160.74072265625,4.231357097625732,128.56500244140625
01.15645,pt000485,61.65587505660852,-142.9693650465838,2211.487548828125,19.893041610717773,226.1439971923828
01.15645,pt000486,61.65587505660852,-142.96258107578353,2334.0380859375,13.292581558227539,277.7779541015625
01.15645,pt000487,61.65587505660852,-142.95579710498328,2492.0927734375,41.14957809448242,285.9867858886719
01.15645,pt000488,61.662659027408786,-143.30856358659662,2541.257568359375,32.37858963012695,23.963417053222656
01.15645,pt000489,61.662659027408786,-143.30177961579636,2395.013427734375,15.776124954223633,50.046897888183594
01.15645,pt000490,61.662659027408786,-143.2949956449961,2327.55322265625,11.041558265686035,128.025634765625
01.15645,pt000491,61.662659027408786,-143.28821167419585,2233.25439453125,19.257558822631836,58.616188049316406
01.15645,pt000492,61.662659027408786,-143.2814277033956,2162.050048828125,7.776377201080322,52.62428283691406
01.15645,pt000493,61.662659027408786,-143.27464373259534,2100.171142578125,14.936935424804688,45.97645950317383
01.15645,pt000494,61.662659027408786,-143.26785976179508,1957.456787109375,32.701255798339844,88.01323699951172
01.15645,pt000495,61.662659027408786,-143.26107579099482,1866.490966796875,16.021825790405273,60.96317672729492
01.15645,pt000496,61.662659027408786,-143.25429182019457,1781.5870361328125,17.60495948791504,33.12958526611328
01.15645,pt000497,61.662659027408786,-143.2475078493943,1657.0869140625,24.71208381652832,57.26419448852539
01.15645,pt000498,61.662659027408786,-143.24072387859405,1565.5281982421875,20.6405086517334,8.076343536376953
01.15645,pt000499,61.662659027408786,-143.2339399077938,1490.9866943359375,21.70744514465332,52.59835433959961
01.15645,pt000500,61.662659027408786,-143.22715593699354,1425.54443359375,2.784299373626709,86.05450439453125
01.15645,pt000501,61.662659027408786,-143.22037196619328,1408.365966796875,4.438233375549316,163.16722106933594
01.15645,pt000502,61.662659027408786,-143.21358799539303,1404.754638671875,2.227893829345703,191.81536865234375
01.15645,pt000503,61.662659027408786,-143.20680402459277,1396.189208984375,1.175551414489746,168.2893829345703
01.15645,pt000504,61.662659027408786,-143.2000200537925,1391.82666015625,1.486438274383545,86.7921142578125
01.15645,pt000505,61.662659027408786,-143.19323608299226,1375.31640625,3.4937732219696045,75.90184020996094
01.15645,pt000506,61.662659027408786,-143.186452112192,1374.512451171875,3.38297700881958,156.0701141357422
01.15645,pt000507,61.662659027408786,-143.17966814139174,1358.2264404296875,7.703795433044434,133.41574096679688
01.15645,pt000508,61.662659027408786,-143.1728841705915,1327.2484130859375,11.081487655639648,162.4351348876953
01.15645,pt000509,61.662659027408786,-143.1389643165902,1704.682373046875,5.1613545417785645,180.50128173828125
01.15645,pt000510,61.662659027408786,-143.13218034578995,1717.5303955078125,6.496921062469482,184.4269256591797
01.15645,pt000511,61.662659027408786,-143.1253963749897,1702.4378662109375,15.699346542358398,125.72948455810547
01.15645,pt000512,61.662659027408786,-143.11861240418943,1568.61962890625,19.29935646057129,112.27265167236328
01.15645,pt000513,61.662659027408786,-143.11182843338918,1533.3458251953125,7.8617119789123535,230.7435302734375
01.15645,pt000514,61.662659027408786,-143.10504446258892,1501.9661865234375,6.50770902633667,201.11402893066406
01.15645,pt000515,61.662659027408786,-143.09826049178866,1520.2501220703125,8.770600318908691,188.83892822265625
01.15645,pt000516,61.662659027408786,-143.0914765209884,1602.7928466796875,20.097517013549805,217.5701446533203
01.15645,pt000517,61.662659027408786,-143.08469255018815,1632.08056640625,5.526440620422363,249.1399383544922
01.15645,pt000518,61.662659027408786,-143.0779085793879,1648.6083984375,3.0261096954345703,219.7119140625
01.15645,pt000519,61.662659027408786,-143.07112460858764,1668.9146728515625,4.866141319274902,205.73902893066406
01.15645,pt000520,61.662659027408786,-143.06434063778738,1758.3841552734375,34.899227142333984,327.5521545410156
01.15645,pt000521,61.662659027408786,-143.05755666698713,1818.9190673828125,23.276294708251953,10.978271484375
01.15645,pt000522,61.662659027408786,-143.05077269618687,1820.240478515625,24.921058654785156,343.1124267578125
01.15645,pt000523,61.662659027408786,-143.02363681298584,2479.56689453125,28.654985427856445,226.22662353515625
01.15645,pt000524,61.662659027408786,-143.01006887138533,2420.590087890625,27.593215942382812,98.52145385742188
01.15645,pt000525,61.662659027408786,-143.00328490058507,2342.19091796875,9.412276268005371,93.00818634033203
01.15645,pt000526,61.662659027408786,-142.99650092978482,2265.43115234375,19.101802825927734,139.96360778808594
01.15645,pt000527,61.662659027408786,-142.98971695898456,2185.62451171875,7.988553047180176,110.16960906982422
01.15645,pt000528,61.662659027408786,-142.9829329881843,2175.43994140625,3.1399734020233154,102.18325805664062
01.15645,pt000529,61.662659027408786,-142.97614901738405,2186.95654296875,1.5974911451339722,270.485107421875
01.15645,pt000530,61.662659027408786,-142.9693650465838,2197.21435546875,5.675989151000977,297.0394592285156
01.15645,pt000531,61.662659027408786,-142.96258107578353,2449.287353515625,47.791229248046875,312.0304870605469
01.15645,pt000532,61.66944299820905,-143.31534755739688,2704.81396484375,52.98633575439453,43.8038330078125
01.15645,pt000533,61.66944299820905,-143.30856358659662,2473.139892578125,45.291046142578125,66.76577758789062
01.15645,pt000534,61.66944299820905,-143.30177961579636,2304.86962890625,32.38496780395508,24.88631248474121
01.15645,pt000535,61.66944299820905,-143.2949956449961,2161.7060546875,36.99215316772461,344.8772277832031
01.15645,pt000536,61.66944299820905,-143.28821167419585,2114.5146484375,50.43483352661133,340.4277038574219
01.15645,pt000537,61.66944299820905,-143.27464373259534,1862.5704345703125,19.422889709472656,8.06221866607666
01.15645,pt000538,61.66944299820905,-143.26785976179508,1778.817138671875,18.473020553588867,92.24459838867188
01.15645,pt000539,61.66944299820905,-143.26107579099482,1670.804931640625,34.06111526489258,356.7884216308594
01.15645,pt000540,61.66944299820905,-143.2475078493943,1528.142578125,14.24548625946045,16.517499923706055
01.15645,pt000541,61.66944299820905,-143.24072387859405,1473.7723388671875,4.713788986206055,129.44625854492188
01.15645,pt000542,61.66944299820905,-143.2339399077938,1451.6654052734375,5.620274066925049,88.59000396728516
01.15645,pt000543,61.66944299820905,-143.22715593699354,1437.1375732421875,3.4158411026000977,40.252159118652344
01.15645,pt000544,61.66944299820905,-143.22037196619328,1435.9268798828125,0.5066050291061401,172.38906860351562
01.15645,pt000545,61.66944299820905,-143.21358799539303,1430.4996337890625,1.9313958883285522,103.30455780029297
01.15645,pt000546,61.66944299820905,-143.20680402459277,1414.5513916015625,3.6155519485473633,136.4388427734375
01.15645,pt000547,61.66944299820905,-143.2000200537925,1410.874755859375,4.12326717376709,157.05377197265625
01.15645,pt000548,61.66944299820905,-143.19323608299226,1399.9801025390625,1.328797698020935,196.99241638183594
01.15645,pt000549,61.66944299820905,-143.186452112192,1397.21240234375,1.9165114164352417,168.14419555664062
01.15645,pt000550,61.66944299820905,-143.17966814139174,1379.128662109375,13.780360221862793,268.88189697265625
01.15645,pt000551,61.66944299820905,-143.14574828739046,2005.075439453125,33.46289825439453,133.1516571044922
01.15645,pt000552,61.66944299820905,-143.13218034578995,1794.1607666015625,9.68066120147705,173.83680725097656
01.15645,pt000553,61.66944299820905,-143.1253963749897,1806.1207275390625,5.578332424163818,209.89340209960938
01.15645,pt000554,61.66944299820905,-143.11861240418943,1821.7327880859375,12.233986854553223,184.236328125
01.15645,pt000555,61.66944299820905,-143.11182843338918,1744.467041015625,29.84869384765625,143.3337860107422
01.15645,pt000556,61.66944299820905,-143.10504446258892,1724.4951171875,19.079364776611328,178.35035705566406
01.15645,pt000557,61.66944299820905,-143.09826049178866,1634.348388671875,34.820281982421875,141.4221954345703
01.15645,pt000558,61.66944299820905,-143.0914765209884,1617.6275634765625,6.942541599273682,311.9715881347656
01.15645,pt000559,61.66944299820905,-143.08469255018815,1665.3062744140625,6.4495439529418945,262.8935241699219
01.15645,pt000560,61.66944299820905,-143.0779085793879,1673.531494140625,5.262429237365723,170.03457641601562
01.15645,pt000561,61.66944299820905,-143.07112460858764,1690.694091796875,8.962905883789062,213.96495056152344
01.15645,pt000562,61.66944299820905,-143.06434063778738,1735.807861328125,8.527668952941895,198.95489501953125
01.15645,pt000563,61.66944299820905,-143.05755666698713,1763.9991455078125,7.104859352111816,211.34417724609375
01.15645,pt000564,61.66944299820905,-143.05077269618687,1784.0821533203125,10.69716739654541,287.7393798828125
01.15645,pt000565,61.66944299820905,-143.0439887253866,1845.0391845703125,12.12706184387207,249.81150817871094
01.15645,pt000566,61.66944299820905,-143.01685284218559,2840.727294921875,40.41317367553711,81.27102661132812
01.15645,pt000567,61.66944299820905,-143.01006887138533,2668.4833984375,17.464662551879883,74.86241912841797
01.15645,pt000568,61.66944299820905,-143.00328490058507,2566.2373046875,19.162090301513672,90.05970001220703
01.15645,pt000569,61.66944299820905,-142.99650092978482,2493.76708984375,21.370208740234375,157.35626220703125
01.15645,pt000570,61.66944299820905,-142.98971695898456,2362.349365234375,29.352474212646484,152.0863037109375
01.15645,pt000571,61.66944299820905,-142.9829329881843,2280.992919921875,20.45461654663086,167.71372985839844
01.15645,pt000572,61.66944299820905,-142.97614901738405,2271.947265625,18.3886661529541,175.9837188720703
01.15645,pt000573,61.66944299820905,-142.9693650465838,2262.812744140625,19.94922637939453,194.42018127441406
01.15645,pt000574,61.66944299820905,-142.96258107578353,2356.9072265625,42.769126892089844,223.4288787841797
01.15645,pt000575,61.67622696900931,-143.33569946979765,2797.830078125,28.29991912841797,82.67558288574219
01.15645,pt000576,61.67622696900931,-143.3289154989974,2673.34033203125,19.451858520507812,86.6647720336914
01.15645,pt000577,61.67622696900931,-143.32213152819713,2545.807861328125,22.816316604614258,120.65416717529297
01.15645,pt000578,61.67622696900931,-143.31534755739688,2390.222412109375,22.39961051940918,138.04562377929688
01.15645,pt000579,61.67622696900931,-143.30856358659662,2290.196533203125,14.330099105834961,139.0897216796875
01.15645,pt000580,61.67622696900931,-143.30177961579636,2208.717041015625,14.166293144226074,143.71058654785156
01.15645,pt000581,61.67622696900931,-143.2949956449961,2237.239501953125,28.30134391784668,212.50730895996094
01.15645,pt000582,61.67622696900931,-143.28821167419585,2100.6884765625,27.82866096496582,78.59687042236328
01.15645,pt000583,61.67622696900931,-143.27464373259534,1693.4453125,7.959561824798584,337.48681640625
01.15645,pt000584,61.67622696900931,-143.26785976179508,1643.794189453125,19.66254425048828,62.736785888671875
01.15645,pt000585,61.67622696900931,-143.26107579099482,1527.9552001953125,6.03732967376709,55.415287017822266
01.15645,pt000586,61.67622696900931,-143.25429182019457,1531.781494140625,1.2661116123199463,322.668212890625
01.15645,pt000587,61.67622696900931,-143.2475078493943,1515.3157958984375,6.26186990737915,56.17289352416992
01.15645,pt000588,61.67622696900931,-143.24072387859405,1485.7265625,2.9408562183380127,74.16232299804688
01.15645,pt000589,61.67622696900931,-143.2339399077938,1477.3897705078125,4.4315185546875,94.67147064208984
01.15645,pt000590,61.67622696900931,-143.22715593699354,1454.4930419921875,3.1050946712493896,118.33539581298828
01.15645,pt000591,61.67622696900931,-143.22037196619328,1441.7125244140625,2.6850271224975586,130.18020629882812
01.15645,pt000592,61.67622696900931,-143.21358799539303,1452.495849609375,1.3906331062316895,356.3121337890625
01.15645,pt000593,61.67622696900931,-143.20680402459277,1455.1412353515625,2.1323277950286865,170.5385284423828
01.15645,pt000594,61.67622696900931,-143.2000200537925,1441.1712646484375,2.391606330871582,144.19471740722656
01.15645,pt000595,61.67622696900931,-143.19323608299226,1415.55859375,2.306358814239502,154.8775634765625
01.15645,pt000596,61.67622696900931,-143.15253225819072,2138.514892578125,21.95482063293457,89.44839477539062
01.15645,pt000597,61.67622696900931,-143.14574828739046,2030.4173583984375,11.897061347961426,95.82017517089844
01.15645,pt000598,61.67622696900931,-143.1389643165902,1935.5997314453125,10.751014709472656,112.3089828491211
01.15645,pt000599,61.67622696900931,-143.13218034578995,1882.032470703125,5.964319229125977,189.59169006347656
01.15645,pt000600,61.67622696900931,-143.1253963749897,1925.75146484375,9.726265907287598,214.80140686035156
01.15645,pt000601,61.67622696900931,-143.11861240418943,1961.6484375,8.6062593460083,200.209716796875
01.15645,pt000602,61.67622696900931,-143.11182843338918,1951.203369140625,7.145641803741455,154.9136199951172
01.15645,pt000603,61.67622696900931,-143.10504446258892,1903.0733642578125,15.6131591796875,156.2506561279297
01.15645,pt000604,61.67622696900931,-143.09826049178866,1896.3485107421875,10.5204496383667,157.9694061279297
01.15645,pt000605,61.67622696900931,-143.0779085793879,1762.1214599609375,15.741997718811035,236.555908203125
01.15645,pt000606,61.67622696900931,-143.07112460858764,1820.12109375,8.432022094726562,196.1449432373047
01.15645,pt000607,61.67622696900931,-143.06434063778738,1835.2818603515625,2.9813878536224365,219.1273193359375
01.15645,pt000608,61.67622696900931,-143.05755666698713,1833.81298828125,4.585198402404785,130.8985137939453
01.15645,pt000609,61.67622696900931,-143.05077269618687,1852.9217529296875,16.484195709228516,269.2040710449219
01.15645,pt000610,61.67622696900931,-143.0439887253866,1998.6597900390625,28.1701602935791,272.21270751953125
01.15645,pt000611,61.67622696900931,-143.03720475458636,2187.9970703125,30.522605895996094,238.43536376953125
01.15645,pt000612,61.67622696900931,-143.0304207837861,2356.875244140625,31.484085083007812,285.2191162109375
01.15645,pt000613,61.67622696900931,-143.00328490058507,2596.96826171875,10.957878112792969,183.9976348876953
01.15645,pt000614,61.67622696900931,-142.99650092978482,2622.14990234375,7.736045837402344,270.51629638671875
01.15645,pt000615,61.67622696900931,-142.98971695898456,2651.47705078125,12.35281753540039,176.87274169921875
01.15645,pt000616,61.67622696900931,-142.9829329881843,2697.28515625,20.814790725708008,183.30540466308594
01.15645,pt000617,61.67622696900931,-142.97614901738405,2747.417724609375,24.804433822631836,199.5718536376953
01.15645,pt000618,61.67622696900931,-142.9693650465838,2805.886474609375,27.323898315429688,185.5755615234375
01.15645,pt000619,61.67622696900931,-142.96258107578353,2965.934814453125,36.41526794433594,248.0836639404297
01.15645,pt000620,61.68301093980958,-143.36283535299867,3510.8701171875,55.669776916503906,68.42245483398438
01.15645,pt000621,61.68301093980958,-143.35605138219842,3203.9833984375,34.90459442138672,92.91983032226562
01.15645,pt000622,61.68301093980958,-143.34926741139816,2963.8115234375,26.225749969482422,109.60969543457031
01.15645,pt000623,61.68301093980958,-143.3424834405979,2943.7958984375,13.116826057434082,151.0839080810547
01.15645,pt000624,61.68301093980958,-143.33569946979765,2869.781982421875,21.50663185119629,85.67914581298828
01.15645,pt000625,61.68301093980958,-143.3289154989974,2841.74462890625,45.47660827636719,178.80999755859375
01.15645,pt000626,61.68301093980958,-143.30856358659662,2171.811279296875,16.460386276245117,143.0096435546875
01.15645,pt000627,61.68301093980958,-143.30177961579636,2056.056884765625,23.907594680786133,109.4545669555664
01.15645,pt000628,61.68301093980958,-143.2949956449961,1895.0347900390625,16.9805965423584,72.04808044433594
01.15645,pt000629,61.68301093980958,-143.28821167419585,1780.4375,17.47718620300293,92.4420394897461
01.15645,pt000630,61.68301093980958,-143.2814277033956,1715.685546875,5.37122917175293,93.30925750732422
01.15645,pt000631,61.68301093980958,-143.27464373259534,1640.9908447265625,18.89938735961914,84.2183609008789
01.15645,pt000632,61.68301093980958,-143.26785976179508,1537.0804443359375,4.26392936706543,121.7221908569336
01.15645,pt000633,61.68301093980958,-143.26107579099482,1531.052001953125,2.4028356075286865,165.78521728515625
01.15645,pt000634,61.68301093980958,-143.25429182019457,1522.9403076171875,2.309530019760132,157.90928649902344
01.15645,pt000635,61.68301093980958,-143.2475078493943,1509.914306640625,3.1363086700439453,111.21009063720703
01.15645,pt000636,61.68301093980958,-143.24072387859405,1488.408203125,5.117869853973389,69.61872100830078
01.15645,pt000637,61.68301093980958,-143.2339399077938,1470.5582275390625,4.296380043029785,159.7777557373047
01.15645,pt000638,61.68301093980958,-143.22715593699354,1456.9727783203125,2.193403959274292,236.66773986816406
01.15645,pt000639,61.68301093980958,-143.22037196619328,1459.1944580078125,2.5243592262268066,202.82635498046875
01.15645,pt000640,61.68301093980958,-143.21358799539303,1465.634521484375,3.7464945316314697,76.97164154052734
01.15645,pt000641,61.68301093980958,-143.20680402459277,1455.1070556640625,1.9367966651916504,218.18502807617188
01.15645,pt000642,61.68301093980958,-143.2000200537925,1456.9075927734375,1.9426077604293823,4.194009304046631
01.15645,pt000643,61.68301093980958,-143.1728841705915,2182.922607421875,39.04197311401367,200.15516662597656
01.15645,pt000644,61.68301093980958,-143.16610019979123,2196.545654296875,7.008993625640869,114.71397399902344
01.15645,pt000645,61.68301093980958,-143.15931622899097,2146.743408203125,9.02644157409668,90.87328338623047
01.15645,pt000646,61.68301093980958,-143.15253225819072,2101.3349609375,4.256976127624512,163.664794921875
01.15645,pt000647,61.68301093980958,-143.14574828739046,2078.580078125,8.308633804321289,176.4082794189453
01.15645,pt000648,61.68301093980958,-143.1389643165902,2057.221923828125,7.767072677612305,137.56089782714844
01.15645,pt000649,61.68301093980958,-143.13218034578995,2007.220703125,10.062494277954102,106.77828216552734
01.15645,pt000650,61.68301093980958,-143.1253963749897,1997.9312744140625,1.5077990293502808,239.40664672851562
01.15645,pt000651,61.68301093980958,-143.11861240418943,2013.376953125,5.436041831970215,245.06100463867188
01.15645,pt000652,61.68301093980958,-143.11182843338918,2034.330078125,2.1011276245117188,190.17813110351562
01.15645,pt000653,61.68301093980958,-143.10504446258892,2034.5643310546875,6.193697929382324,171.6658935546875
01.15645,pt000654,61.68301093980958,-143.09826049178866,2017.088134765625,17.970523834228516,263.71478271484375
01.15645,pt000655,61.68301093980958,-143.0914765209884,2161.07080078125,26.4956111907959,295.5501403808594
01.15645,pt000656,61.68301093980958,-143.06434063778738,1878.44970703125,8.22568416595459,191.11585998535156
01.15645,pt000657,61.68301093980958,-143.05755666698713,1878.6834716796875,8.43335247039795,206.925537109375
01.15645,pt000658,61.68301093980958,-143.05077269618687,1917.0567626953125,10.34844970703125,220.9435272216797
01.15645,pt000659,61.68301093980958,-143.0439887253866,1995.692138671875,22.50719451904297,245.6085662841797
01.15645,pt000660,61.68301093980958,-143.03720475458636,2138.345458984375,18.20182228088379,235.49717712402344
01.15645,pt000661,61.68301093980958,-143.0304207837861,2316.117431640625,59.57158660888672,305.7101745605469
01.15645,pt000662,61.68301093980958,-143.01685284218559,2905.415771484375,45.243675231933594,335.8836669921875
01.15645,pt000663,61.68301093980958,-142.99650092978482,2898.155517578125,10.361540794372559,135.8305206298828
01.15645,pt000664,61.68301093980958,-142.98971695898456,2886.6943359375,13.451839447021484,167.94032287597656
01.15645,pt000665,61.68301093980958,-142.9829329881843,2881.581298828125,13.782283782958984,179.3482208251953
01.15645,pt000666,61.68301093980958,-142.97614901738405,2878.32958984375,8.05802059173584,187.60787963867188
01.15645,pt000667,61.68301093980958,-142.9693650465838,2906.169677734375,5.004220962524414,217.28721618652344
01.15645,pt000668,61.68301093980958,-142.96258107578353,2965.5322265625,11.189764022827148,234.3820037841797
01.15645,pt000669,61.68301093980958,-142.95579710498328,3093.1689453125,33.2358512878418,331.65826416015625
01.15645,pt000670,61.68301093980958,-142.94901313418302,3340.4111328125,29.950441360473633,296.670654296875
01.15645,pt000671,61.68979491060984,-143.37640329459919,3878.416748046875,55.27250671386719,88.63423919677734
01.15645,pt000672,61.68979491060984,-143.36961932379893,3525.162109375,50.01173400878906,107.10017395019531
01.15645,pt000673,61.68979491060984,-143.36283535299867,3323.532470703125,26.097673416137695,121.6589126586914
01.15645,pt000674,61.68979491060984,-143.35605138219842,3300.971435546875,31.62879180908203,178.76039123535156
01.15645,pt000675,61.68979491060984,-143.34926741139816,3181.3212890625,31.93169593811035,149.51100158691406
01.15645,pt000676,61.68979491060984,-143.3424834405979,3193.524658203125,26.25762367248535,225.5721435546875
01.15645,pt000677,61.68979491060984,-143.3289154989974,3290.76953125,43.41030502319336,90.18152618408203
01.15645,pt000678,61.68979491060984,-143.32213152819713,2915.930908203125,50.978851318359375,88.51386260986328
01.15645,pt000679,61.68979491060984,-143.30177961579636,2298.387939453125,14.13597297668457,82.58113861083984
01.15645,pt000680,61.68979491060984,-143.2949956449961,2091.7841796875,31.343040466308594,75.58712768554688
01.15645,pt000681,61.68979491060984,-143.2814277033956,1682.527587890625,23.448978424072266,8.53208065032959
01.15645,pt000682,61.68979491060984,-143.27464373259534,1612.4844970703125,9.171563148498535,135.7725372314453
01.15645,pt000683,61.68979491060984,-143.26785976179508,1585.597900390625,5.184532165527344,152.33001708984375
01.15645,pt000684,61.68979491060984,-143.26107579099482,1559.1282958984375,7.549441814422607,134.89500427246094
01.15645,pt000685,61.68979491060984,-143.25429182019457,1546.666259765625,5.376965045928955,156.5547332763672
01.15645,pt000686,61.68979491060984,-143.2475078493943,1523.523681640625,7.468508243560791,180.47679138183594
01.15645,pt000687,61.68979491060984,-143.24072387859405,1525.1387939453125,2.8771860599517822,115.65315246582031
01.15645,pt000688,61.68979491060984,-143.2339399077938,1522.174560546875,4.703784465789795,136.00537109375
01.15645,pt000689,61.68979491060984,-143.22715593699354,1489.9090576171875,5.3318095207214355,91.43841552734375
01.15645,pt000690,61.68979491060984,-143.22037196619328,1477.37890625,2.2353549003601074,224.1993408203125
01.15645,pt000691,61.68979491060984,-143.21358799539303,1491.24609375,8.279231071472168,232.6634979248047
01.15645,pt000692,61.68979491060984,-143.20680402459277,1496.4954833984375,3.388058662414551,93.18787384033203
01.15645,pt000693,61.68979491060984,-143.1728841705915,2272.0166015625,4.043865203857422,110.96480560302734
01.15645,pt000694,61.68979491060984,-143.16610019979123,2236.796875,7.993520259857178,128.8971710205078
01.15645,pt000695,61.68979491060984,-143.15931622899097,2197.981201171875,6.142685890197754,116.37322235107422
01.15645,pt000696,61.68979491060984,-143.15253225819072,2167.464599609375,9.183542251586914,152.5706024169922
01.15645,pt000697,61.68979491060984,-143.14574828739046,2139.67236328125,8.991726875305176,169.33013916015625
01.15645,pt000698,61.68979491060984,-143.1389643165902,2141.748779296875,10.691998481750488,151.04080200195312
01.15645,pt000699,61.68979491060984,-143.13218034578995,2074.6123046875,13.15578556060791,114.98194122314453
01.15645,pt000700,61.68979491060984,-143.1253963749897,2032.8892822265625,5.691156387329102,158.76083374023438
01.15645,pt000701,61.68979491060984,-143.11861240418943,2047.7049560546875,2.6515049934387207,250.31324768066406
01.15645,pt000702,61.68979491060984,-143.11182843338918,2058.84521484375,4.497469902038574,230.2338104248047
01.15645,pt000703,61.68979491060984,-143.10504446258892,2074.049560546875,3.7253706455230713,236.58731079101562
01.15645,pt000704,61.68979491060984,-143.09826049178866,2081.64599609375,4.218190670013428,254.53909301757812
01.15645,pt000705,61.68979491060984,-143.0914765209884,2136.1083984375,18.069095611572266,289.14013671875
01.15645,pt000706,61.68979491060984,-143.08469255018815,2384.576416015625,49.50447082519531,300.6730651855469
01.15645,pt000707,61.68979491060984,-143.07112460858764,2121.39990234375,25.792869567871094,92.470703125
01.15645,pt000708,61.68979491060984,-143.06434063778738,1992.546142578125,14.267548561096191,170.5919189453125
01.15645,pt000709,61.68979491060984,-143.05755666698713,1989.5841064453125,13.363310813903809,253.54998779296875
01.15645,pt000710,61.68979491060984,-143.05077269618687,2043.4744873046875,12.59040641784668,283.4400634765625
01.15645,pt000711,61.68979491060984,-143.0439887253866,2104.502197265625,4.479122638702393,238.97117614746094
01.15645,pt000712,61.68979491060984,-143.03720475458636,2140.874755859375,15.586917877197266,307.9028625488281
01.15645,pt000713,61.68979491060984,-143.0304207837861,2311.76611328125,25.143508911132812,250.73953247070312
01.15645,pt000714,61.68979491060984,-143.02363681298584,2342.274658203125,10.50572681427002,228.68434143066406
01.15645,pt000715,61.68979491060984,-143.01685284218559,2457.3525390625,2.9875664710998535,286.08050537109375
01.15645,pt000716,61.68979491060984,-143.01006887138533,2550.460205078125,15.32142162322998,249.7107696533203
01.15645,pt000717,61.68979491060984,-142.99650092978482,3010.04052734375,13.451517105102539,163.8307342529297
01.15645,pt000718,61.68979491060984,-142.98971695898456,3035.3642578125,13.736913681030273,202.86553955078125
01.15645,pt000719,61.68979491060984,-142.9829329881843,3030.6953125,10.730910301208496,144.75555419921875
01.15645,pt000720,61.68979491060984,-142.97614901738405,3014.607421875,8.766212463378906,166.42080688476562
01.15645,pt000721,61.68979491060984,-142.96258107578353,3110.87255859375,51.664249420166016,199.74468994140625
01.15645,pt000722,61.68979491060984,-142.95579710498328,3304.651123046875,48.36571502685547,183.84408569335938
01.15645,pt000723,61.696578881410105,-143.37640329459919,4215.23095703125,32.48275375366211,58.079689025878906
01.15645,pt000724,61.696578881410105,-143.36961932379893,4040.02294921875,9.594070434570312,20.69511604309082
01.15645,pt000725,61.696578881410105,-143.36283535299867,3949.758544921875,45.51491165161133,13.689802169799805
01.15645,pt000726,61.696578881410105,-143.35605138219842,3819.875244140625,19.080181121826172,33.47426223754883
01.15645,pt000727,61.696578881410105,-143.34926741139816,3659.58544921875,35.0837516784668,73.46881866455078
01.15645,pt000728,61.696578881410105,-143.3424834405979,3457.168701171875,31.5981388092041,47.200565338134766
01.15645,pt000729,61.696578881410105,-143.33569946979765,3341.425537109375,14.825406074523926,60.950775146484375
01.15645,pt000730,61.696578881410105,-143.3289154989974,3218.0439453125,33.39561462402344,59.03482437133789
01.15645,pt000731,61.696578881410105,-143.32213152819713,2988.9384765625,40.028011322021484,81.93098449707031
01.15645,pt000732,61.696578881410105,-143.31534755739688,2648.07421875,61.55656051635742,87.9177017211914
01.15645,pt000733,61.696578881410105,-143.30856358659662,2458.0458984375,17.443660736083984,43.662227630615234
01.15645,pt000734,61.696578881410105,-143.28821167419585,1799.2694091796875,25.252445220947266,144.5948486328125
01.15645,pt000735,61.696578881410105,-143.2814277033956,1711.384521484375,16.917694091796875,139.28538513183594
01.15645,pt000736,61.696578881410105,-143.27464373259534,1642.591552734375,16.16073226928711,120.71066284179688
01.15645,pt000737,61.696578881410105,-143.26785976179508,1616.6346435546875,6.073834419250488,202.94842529296875
01.15645,pt000738,61.696578881410105,-143.26107579099482,1593.329345703125,5.935381889343262,66.8577651977539
01.15645,pt000739,61.696578881410105,-143.25429182019457,1579.634765625,4.207291126251221,74.45263671875
01.15645,pt000740,61.696578881410105,-143.2475078493943,1579.57861328125,2.841325521469116,209.94139099121094
01.15645,pt000741,61.696578881410105,-143.24072387859405,1571.618408203125,6.7293195724487305,84.90714263916016
01.15645,pt000742,61.696578881410105,-143.22037196619328,1556.9210205078125,13.516386985778809,168.41543579101562
01.15645,pt000743,61.696578881410105,-143.21358799539303,1552.75732421875,11.418176651000977,178.50181579589844
01.15645,pt000744,61.696578881410105,-143.20680402459277,1566.276611328125,6.0007147789001465,182.68356323242188
01.15645,pt000745,61.696578881410105,-143.2000200537925,1601.1038818359375,13.19568157196045,260.2976989746094
01.15645,pt000746,61.696578881410105,-143.17966814139174,2355.83544921875,7.29771089553833,105.06855010986328
01.15645,pt000747,61.696578881410105,-143.1728841705915,2316.703857421875,5.312973499298096,138.45669555664062
01.15645,pt000748,61.696578881410105,-143.16610019979123,2279.852783203125,5.802441596984863,146.9513702392578
01.15645,pt000749,61.696578881410105,-143.15931622899097,2254.36572265625,6.830245494842529,139.35626220703125
01.15645,pt000750,61.696578881410105,-143.15253225819072,2232.73388671875,2.3674614429473877,191.79840087890625
01.15645,pt000751,61.696578881410105,-143.14574828739046,2240.3203125,5.315455913543701,115.1021499633789
01.15645,pt000752,61.696578881410105,-143.1389643165902,2225.341796875,20.014745712280273,214.26080322265625
01.15645,pt000753,61.696578881410105,-143.13218034578995,2264.84912109375,3.331120014190674,192.3151397705078
01.15645,pt000754,61.696578881410105,-143.1253963749897,2207.189453125,12.797675132751465,98.92793273925781
01.15645,pt000755,61.696578881410105,-143.11861240418943,2162.932861328125,4.002773284912109,95.34432983398438
01.15645,pt000756,61.696578881410105,-143.11182843338918,2132.681640625,5.432648658752441,133.9185028076172
01.15645,pt000757,61.696578881410105,-143.10504446258892,2119.892333984375,8.049488067626953,226.70138549804688
01.15645,pt000758,61.696578881410105,-143.09826049178866,2157.141845703125,6.71693754196167,250.32423400878906
01.15645,pt000759,61.696578881410105,-143.0914765209884,2167.36572265625,3.432802438735962,95.5970458984375
01.15645,pt000760,61.696578881410105,-143.08469255018815,2238.7421875,27.68964195251465,287.07305908203125
01.15645,pt000761,61.696578881410105,-143.0779085793879,2332.188720703125,16.322416305541992,299.45233154296875
01.15645,pt000762,61.696578881410105,-143.06434063778738,2321.82470703125,14.688155174255371,203.16017150878906
01.15645,pt000763,61.696578881410105,-143.05755666698713,2360.21142578125,16.18135643005371,209.66624450683594
01.15645,pt000764,61.696578881410105,-143.05077269618687,2300.946044921875,25.788999557495117,152.90916442871094
01.15645,pt000765,61.696578881410105,-143.0439887253866,2314.1494140625,34.70565414428711,207.69992065429688
01.15645,pt000766,61.696578881410105,-143.03720475458636,2446.91650390625,30.53644371032715,212.5389862060547
01.15645,pt000767,61.696578881410105,-143.0304207837861,2543.42333984375,27.375879287719727,181.09483337402344
01.15645,pt000768,61.696578881410105,-143.02363681298584,2552.84130859375,23.315889358520508,250.34024047851562
01.15645,pt000769,61.696578881410105,-143.01685284218559,2734.489501953125,22.396366119384766,267.30328369140625
01.15645,pt000770,61.696578881410105,-143.00328490058507,3142.2578125,44.15255355834961,202.36581420898438
01.15645,pt000771,61.696578881410105,-142.99650092978482,3222.48583984375,20.219186782836914,142.74212646484375
01.15645,pt000772,61.696578881410105,-142.98971695898456,3181.779052734375,10.384653091430664,163.44874572753906
01.15645,pt000773,61.696578881410105,-142.9829329881843,3183.82763671875,10.067632675170898,179.46946716308594
01.15645,pt000774,61.696578881410105,-142.97614901738405,3205.98046875,10.02928638458252,214.00607299804688
01.15645,pt000775,61.696578881410105,-142.9693650465838,3305.57958984375,24.800809860229492,249.90199279785156
01.15645,pt000776,61.696578881410105,-142.96258107578353,3454.87060546875,45.335899353027344,182.0592803955078
01.15645,pt000777,61.696578881410105,-142.95579710498328,3666.108642578125,24.28601837158203,284.75921630859375
01.15645,pt000778,61.70336285221037,-143.37640329459919,4297.73095703125,45.831417083740234,89.3523941040039
01.15645,pt000779,61.70336285221037,-143.36961932379893,4000.927978515625,42.11138916015625,89.06983947753906
01.15645,pt000780,61.70336285221037,-143.36283535299867,3827.23974609375,21.233171463012695,59.558807373046875
01.15645,pt000781,61.70336285221037,-143.35605138219842,3626.435546875,23.099035263061523,104.17707061767578
01.15645,pt000782,61.70336285221037,-143.34926741139816,3503.080810546875,21.661895751953125,44.87551498413086
01.15645,pt000783,61.70336285221037,-143.3424834405979,3399.674072265625,22.926250457763672,47.41006088256836
01.15645,pt000784,61.70336285221037,-143.33569946979765,3150.668212890625,30.93799591064453,80.71367645263672
01.15645,pt000785,61.70336285221037,-143.3289154989974,2857.629150390625,48.63570022583008,58.57255554199219
01.15645,pt000786,61.70336285221037,-143.32213152819713,2572.524169921875,18.250259399414062,59.52752685546875
01.15645,pt000787,61.70336285221037,-143.31534755739688,2439.5517578125,25.905662536621094,84.04588317871094
01.15645,pt000788,61.70336285221037,-143.30856358659662,2318.56396484375,23.28406524658203,79.53533172607422
01.15645,pt000789,61.70336285221037,-143.30177961579636,2162.35595703125,15.111858367919922,126.2802734375
01.15645,pt000790,61.70336285221037,-143.2949956449961,2038.8363037109375,12.190129280090332,137.4589385986328
01.15645,pt000791,61.70336285221037,-143.28821167419585,1952.4735107421875,18.19715118408203,107.4489517211914
01.15645,pt000792,61.70336285221037,-143.2814277033956,1840.025146484375,18.538127899169922,135.22203063964844
01.15645,pt000793,61.70336285221037,-143.27464373259534,1775.556396484375,15.754438400268555,122.95162200927734
01.15645,pt000794,61.70336285221037,-143.26785976179508,1741.1824951171875,18.123586654663086,199.1764373779297
01.15645,pt000795,61.70336285221037,-143.26107579099482,1710.51611328125,20.894315719604492,144.1044921875
01.15645,pt000796,61.70336285221037,-143.25429182019457,1630.6229248046875,13.585765838623047,164.91651916503906
01.15645,pt000797,61.70336285221037,-143.2475078493943,1640.734619140625,25.001405715942383,186.78025817871094
01.15645,pt000798,61.70336285221037,-143.24072387859405,1712.711181640625,36.64167404174805,218.79415893554688
01.15645,pt000799,61.70336285221037,-143.22715593699354,1863.13330078125,29.251358032226562,117.96672821044922
01.15645,pt000800,61.70336285221037,-143.22037196619328,1819.20263671875,26.721153259277344,180.7434539794922
01.15645,pt000801,61.70336285221037,-143.21358799539303,1729.011962890625,32.596763610839844,135.73182678222656
01.15645,pt000802,61.70336285221037,-143.20680402459277,1679.19580078125,12.873383522033691,140.2076873779297
01.15645,pt000803,61.70336285221037,-143.2000200537925,1722.466064453125,20.70513153076172,202.55377197265625
01.15645,pt000804,61.70336285221037,-143.186452112192,2336.9228515625,47.309444427490234,247.41383361816406
01.15645,pt000805,61.70336285221037,-143.17966814139174,2382.34423828125,6.930158615112305,140.45394897460938
01.15645,pt000806,61.70336285221037,-143.1728841705915,2351.748779296875,7.329009532928467,130.19178771972656
01.15645,pt000807,61.70336285221037,-143.16610019979123,2334.35595703125,1.9556777477264404,184.93441772460938
01.15645,pt000808,61.70336285221037,-143.15931622899097,2320.07763671875,4.861291408538818,84.3748779296875
01.15645,pt000809,61.70336285221037,-143.15253225819072,2317.83837890625,4.131256103515625,184.90972900390625
01.15645,pt000810,61.70336285221037,-143.14574828739046,2323.117919921875,11.213532447814941,230.22824096679688
01.15645,pt000811,61.70336285221037,-143.1389643165902,2331.781494140625,6.435617923736572,191.99093627929688
01.15645,pt000812,61.70336285221037,-143.13218034578995,2308.305419921875,9.022069931030273,84.8262710571289
01.15645,pt000813,61.70336285221037,-143.1253963749897,2266.718017578125,7.45530891418457,121.4916000366211
01.15645,pt000814,61.70336285221037,-143.11861240418943,2249.790283203125,3.7161591053009033,165.07968139648438
01.15645,pt000815,61.70336285221037,-143.11182843338918,2238.79296875,3.817756175994873,129.3542938232422
01.15645,pt000816,61.70336285221037,-143.10504446258892,2224.98974609375,5.506350040435791,156.87733459472656
01.15645,pt000817,61.70336285221037,-143.09826049178866,2237.0732421875,3.9952023029327393,192.5280303955078
01.15645,pt000818,61.70336285221037,-143.0914765209884,2230.600830078125,11.51395034790039,228.03746032714844
01.15645,pt000819,61.70336285221037,-143.08469255018815,2303.553466796875,11.51450252532959,229.1842498779297
01.15645,pt000820,61.70336285221037,-143.0779085793879,2309.711181640625,4.164699554443359,163.79811096191406
01.15645,pt000821,61.70336285221037,-143.07112460858764,2487.556396484375,29.758296966552734,281.4043273925781
01.15645,pt000822,61.70336285221037,-143.06434063778738,2592.82470703125,25.860679626464844,211.93994140625
01.15645,pt000823,61.70336285221037,-143.05755666698713,2490.338134765625,13.982095718383789,175.8466796875
01.15645,pt000824,61.70336285221037,-143.05077269618687,2536.75390625,19.299400329589844,219.29995727539062
01.15645,pt000825,61.70336285221037,-143.0439887253866,2547.168212890625,6.942904949188232,175.80230712890625
01.15645,pt000826,61.70336285221037,-143.03720475458636,2629.114013671875,10.101885795593262,194.84432983398438
01.15645,pt000827,61.70336285221037,-143.0304207837861,2699.06591796875,8.755988121032715,251.42843627929688
01.15645,pt000828,61.70336285221037,-143.02363681298584,2798.432861328125,13.901479721069336,234.88429260253906
01.15645,pt000829,61.70336285221037,-143.01685284218559,2856.325927734375,9.206141471862793,241.19418334960938
01.15645,pt000830,61.70336285221037,-143.01006887138533,2917.38916015625,24.578201293945312,286.0231018066406
01.15645,pt000831,61.70336285221037,-143.00328490058507,3263.1591796875,47.162559509277344,278.6897277832031
01.15645,pt000832,61.70336285221037,-142.99650092978482,3321.033935546875,6.970422744750977,160.3670196533203
01.15645,pt000833,61.70336285221037,-142.98971695898456,3300.994873046875,6.497880458831787,185.51510620117188
01.15645,pt000834,61.70336285221037,-142.9829329881843,3312.229736328125,11.183027267456055,192.80252075195312
01.15645,pt000835,61.70336285221037,-142.97614901738405,3405.4833984375,29.914655685424805,257.3740539550781
01.15645,pt000836,61.70336285221037,-142.9693650465838,3536.22998046875,12.47083854675293,287.5826110839844
01.15645,pt000837,61.70336285221037,-142.96258107578353,3670.603271484375,25.618820190429688,218.24253845214844
01.15645,pt000838,61.71014682301063,-143.38318726539944,4390.99609375,34.36866760253906,107.31431579589844
01.15645,pt000839,61.71014682301063,-143.37640329459919,4097.65283203125,25.84815216064453,99.19890594482422
01.15645,pt000840,61.71014682301063,-143.36961932379893,3945.106689453125,23.32539939880371,60.3423957824707
01.15645,pt000841,61.71014682301063,-143.36283535299867,3763.63525390625,29.29328727722168,57.154170989990234
01.15645,pt000842,61.71014682301063,-143.35605138219842,3654.36279296875,15.966806411743164,89.39673614501953
01.15645,pt000843,61.71014682301063,-143.34926741139816,3503.86328125,30.044675827026367,84.6343994140625
01.15645,pt000844,61.71014682301063,-143.3424834405979,3270.30712890625,21.751909255981445,95.87762451171875
01.15645,pt000845,61.71014682301063,-143.33569946979765,3098.58447265625,29.15265655517578,76.97537994384766
01.15645,pt000846,61.71014682301063,-143.3289154989974,2905.66455078125,24.974042892456055,75.68144226074219
01.15645,pt000847,61.71014682301063,-143.32213152819713,2682.421875,34.743141174316406,126.23355865478516
01.15645,pt000848,61.71014682301063,-143.31534755739688,2524.2744140625,43.10980224609375,120.9931640625
01.15645,pt000849,61.71014682301063,-143.30856358659662,2391.11279296875,25.548259735107422,157.9145965576172
01.15645,pt000850,61.71014682301063,-143.30177961579636,2220.80029296875,25.427539825439453,107.91510009765625
01.15645,pt000851,61.71014682301063,-143.28821167419585,1992.9464111328125,32.70309066772461,131.7589111328125
01.15645,pt000852,61.71014682301063,-143.2814277033956,2007.591064453125,28.535533905029297,214.2705078125
01.15645,pt000853,61.71014682301063,-143.27464373259534,2048.431884765625,35.327518463134766,191.2747039794922
01.15645,pt000854,61.71014682301063,-143.26785976179508,2033.8348388671875,17.99636459350586,164.93406677246094
01.15645,pt000855,61.71014682301063,-143.26107579099482,2005.864501953125,9.604745864868164,176.13938903808594
01.15645,pt000856,61.71014682301063,-143.2339399077938,2248.68408203125,26.497800827026367,69.07935333251953
01.15645,pt000857,61.71014682301063,-143.22715593699354,2106.17041015625,7.3207855224609375,114.8274154663086
01.15645,pt000858,61.71014682301063,-143.22037196619328,2091.180419921875,4.566328525543213,154.6533203125
01.15645,pt000859,61.71014682301063,-143.21358799539303,2050.158447265625,14.038573265075684,79.60199737548828
01.15645,pt000860,61.71014682301063,-143.20680402459277,1997.716552734375,22.464948654174805,140.0464324951172
01.15645,pt000861,61.71014682301063,-143.19323608299226,2348.85400390625,31.868684768676758,235.4933319091797
01.15645,pt000862,61.71014682301063,-143.186452112192,2407.64501953125,2.203214168548584,117.78624725341797
01.15645,pt000863,61.71014682301063,-143.17966814139174,2394.57568359375,2.9695885181427,64.76775360107422
01.15645,pt000864,61.71014682301063,-143.1728841705915,2384.99169921875,1.3203169107437134,188.75404357910156
01.15645,pt000865,61.71014682301063,-143.16610019979123,2392.380126953125,3.2845938205718994,188.5081024169922
01.15645,pt000866,61.71014682301063,-143.15931622899097,2378.2880859375,4.485219478607178,132.3946075439453
01.15645,pt000867,61.71014682301063,-143.15253225819072,2370.337890625,8.74412727355957,197.31211853027344
01.15645,pt000868,61.71014682301063,-143.14574828739046,2404.328125,11.486215591430664,211.09556579589844
01.15645,pt000869,61.71014682301063,-143.1389643165902,2376.208740234375,8.06103515625,109.12480926513672
01.15645,pt000870,61.71014682301063,-143.13218034578995,2331.3173828125,8.109658241271973,98.08329010009766
01.15645,pt000871,61.71014682301063,-143.1253963749897,2309.25439453125,7.0725812911987305,176.8382568359375
01.15645,pt000872,61.71014682301063,-143.11861240418943,2315.155029296875,19.916915893554688,221.1675262451172
01.15645,pt000873,61.71014682301063,-143.11182843338918,2337.99072265625,10.82137393951416,179.71388244628906
01.15645,pt000874,61.71014682301063,-143.10504446258892,2344.9931640625,7.6008195877075195,136.87356567382812
01.15645,pt000875,61.71014682301063,-143.09826049178866,2307.017822265625,9.071517944335938,151.75961303710938
01.15645,pt000876,61.71014682301063,-143.0914765209884,2315.624267578125,1.9589581489562988,278.0622863769531
01.15645,pt000877,61.71014682301063,-143.08469255018815,2326.1201171875,4.8842034339904785,286.1136169433594
01.15645,pt000878,61.71014682301063,-143.0779085793879,2343.894775390625,1.5333820581436157,243.42691040039062
01.15645,pt000879,61.71014682301063,-143.07112460858764,2343.751220703125,17.625843048095703,278.27081298828125
01.15645,pt000880,61.71014682301063,-143.06434063778738,2454.558349609375,11.217096328735352,288.15423583984375
01.15645,pt000881,61.71014682301063,-143.05755666698713,2557.615478515625,9.44416332244873,275.0740661621094
01.15645,pt000882,61.71014682301063,-143.05077269618687,2709.392333984375,20.205326080322266,266.4484558105469
01.15645,pt000883,61.71014682301063,-143.0439887253866,2789.580810546875,15.048171043395996,257.4770812988281
01.15645,pt000884,61.71014682301063,-143.03720475458636,2910.028564453125,17.498859405517578,261.8960266113281
01.15645,pt000885,61.71014682301063,-143.0304207837861,2999.394287109375,13.840774536132812,272.0729064941406
01.15645,pt000886,61.71014682301063,-143.02363681298584,3098.605224609375,25.258495330810547,269.13763427734375
01.15645,pt000887,61.71014682301063,-143.01685284218559,3025.418701171875,50.142757415771484,157.8105010986328
01.15645,pt000888,61.71014682301063,-143.01006887138533,3141.3349609375,36.632232666015625,223.50723266601562
01.15645,pt000889,61.71014682301063,-143.00328490058507,3345.333740234375,48.005741119384766,243.1498565673828
01.15645,pt000890,61.71014682301063,-142.99650092978482,3430.781982421875,11.233565330505371,165.3089599609375
01.15645,pt000891,61.71014682301063,-142.98971695898456,3424.453369140625,11.011162757873535,178.87327575683594
01.15645,pt000892,61.71014682301063,-142.9829329881843,3426.160400390625,8.087776184082031,190.9734649658203
01.15645,pt000893,61.71014682301063,-142.97614901738405,3486.503662109375,9.905838012695312,211.91188049316406
01.15645,pt000894,61.71014682301063,-142.9693650465838,3645.3134765625,17.981346130371094,270.702392578125
01.15645,pt000895,61.716930793810896,-143.3899712361997,4771.85986328125,29.030771255493164,100.08814239501953
01.15645,pt000896,61.716930793810896,-143.38318726539944,4509.34375,37.4123649597168,150.5529022216797
01.15645,pt000897,61.716930793810896,-143.37640329459919,4266.38818359375,46.37315368652344,115.28005981445312
01.15645,pt000898,61.716930793810896,-143.36961932379893,4099.40966796875,22.607078552246094,113.69693756103516
01.15645,pt000899,61.716930793810896,-143.36283535299867,3994.985107421875,14.280984878540039,40.93971633911133
01.15645,pt000900,61.716930793810896,-143.35605138219842,3869.408447265625,43.267333984375,58.000953674316406
01.15645,pt000901,61.716930793810896,-143.34926741139816,3534.94775390625,52.26146697998047,70.35514831542969
01.15645,pt000902,61.716930793810896,-143.3424834405979,3231.88623046875,51.97308349609375,91.61490631103516
01.15645,pt000903,61.716930793810896,-143.33569946979765,3022.7412109375,20.576108932495117,128.9936065673828
01.15645,pt000904,61.716930793810896,-143.3289154989974,3013.489501953125,45.42579650878906,182.22218322753906
01.15645,pt000905,61.716930793810896,-143.32213152819713,3142.212158203125,46.152645111083984,201.5943145751953
01.15645,pt000906,61.716930793810896,-143.31534755739688,3080.918212890625,43.85444259643555,147.55587768554688
01.15645,pt000907,61.716930793810896,-143.30856358659662,2773.879150390625,43.646915435791016,60.9153938293457
01.15645,pt000908,61.716930793810896,-143.30177961579636,2585.317626953125,14.687313079833984,126.8243408203125
01.15645,pt000909,61.716930793810896,-143.28821167419585,2285.07568359375,28.190820693969727,82.22763061523438
01.15645,pt000910,61.716930793810896,-143.2814277033956,2207.697021484375,5.183501720428467,83.73448181152344
01.15645,pt000911,61.716930793810896,-143.27464373259534,2199.42578125,4.921388149261475,108.38031768798828
01.15645,pt000912,61.716930793810896,-143.26785976179508,2125.3603515625,21.43218231201172,112.043212890625
01.15645,pt000913,61.716930793810896,-143.26107579099482,2132.403076171875,32.119266510009766,193.71585083007812
01.15645,pt000914,61.716930793810896,-143.25429182019457,2388.72705078125,46.25400161743164,247.31442260742188
01.15645,pt000915,61.716930793810896,-143.2475078493943,2513.8359375,27.031723022460938,226.75927734375
01.15645,pt000916,61.716930793810896,-143.24072387859405,2493.258544921875,22.10814094543457,116.68303680419922
01.15645,pt000917,61.716930793810896,-143.2339399077938,2373.964599609375,32.7666130065918,178.884033203125
01.15645,pt000918,61.716930793810896,-143.22715593699354,2345.64013671875,23.784652709960938,169.8231658935547
01.15645,pt000919,61.716930793810896,-143.22037196619328,2299.85791015625,23.432085037231445,171.15542602539062
01.15645,pt000920,61.716930793810896,-143.21358799539303,2279.108642578125,42.38397216796875,216.45045471191406
01.15645,pt000921,61.716930793810896,-143.2000200537925,2699.412353515625,31.52035903930664,210.18643188476562
01.15645,pt000922,61.716930793810896,-143.19323608299226,2695.37109375,9.78443717956543,88.90599822998047
01.15645,pt000923,61.716930793810896,-143.186452112192,2637.942138671875,14.80275821685791,106.47616577148438
01.15645,pt000924,61.716930793810896,-143.17966814139174,2576.146484375,12.956572532653809,128.77317810058594
01.15645,pt000925,61.716930793810896,-143.1728841705915,2524.139892578125,7.783895969390869,102.02747344970703
01.15645,pt000926,61.716930793810896,-143.16610019979123,2474.73876953125,14.769012451171875,172.0576171875
01.15645,pt000927,61.716930793810896,-143.15931622899097,2441.559814453125,11.453405380249023,146.89541625976562
01.15645,pt000928,61.716930793810896,-143.15253225819072,2483.904052734375,15.506492614746094,243.26547241210938
01.15645,pt000929,61.716930793810896,-143.1389643165902,2629.494140625,15.135228157043457,86.42756652832031
01.15645,pt000930,61.716930793810896,-143.13218034578995,2534.094970703125,20.720176696777344,107.54167938232422
01.15645,pt000931,61.716930793810896,-143.1253963749897,2432.13037109375,7.177663803100586,193.580322265625
01.15645,pt000932,61.716930793810896,-143.11861240418943,2438.525634765625,6.1630144119262695,147.28993225097656
01.15645,pt000933,61.716930793810896,-143.11182843338918,2406.061279296875,6.301808834075928,96.72413635253906
01.15645,pt000934,61.716930793810896,-143.10504446258892,2375.960693359375,5.136341094970703,217.52146911621094
01.15645,pt000935,61.716930793810896,-143.09826049178866,2480.228515625,33.90797424316406,255.1907958984375
01.15645,pt000936,61.716930793810896,-143.0914765209884,2640.938232421875,29.646821975708008,148.19326782226562
01.15645,pt000937,61.716930793810896,-143.08469255018815,2437.8564453125,11.27786922454834,128.95835876464844
01.15645,pt000938,61.716930793810896,-143.0779085793879,2456.60546875,4.445971965789795,285.1505432128906
01.15645,pt000939,61.716930793810896,-143.07112460858764,2454.427001953125,2.7010254859924316,95.20323944091797
01.15645,pt000940,61.716930793810896,-143.06434063778738,2506.67822265625,7.213887691497803,221.92745971679688
01.15645,pt000941,61.716930793810896,-143.05755666698713,2544.275146484375,19.351573944091797,260.8442077636719
01.15645,pt000942,61.716930793810896,-143.05077269618687,2648.3427734375,17.460569381713867,293.8921203613281
01.15645,pt000943,61.716930793810896,-143.0439887253866,2683.833740234375,4.680198669433594,306.02520751953125
01.15645,pt000944,61.716930793810896,-143.03720475458636,2767.22265625,28.22503089904785,314.1642150878906
01.15645,pt000945,61.716930793810896,-143.0304207837861,2921.42138671875,38.160736083984375,346.93609619140625
01.15645,pt000946,61.716930793810896,-143.02363681298584,2993.479736328125,48.90877914428711,313.11285400390625
01.15645,pt000947,61.716930793810896,-143.01685284218559,3377.915771484375,48.6192626953125,303.9647521972656
01.15645,pt000948,61.716930793810896,-143.00328490058507,3560.8623046875,12.371217727661133,154.84866333007812
01.15645,pt000949,61.716930793810896,-142.99650092978482,3540.0869140625,13.872570037841797,159.0723876953125
01.15645,pt000950,61.716930793810896,-142.98971695898456,3567.50146484375,12.989717483520508,194.968994140625
01.15645,pt000951,61.716930793810896,-142.9829329881843,3601.38330078125,3.358870267868042,232.10060119628906
01.15645,pt000952,61.72371476461116,-143.3899712361997,4950.828125,19.79556655883789,100.08065032958984
01.15645,pt000953,61.72371476461116,-143.38318726539944,4601.8486328125,48.986541748046875,19.061336517333984
01.15645,pt000954,61.72371476461116,-143.37640329459919,4356.3564453125,61.64332580566406,40.201725006103516
01.15645,pt000955,61.72371476461116,-143.36961932379893,4150.71142578125,20.25731086730957,79.32403564453125
01.15645,pt000956,61.72371476461116,-143.36283535299867,4047.918701171875,19.013898849487305,162.392578125
01.15645,pt000957,61.72371476461116,-143.35605138219842,3916.052734375,46.546234130859375,130.26992797851562
01.15645,pt000958,61.72371476461116,-143.32213152819713,3693.54541015625,25.15291404724121,103.64917755126953
01.15645,pt000959,61.72371476461116,-143.31534755739688,3576.41259765625,29.5376033782959,114.55213165283203
01.15645,pt000960,61.72371476461116,-143.30856358659662,3257.34814453125,46.22919464111328,130.64524841308594
01.15645,pt000961,61.72371476461116,-143.2949956449961,2492.42431640625,30.348344802856445,121.29685974121094
01.15645,pt000962,61.72371476461116,-143.28821167419585,2343.330810546875,18.097761154174805,108.25638580322266
01.15645,pt000963,61.72371476461116,-143.2814277033956,2363.15869140625,35.94383239746094,190.40599060058594
01.15645,pt000964,61.72371476461116,-143.27464373259534,2404.042724609375,31.77242660522461,210.59666442871094
01.15645,pt000965,61.72371476461116,-143.26785976179508,2478.109619140625,44.33148956298828,235.5081329345703
01.15645,pt000966,61.72371476461116,-143.26107579099482,2585.84326171875,26.191390991210938,193.27890014648438
01.15645,pt000967,61.72371476461116,-143.25429182019457,2617.4501953125,15.536422729492188,136.16908264160156
01.15645,pt000968,61.72371476461116,-143.2475078493943,2571.319580078125,8.035801887512207,84.21530151367188
01.15645,pt000969,61.72371476461116,-143.24072387859405,2517.92626953125,15.11106014251709,110.18490600585938
01.15645,pt000970,61.72371476461116,-143.2339399077938,2465.26025390625,0.8642984628677368,152.04156494140625
01.15645,pt000971,61.72371476461116,-143.22715593699354,2446.139404296875,11.099190711975098,92.31246185302734
01.15645,pt000972,61.72371476461116,-143.22037196619328,2511.916748046875,24.840110778808594,181.75210571289062
01.15645,pt000973,61.72371476461116,-143.21358799539303,2643.150634765625,49.36705017089844,248.95677185058594
01.15645,pt000974,61.72371476461116,-143.20680402459277,2841.66650390625,3.310394287109375,211.1669158935547
01.15645,pt000975,61.72371476461116,-143.2000200537925,2812.700927734375,8.368752479553223,136.50741577148438
01.15645,pt000976,61.72371476461116,-143.19323608299226,2762.26904296875,11.258617401123047,115.92723846435547
01.15645,pt000977,61.72371476461116,-143.186452112192,2716.57275390625,5.899648189544678,198.45614624023438
01.15645,pt000978,61.72371476461116,-143.17966814139174,2732.118896484375,15.857345581054688,187.2288818359375
01.15645,pt000979,61.72371476461116,-143.1728841705915,2710.392578125,48.9551887512207,181.9202423095703
01.15645,pt000980,61.72371476461116,-143.15931622899097,2652.983642578125,12.28477668762207,162.8146209716797
01.15645,pt000981,61.72371476461116,-143.15253225819072,2649.578857421875,30.411598205566406,209.28382873535156
01.15645,pt000982,61.72371476461116,-143.1389643165902,2771.057373046875,35.42142105102539,140.91671752929688
01.15645,pt000983,61.72371476461116,-143.13218034578995,2616.97314453125,48.990455627441406,130.61782836914062
01.15645,pt000984,61.72371476461116,-143.1253963749897,2471.9892578125,3.8249475955963135,111.53815460205078
01.15645,pt000985,61.72371476461116,-143.11861240418943,2485.588134765625,8.382098197937012,184.78604125976562
01.15645,pt000986,61.72371476461116,-143.11182843338918,2481.456787109375,12.920400619506836,191.11354064941406
01.15645,pt000987,61.72371476461116,-143.10504446258892,2568.11572265625,31.241792678833008,171.2171173095703
01.15645,pt000988,61.72371476461116,-143.0914765209884,2659.674560546875,3.958768367767334,156.3666534423828
01.15645,pt000989,61.72371476461116,-143.08469255018815,2631.724365234375,7.610335350036621,143.3306121826172
01.15645,pt000990,61.72371476461116,-143.0779085793879,2605.607421875,9.326508522033691,126.33612060546875
01.15645,pt000991,61.72371476461116,-143.07112460858764,2580.06591796875,7.347257614135742,147.94432067871094
01.15645,pt000992,61.72371476461116,-143.06434063778738,2562.781494140625,6.400596618652344,172.75003051757812
01.15645,pt000993,61.72371476461116,-143.05755666698713,2571.925537109375,3.729231357574463,284.44537353515625
01.15645,pt000994,61.72371476461116,-143.05077269618687,2645.000732421875,34.9772834777832,248.81240844726562
01.15645,pt000995,61.72371476461116,-143.0439887253866,2686.373291015625,17.97364616394043,192.71315002441406
01.15645,pt000996,61.72371476461116,-143.03720475458636,2793.349609375,16.415109634399414,183.28225708007812
01.15645,pt000997,61.72371476461116,-143.0304207837861,2815.80859375,7.297972679138184,252.4561309814453
01.15645,pt000998,61.72371476461116,-143.02363681298584,2848.464599609375,7.430790424346924,260.78167724609375
01.15645,pt000999,61.73049873541142,-143.34926741139816,4388.7900390625,46.103511810302734,153.358642578125
01.15645,pt001000,61.73049873541142,-143.3424834405979,4351.96337890625,40.15000534057617,160.0906982421875
01.15645,pt001001,61.73049873541142,-143.33569946979765,4016.55859375,45.3303337097168,75.575439453125
01.15645,pt001002,61.73049873541142,-143.3289154989974,3749.826904296875,27.69487762451172,92.17848205566406
01.15645,pt001003,61.73049873541142,-143.32213152819713,3525.22412109375,34.321468353271484,72.05094909667969
01.15645,pt001004,61.73049873541142,-143.31534755739688,3278.177490234375,26.23114013671875,66.0045166015625
01.15645,pt001005,61.73049873541142,-143.30856358659662,3180.05126953125,26.54520606994629,56.09180450439453
01.15645,pt001006,61.73049873541142,-143.30177961579636,2994.698486328125,37.33087158203125,35.188201904296875
01.15645,pt001007,61.73049873541142,-143.2949956449961,2896.029052734375,15.142841339111328,95.4297866821289
01.15645,pt001008,61.73049873541142,-143.28821167419585,2738.412841796875,33.69416809082031,120.16047668457031
01.15645,pt001009,61.73049873541142,-143.2814277033956,2642.9736328125,15.102246284484863,152.68238830566406
01.15645,pt001010,61.73049873541142,-143.27464373259534,2635.392822265625,12.430482864379883,138.9206085205078
01.15645,pt001011,61.73049873541142,-143.26785976179508,2751.29833984375,34.81275939941406,238.2893524169922
01.15645,pt001012,61.73049873541142,-143.26107579099482,2870.7001953125,15.067294120788574,210.93690490722656
01.15645,pt001013,61.73049873541142,-143.25429182019457,2842.617431640625,24.637083053588867,127.00520324707031
01.15645,pt001014,61.73049873541142,-143.2475078493943,2723.088134765625,19.46818733215332,173.20213317871094
01.15645,pt001015,61.73049873541142,-143.24072387859405,2684.077392578125,21.446670532226562,117.17672729492188
01.15645,pt001016,61.73049873541142,-143.2339399077938,2666.49072265625,35.50646209716797,209.43397521972656
01.15645,pt001017,61.73049873541142,-143.22715593699354,2874.1708984375,42.05239486694336,203.68028259277344
01.15645,pt001018,61.73049873541142,-143.21358799539303,3154.927490234375,31.727867126464844,153.3657989501953
01.15645,pt001019,61.73049873541142,-143.20680402459277,3042.105712890625,45.91419219970703,161.6880340576172
01.15645,pt001020,61.73049873541142,-143.2000200537925,2978.4248046875,40.887996673583984,180.48216247558594
01.15645,pt001021,61.73049873541142,-143.19323608299226,2894.045166015625,33.4791259765625,113.22330474853516
01.15645,pt001022,61.73049873541142,-143.186452112192,2854.83740234375,11.28908920288086,184.04415893554688
01.15645,pt001023,61.73049873541142,-143.17966814139174,2833.490478515625,19.08157730102539,175.10235595703125
01.15645,pt001024,61.73049873541142,-143.1728841705915,2912.262939453125,28.634441375732422,233.88636779785156
01.15645,pt001025,61.73049873541142,-143.16610019979123,3028.61083984375,14.076126098632812,233.0474090576172
01.15645,pt001026,61.73049873541142,-143.15931622899097,3152.683349609375,25.693586349487305,201.4414825439453
01.15645,pt001027,61.73049873541142,-143.15253225819072,3177.133544921875,36.07284927368164,198.38861083984375
01.15645,pt001028,61.73049873541142,-143.1389643165902,3024.177001953125,44.51225280761719,68.4651870727539
01.15645,pt001029,61.73049873541142,-143.13218034578995,2891.010009765625,10.54092025756836,96.96095275878906
01.15645,pt001030,61.73049873541142,-143.1253963749897,2794.0927734375,40.472782135009766,162.1164093017578
01.15645,pt001031,61.73049873541142,-143.11861240418943,2619.842529296875,22.834692001342773,174.4493865966797
01.15645,pt001032,61.73049873541142,-143.11182843338918,2679.9189453125,39.98680114746094,214.32186889648438
01.15645,pt001033,61.73049873541142,-143.0914765209884,2766.3271484375,27.18834114074707,138.0995635986328
01.15645,pt001034,61.73049873541142,-143.08469255018815,2714.01318359375,8.814762115478516,116.84794616699219
01.15645,pt001035,61.73728270621169,-143.3289154989974,3745.642822265625,57.20307159423828,111.95714569091797
01.15645,pt001036,61.73728270621169,-143.32213152819713,3331.760498046875,38.24093246459961,124.404541015625
01.15645,pt001037,61.73728270621169,-143.31534755739688,3122.676513671875,10.932417869567871,84.58696746826172
01.15645,pt001038,61.73728270621169,-143.30856358659662,3048.595458984375,13.942944526672363,127.88362121582031
01.15645,pt001039,61.73728270621169,-143.30177961579636,2959.908935546875,19.64380645751953,98.07077026367188
01.15645,pt001040,61.73728270621169,-143.2949956449961,2902.710693359375,13.785916328430176,137.73089599609375
01.15645,pt001041,61.73728270621169,-143.28821167419585,2845.58447265625,21.159955978393555,188.6277313232422
01.15645,pt001042,61.73728270621169,-143.2814277033956,2811.238525390625,39.815711975097656,196.12905883789062
01.15645,pt001043,61.73728270621169,-143.26785976179508,3045.42333984375,15.289484024047852,164.501953125
01.15645,pt001044,61.73728270621169,-143.26107579099482,3042.178466796875,13.877864837646484,184.96144104003906
01.15645,pt001045,61.73728270621169,-143.2475078493943,2870.384521484375,26.079883575439453,170.1584930419922
01.15645,pt001046,61.73728270621169,-143.24072387859405,2913.856689453125,12.244454383850098,198.12814331054688
01.15645,pt001047,61.73728270621169,-143.2339399077938,2977.26904296875,16.564411163330078,258.77178955078125
01.15645,pt001048,61.73728270621169,-143.22715593699354,3196.960693359375,40.65190505981445,243.3582000732422
01.15645,pt001049,61.73728270621169,-143.22037196619328,3462.32763671875,20.92613983154297,249.77902221679688
01.15645,pt001050,61.73728270621169,-143.21358799539303,3548.62451171875,21.07257843017578,150.06381225585938
01.15645,pt001051,61.73728270621169,-143.20680402459277,3528.4111328125,23.085342407226562,178.74781799316406
01.15645,pt001052,61.73728270621169,-143.2000200537925,3490.16943359375,40.1082878112793,121.91091918945312
01.15645,pt001053,61.73728270621169,-143.19323608299226,3241.331787109375,37.88908767700195,140.39352416992188
01.15645,pt001054,61.73728270621169,-143.186452112192,3050.04638671875,39.79446792602539,126.3461685180664
01.15645,pt001055,61.73728270621169,-143.17966814139174,3009.62158203125,31.443599700927734,185.06532287597656
01.15645,pt001056,61.73728270621169,-143.1728841705915,3059.751220703125,21.617847442626953,208.0003204345703
01.15645,pt001057,61.73728270621169,-143.16610019979123,3143.579833984375,19.650602340698242,229.6021728515625
01.15645,pt001058,61.73728270621169,-143.15931622899097,3353.927001953125,50.21918869018555,264.7319030761719
01.15645,pt001059,61.73728270621169,-143.15253225819072,3584.25927734375,18.472795486450195,293.3509826660156
01.15645,pt001060,61.73728270621169,-143.13218034578995,3354.99755859375,44.95351028442383,192.731201171875
01.15645,pt001061,61.74406667701195,-143.31534755739688,3614.560302734375,26.768556594848633,174.94602966308594
01.15645,pt001062,61.74406667701195,-143.30856358659662,3651.8779296875,47.82895278930664,159.35264587402344
01.15645,pt001063,61.74406667701195,-143.30177961579636,3541.539794921875,46.07432174682617,193.84725952148438
01.15645,pt001064,61.74406667701195,-143.2949956449961,3559.208984375,48.86572265625,176.68421936035156
01.15645,pt001065,61.74406667701195,-143.27464373259534,3624.01953125,14.535962104797363,258.66485595703125
01.15645,pt001066,61.74406667701195,-143.26107579099482,3460.510498046875,53.99323272705078,200.01727294921875
01.15645,pt001067,61.74406667701195,-143.25429182019457,3690.99755859375,42.91419982910156,192.21693420410156
01.15645,pt001068,61.74406667701195,-143.22715593699354,3531.39013671875,46.83641052246094,213.60296630859375
01.15645,pt001069,61.74406667701195,-143.22037196619328,3801.8671875,43.730064392089844,200.99229431152344
01.15645,pt001070,61.74406667701195,-143.186452112192,3709.69140625,26.51889419555664,152.87319946289062
01.15645,pt001071,61.74406667701195,-143.17966814139174,3613.381103515625,33.84288024902344,150.9842529296875
01.22193,pt000000,62.48787833898604,-151.2675559703084,309.8997497558594,10.630838394165039,56.5909538269043
01.22193,pt000001,62.48787833898604,-151.2606361623224,284.6100769042969,9.740511894226074,264.4186706542969
01.22193,pt000002,62.48787833898604,-151.25371635433643,310.54010009765625,8.276001930236816,308.3479309082031
01.22193,pt000003,62.48787833898604,-151.24679654635045,296.7895202636719,9.182086944580078,221.20718383789062
01.22193,pt000004,62.48787833898604,-151.23987673836447,304.34576416015625,3.552464008331299,285.4910888671875
01.22193,pt000005,62.48787833898604,-151.2329569303785,292.2640075683594,8.277047157287598,151.89720153808594
01.22193,pt000006,62.48787833898604,-151.2260371223925,298.20758056640625,6.544893264770508,133.61000061035156
01.22193,pt000007,62.48787833898604,-151.21911731440653,294.23486328125,6.275357246398926,177.4271240234375
01.22193,pt000008,62.48787833898604,-151.21219750642055,278.8561706542969,2.8738741874694824,98.64073944091797
01.22193,pt000009,62.49479814697203,-151.27447577829437,296.1270446777344,18.20586395263672,284.6864318847656
01.22193,pt000010,62.49479814697203,-151.2675559703084,305.43914794921875,3.995509624481201,42.01546859741211
01.22193,pt000011,62.49479814697203,-151.2606361623224,322.1527099609375,7.142964839935303,220.4794158935547
01.22193,pt000012,62.49479814697203,-151.25371635433643,313.8892517089844,14.913851737976074,153.96543884277344
01.22193,pt000013,62.49479814697203,-151.24679654635045,298.06591796875,11.989749908447266,91.79702758789062
01.22193,pt000014,62.49479814697203,-151.23987673836447,313.0881042480469,9.246560096740723,95.3145980834961
01.22193,pt000015,62.49479814697203,-151.2329569303785,304.34344482421875,5.75229549407959,282.6857604980469
01.22193,pt000016,62.49479814697203,-151.2260371223925,313.2419128417969,2.547677516937256,29.585891723632812
01.22193,pt000017,62.49479814697203,-151.21911731440653,312.7054138183594,3.8050663471221924,56.33356857299805
01.22193,pt000018,62.49479814697203,-151.21219750642055,296.1616516113281,8.048511505126953,97.72478485107422
01.22193,pt000019,62.49479814697203,-151.20527769843457,305.6415710449219,6.0207839012146,3.0423026084899902
01.22193,pt000020,62.49479814697203,-151.1983578904486,301.2218017578125,18.23860740661621,176.9998321533203
01.22193,pt000021,62.50171795495802,-151.27447577829437,312.6624755859375,18.858783721923828,118.16136169433594
01.22193,pt000022,62.50171795495802,-151.2675559703084,324.9983825683594,9.30968952178955,217.57479858398438
01.22193,pt000023,62.50171795495802,-151.2606361623224,320.9136657714844,6.97841739654541,145.34693908691406
01.22193,pt000024,62.50171795495802,-151.25371635433643,306.3870544433594,11.9705228805542,293.70050048828125
01.22193,pt000025,62.50171795495802,-151.24679654635045,314.54168701171875,5.825865268707275,186.05984497070312
01.22193,pt000026,62.50171795495802,-151.23987673836447,324.3683776855469,10.577817916870117,358.3942565917969
01.22193,pt000027,62.50171795495802,-151.2329569303785,333.6452941894531,5.104191780090332,69.31259155273438
01.22193,pt000028,62.50171795495802,-151.2260371223925,322.0153503417969,2.083994150161743,53.51903533935547
01.22193,pt000029,62.50171795495802,-151.21911731440653,330.0267028808594,3.2336220741271973,25.272872924804688
01.22193,pt000030,62.50171795495802,-151.21219750642055,339.9016418457031,3.754301071166992,192.52488708496094
01.22193,pt000031,62.50171795495802,-151.20527769843457,309.5536193847656,8.834385871887207,81.65922546386719
01.22193,pt000032,62.50171795495802,-151.1983578904486,284.9552307128906,6.403703689575195,73.85482788085938
01.22193,pt000033,62.508637762944005,-151.27447577829437,341.46771240234375,9.907410621643066,93.61907196044922
01.22193,pt000034,62.508637762944005,-151.2675559703084,301.4415283203125,7.082836151123047,3.6369662284851074
01.22193,pt000035,62.508637762944005,-151.2606361623224,322.433349609375,4.884850025177002,163.8137969970703
01.22193,pt000036,62.508637762944005,-151.25371635433643,322.0643005371094,10.829303741455078,139.4987030029297
01.22193,pt000037,62.508637762944005,-151.24679654635045,324.9901428222656,5.128148078918457,164.1983642578125
01.22193,pt000038,62.508637762944005,-151.23987673836447,329.30487060546875,6.504312992095947,212.42332458496094
01.22193,pt000039,62.508637762944005,-151.2329569303785,335.7961120605469,5.918575286865234,258.2850036621094
01.22193,pt000040,62.508637762944005,-151.2260371223925,338.4583740234375,4.495153427124023,205.0048065185547
01.22193,pt000041,62.508637762944005,-151.21911731440653,337.15478515625,1.9307860136032104,231.3677520751953
01.22193,pt000042,62.508637762944005,-151.21219750642055,336.0899658203125,2.7028400897979736,211.2284698486328
01.22193,pt000043,62.508637762944005,-151.20527769843457,328.7032775878906,7.75350284576416,70.46014404296875
01.22193,pt000044,62.508637762944005,-151.1983578904486,306.89068603515625,5.690852165222168,96.21853637695312
01.22193,pt000045,62.51555757092999,-151.27447577829437,356.2010498046875,14.958681106567383,79.14863586425781
01.22193,pt000046,62.51555757092999,-151.2675559703084,337.38958740234375,10.49327564239502,74.95468139648438
01.22193,pt000047,62.51555757092999,-151.2606361623224,335.52911376953125,5.1493377685546875,155.89585876464844
01.22193,pt000048,62.51555757092999,-151.25371635433643,344.1874084472656,7.323612689971924,324.6846923828125
01.22193,pt000049,62.51555757092999,-151.24679654635045,346.796630859375,5.461953163146973,205.77503967285156
01.22193,pt000050,62.51555757092999,-151.23987673836447,350.7061462402344,7.937768936157227,41.229068756103516
01.22193,pt000051,62.51555757092999,-151.2329569303785,346.4629821777344,0.6106793880462646,226.8911895751953
01.22193,pt000052,62.51555757092999,-151.2260371223925,350.0672607421875,4.716833591461182,218.1431884765625
01.22193,pt000053,62.51555757092999,-151.21911731440653,353.6018981933594,3.3286168575286865,48.77855682373047
01.22193,pt000054,62.51555757092999,-151.21219750642055,352.73309326171875,1.7097150087356567,124.96368408203125
01.22193,pt000055,62.51555757092999,-151.20527769843457,329.05572509765625,5.6205644607543945,126.51528930664062
01.22193,pt000056,62.51555757092999,-151.1983578904486,309.64208984375,4.554800510406494,60.93692398071289
01.22193,pt000057,62.51555757092999,-151.1914380824626,289.14459228515625,4.966619968414307,194.281494140625
01.22193,pt000058,62.52247737891598,-151.27447577829437,360.23095703125,10.285637855529785,69.08110046386719
01.22193,pt000059,62.52247737891598,-151.2675559703084,346.072509765625,5.629866123199463,208.93836975097656
01.22193,pt000060,62.52247737891598,-151.2606361623224,356.5318908691406,3.3339474201202393,255.3887939453125
01.22193,pt000061,62.52247737891598,-151.25371635433643,359.24334716796875,3.934597969055176,232.296630859375
01.22193,pt000062,62.52247737891598,-151.24679654635045,369.4751892089844,3.9549906253814697,230.2765655517578
01.22193,pt000063,62.52247737891598,-151.23987673836447,360.8273010253906,2.501603126525879,167.14988708496094
01.22193,pt000064,62.52247737891598,-151.2329569303785,366.8638610839844,2.581435203552246,60.071044921875
01.22193,pt000065,62.52247737891598,-151.2260371223925,370.848876953125,3.9659814834594727,190.77633666992188
01.22193,pt000066,62.52247737891598,-151.21911731440653,367.3644714355469,1.2996432781219482,152.55934143066406
01.22193,pt000067,62.52247737891598,-151.21219750642055,350.7359924316406,6.283740520477295,100.95852661132812
01.22193,pt000068,62.52247737891598,-151.20527769843457,327.2497253417969,1.6111037731170654,69.6061019897461
01.22193,pt000069,62.52247737891598,-151.1983578904486,328.0713806152344,2.9510581493377686,226.89895629882812
01.22193,pt000070,62.52247737891598,-151.1914380824626,301.17816162109375,11.563193321228027,117.55992889404297
01.22193,pt000071,62.52939718690197,-151.27447577829437,360.6741027832031,7.983488082885742,88.92105102539062
01.22193,pt000072,62.52939718690197,-151.2675559703084,384.9401550292969,7.44895076751709,198.21133422851562
01.22193,pt000073,62.52939718690197,-151.2606361623224,388.6039123535156,2.2003960609436035,320.7162780761719
01.22193,pt000074,62.52939718690197,-151.25371635433643,391.5993957519531,4.066616535186768,117.64440155029297
01.22193,pt000075,62.52939718690197,-151.24679654635045,392.1252136230469,4.267576217651367,227.1972198486328
01.22193,pt000076,62.52939718690197,-151.23987673836447,387.87762451171875,2.882871150970459,182.89849853515625
01.22193,pt000077,62.52939718690197,-151.2329569303785,380.3081359863281,1.6993474960327148,176.3475799560547
01.22193,pt000078,62.52939718690197,-151.2260371223925,380.8035583496094,2.727144479751587,247.5666961669922
01.22193,pt000079,62.52939718690197,-151.21911731440653,365.7547607421875,2.673129081726074,102.71639251708984
01.22193,pt000080,62.52939718690197,-151.21219750642055,348.2880554199219,2.580469846725464,124.78599548339844
01.22193,pt000081,62.52939718690197,-151.20527769843457,337.0813293457031,2.4102771282196045,40.259098052978516
01.22193,pt000082,62.52939718690197,-151.1983578904486,315.9043273925781,4.326135158538818,343.0138244628906
01.22193,pt000083,62.52939718690197,-151.1914380824626,299.758056640625,4.538160800933838,215.5780487060547
01.22193,pt000084,62.536316994887954,-151.27447577829437,380.1131591796875,10.989653587341309,72.2992935180664
01.22193,pt000085,62.536316994887954,-151.2675559703084,402.3858642578125,2.0587329864501953,123.36399841308594
01.22193,pt000086,62.536316994887954,-151.2606361623224,405.42987060546875,6.928601264953613,251.0920867919922
01.22193,pt000087,62.536316994887954,-151.25371635433643,401.36676025390625,2.796400785446167,247.54237365722656
01.22193,pt000088,62.536316994887954,-151.24679654635045,404.53863525390625,1.486497402191162,214.12039184570312
01.22193,pt000089,62.536316994887954,-151.23987673836447,400.0317077636719,0.9377949833869934,126.25950622558594
01.22193,pt000090,62.536316994887954,-151.2329569303785,402.3132019042969,3.4535861015319824,229.8953094482422
01.22193,pt000091,62.536316994887954,-151.2260371223925,393.68121337890625,4.254992485046387,127.62358093261719
01.22193,pt000092,62.536316994887954,-151.21911731440653,369.4996643066406,2.7970962524414062,162.9967498779297
01.22193,pt000093,62.536316994887954,-151.21219750642055,348.54345703125,5.102569580078125,175.490966796875
01.22193,pt000094,62.536316994887954,-151.20527769843457,329.83367919921875,4.719691276550293,165.07318115234375
01.22193,pt000095,62.536316994887954,-151.1983578904486,302.3001708984375,4.548954010009766,88.7343978881836
01.22193,pt000096,62.536316994887954,-151.1914380824626,326.1990051269531,6.0844550132751465,266.0190124511719
01.22193,pt000097,62.54323680287394,-151.27447577829437,383.97271728515625,6.934380054473877,310.8837890625
01.22193,pt000098,62.54323680287394,-151.2675559703084,399.3524475097656,1.163786768913269,163.8708953857422
01.22193,pt000099,62.54323680287394,-151.2606361623224,405.5397644042969,7.3699822425842285,256.0143737792969
01.22193,pt000100,62.54323680287394,-151.25371635433643,419.46527099609375,6.041183948516846,80.0811767578125
01.22193,pt000101,62.54323680287394,-151.24679654635045,414.92291259765625,0.7622096538543701,8.567242622375488
01.22193,pt000102,62.54323680287394,-151.23987673836447,409.75494384765625,2.9447240829467773,93.6047592163086
01.22193,pt000103,62.54323680287394,-151.2329569303785,408.16961669921875,3.731194496154785,160.12457275390625
01.22193,pt000104,62.54323680287394,-151.2260371223925,404.6393737792969,7.010834217071533,81.59220886230469
01.22193,pt000105,62.54323680287394,-151.21911731440653,391.65972900390625,2.9882113933563232,177.36839294433594
01.22193,pt000106,62.54323680287394,-151.21219750642055,375.12518310546875,3.2012548446655273,111.40773010253906
01.22193,pt000107,62.54323680287394,-151.20527769843457,362.6962585449219,6.651122093200684,163.07373046875
01.22193,pt000108,62.54323680287394,-151.1983578904486,315.83367919921875,8.318432807922363,110.1650161743164
01.22193,pt000109,62.54323680287394,-151.1914380824626,330.2817687988281,4.358961582183838,260.7259826660156
01.22193,pt000110,62.55015661085993,-151.28139558628035,438.92877197265625,8.524714469909668,83.65934753417969
01.22193,pt000111,62.55015661085993,-151.27447577829437,421.9723815917969,5.510553359985352,123.17537689208984
01.22193,pt000112,62.55015661085993,-151.2675559703084,419.5220031738281,2.422070026397705,289.71826171875
01.22193,pt000113,62.55015661085993,-151.2606361623224,434.468994140625,16.98777198791504,74.01919555664062
01.22193,pt000114,62.55015661085993,-151.25371635433643,423.3387756347656,8.140650749206543,92.78404235839844
01.22193,pt000115,62.55015661085993,-151.24679654635045,430.754638671875,2.9134886264801025,169.8056182861328
01.22193,pt000116,62.55015661085993,-151.23987673836447,432.3975830078125,4.357090473175049,241.00115966796875
01.22193,pt000117,62.55015661085993,-151.2329569303785,435.83734130859375,1.03072988986969,102.33139038085938
01.22193,pt000118,62.55015661085993,-151.2260371223925,428.3122863769531,1.1170079708099365,73.58052825927734
01.22193,pt000119,62.55015661085993,-151.21911731440653,424.8083801269531,3.389268159866333,90.30534362792969
01.22193,pt000120,62.55015661085993,-151.21219750642055,406.7305603027344,8.001801490783691,123.8067626953125
01.22193,pt000121,62.55015661085993,-151.20527769843457,385.68048095703125,5.676870822906494,124.88467407226562
01.22193,pt000122,62.55015661085993,-151.1983578904486,351.33148193359375,15.430776596069336,69.26428985595703
01.22193,pt000123,62.55707641884592,-151.28139558628035,446.986328125,6.080341815948486,154.19082641601562
01.22193,pt000124,62.55707641884592,-151.27447577829437,438.2143859863281,2.859633445739746,142.63218688964844
01.22193,pt000125,62.55707641884592,-151.2675559703084,428.850341796875,4.8966522216796875,267.2620544433594
01.22193,pt000126,62.55707641884592,-151.2606361623224,429.36651611328125,2.810115337371826,79.08058166503906
01.22193,pt000127,62.55707641884592,-151.25371635433643,437.6684265136719,7.359714984893799,260.1546630859375
01.22193,pt000128,62.55707641884592,-151.24679654635045,446.3298645019531,2.93106746673584,245.94302368164062
01.22193,pt000129,62.55707641884592,-151.23987673836447,449.7326354980469,1.8322607278823853,147.79859924316406
01.22193,pt000130,62.55707641884592,-151.2329569303785,446.96051025390625,1.94761061668396,222.2255096435547
01.22193,pt000131,62.55707641884592,-151.2260371223925,439.88287353515625,3.042539358139038,216.2060546875
01.22193,pt000132,62.55707641884592,-151.21911731440653,434.3341369628906,3.867523431777954,112.22981262207031
01.22193,pt000133,62.55707641884592,-151.21219750642055,421.62396240234375,1.924856424331665,114.2780990600586
01.22193,pt000134,62.55707641884592,-151.20527769843457,389.6349182128906,12.073568344116211,72.69749450683594
01.22193,pt000135,62.563996226831904,-151.28831539426633,474.03887939453125,6.281492710113525,259.5932922363281
01.22193,pt000136,62.563996226831904,-151.28139558628035,464.2818603515625,3.3421316146850586,3.6412556171417236
01.22193,pt000137,62.563996226831904,-151.27447577829437,462.55029296875,2.0971341133117676,136.0643768310547
01.22193,pt000138,62.563996226831904,-151.2675559703084,457.6009216308594,3.9263832569122314,131.470947265625
01.22193,pt000139,62.563996226831904,-151.2606361623224,448.6861877441406,3.790520668029785,109.58521270751953
01.22193,pt000140,62.563996226831904,-151.25371635433643,459.0279541015625,7.587446689605713,249.68795776367188
01.22193,pt000141,62.563996226831904,-151.24679654635045,462.78411865234375,2.461564779281616,190.83876037597656
01.22193,pt000142,62.563996226831904,-151.23987673836447,467.7227783203125,1.1728132963180542,85.6640625
01.22193,pt000143,62.563996226831904,-151.2329569303785,457.0787353515625,6.680609226226807,73.07640838623047
01.22193,pt000144,62.563996226831904,-151.2260371223925,453.68524169921875,1.913174033164978,226.4586181640625
01.22193,pt000145,62.563996226831904,-151.21911731440653,447.50982666015625,1.5340052843093872,171.77130126953125
01.22193,pt000146,62.563996226831904,-151.21219750642055,422.0362854003906,15.046719551086426,81.49871063232422
01.22193,pt000147,62.57091603481789,-151.29523520225231,488.7037353515625,2.495657205581665,224.80667114257812
01.22193,pt000148,62.57091603481789,-151.28831539426633,494.66644287109375,5.0083208084106445,222.3887939453125
01.22193,pt000149,62.57091603481789,-151.28139558628035,491.3307800292969,2.258324384689331,145.43539428710938
01.22193,pt000150,62.57091603481789,-151.27447577829437,485.2549743652344,1.921333909034729,167.5443878173828
01.22193,pt000151,62.57091603481789,-151.2675559703084,477.9507751464844,5.470420837402344,133.44256591796875
01.22193,pt000152,62.57091603481789,-151.2606361623224,469.2516174316406,2.432368040084839,199.75588989257812
01.22193,pt000153,62.57091603481789,-151.25371635433643,475.626220703125,2.3174431324005127,83.56307220458984
01.22193,pt000154,62.57091603481789,-151.24679654635045,475.4375915527344,1.269127368927002,212.2635955810547
01.22193,pt000155,62.57091603481789,-151.23987673836447,474.8077697753906,5.729071140289307,75.30392456054688
01.22193,pt000156,62.57091603481789,-151.2329569303785,464.9132995605469,1.6099629402160645,141.38084411621094
01.22193,pt000157,62.57091603481789,-151.2260371223925,462.031005859375,3.2324371337890625,184.75950622558594
01.22193,pt000158,62.57091603481789,-151.21911731440653,436.23443603515625,6.758394718170166,64.16437530517578
01.22193,pt000159,62.57783584280388,-151.3021550102383,524.9671630859375,6.6590447425842285,217.50588989257812
01.22193,pt000160,62.57783584280388,-151.29523520225231,517.2095336914062,4.1863179206848145,187.85064697265625
01.22193,pt000161,62.57783584280388,-151.28831539426633,509.7298889160156,2.807870864868164,127.58522033691406
01.22193,pt000162,62.57783584280388,-151.28139558628035,500.38427734375,2.070701837539673,142.2513885498047
01.22193,pt000163,62.57783584280388,-151.27447577829437,492.9051818847656,1.9408282041549683,90.78812408447266
01.22193,pt000164,62.57783584280388,-151.2675559703084,491.81451416015625,3.666158676147461,210.47398376464844
01.22193,pt000165,62.57783584280388,-151.2606361623224,491.01666259765625,2.5884482860565186,81.71711730957031
01.22193,pt000166,62.57783584280388,-151.25371635433643,494.6286926269531,2.3021132946014404,184.79409790039062
01.22193,pt000167,62.57783584280388,-151.24679654635045,484.6292419433594,2.2779603004455566,193.25946044921875
01.22193,pt000168,62.57783584280388,-151.23987673836447,476.0033874511719,1.4721752405166626,154.28573608398438
01.22193,pt000169,62.57783584280388,-151.2329569303785,476.4986267089844,4.391819953918457,52.18171310424805
01.22193,pt000170,62.57783584280388,-151.2260371223925,468.0256652832031,4.824647426605225,194.20709228515625
01.22193,pt000171,62.57783584280388,-151.21911731440653,457.5194396972656,19.90643310546875,85.35134887695312
01.22193,pt000172,62.584755650789866,-151.31599462621026,566.0956420898438,8.145337104797363,41.80807876586914
01.22193,pt000173,62.584755650789866,-151.30907481822427,534.7567138671875,4.240910053253174,294.2554016113281
01.22193,pt000174,62.584755650789866,-151.3021550102383,526.1426391601562,2.174276828765869,56.28187561035156
01.22193,pt000175,62.584755650789866,-151.29523520225231,530.6002197265625,6.501380443572998,56.44353103637695
01.22193,pt000176,62.584755650789866,-151.28831539426633,529.4044799804688,1.0728988647460938,96.69728088378906
01.22193,pt000177,62.584755650789866,-151.28139558628035,528.759521484375,1.8529678583145142,172.67042541503906
01.22193,pt000178,62.584755650789866,-151.27447577829437,522.4375610351562,3.7033205032348633,189.53585815429688
01.22193,pt000179,62.584755650789866,-151.2675559703084,516.5413818359375,1.2624359130859375,78.01990509033203
01.22193,pt000180,62.584755650789866,-151.2606361623224,513.6634521484375,2.7771592140197754,227.27516174316406
01.22193,pt000181,62.584755650789866,-151.25371635433643,507.47247314453125,1.7729822397232056,161.6383056640625
01.22193,pt000182,62.584755650789866,-151.24679654635045,495.369873046875,1.650317668914795,97.11676025390625
01.22193,pt000183,62.584755650789866,-151.23987673836447,484.7376708984375,1.836225986480713,126.07968139648438
01.22193,pt000184,62.584755650789866,-151.2329569303785,486.7127380371094,3.522326707839966,188.3328399658203
01.22193,pt000185,62.584755650789866,-151.2260371223925,462.0846862792969,9.713540077209473,5.227362155914307
01.22193,pt000186,62.59167545877585,-151.32291443419624,603.9816284179688,7.92678165435791,92.10414123535156
01.22193,pt000187,62.59167545877585,-151.31599462621026,537.3468017578125,1.1667735576629639,281.2972412109375
01.22193,pt000188,62.59167545877585,-151.30907481822427,543.8680419921875,2.6521689891815186,209.72943115234375
01.22193,pt000189,62.59167545877585,-151.3021550102383,543.9317626953125,0.9779098033905029,157.01475524902344
01.22193,pt000190,62.59167545877585,-151.29523520225231,546.9144287109375,2.400629997253418,216.5540313720703
01.22193,pt000191,62.59167545877585,-151.28831539426633,542.574462890625,1.285649299621582,155.86007690429688
01.22193,pt000192,62.59167545877585,-151.28139558628035,543.2503662109375,1.5300136804580688,38.55043411254883
01.22193,pt000193,62.59167545877585,-151.27447577829437,532.4368896484375,2.6868813037872314,107.1437759399414
01.22193,pt000194,62.59167545877585,-151.2675559703084,526.8414306640625,4.059708595275879,61.06221389770508
01.22193,pt000195,62.59167545877585,-151.2606361623224,523.6278686523438,2.015397310256958,74.2243423461914
01.22193,pt000196,62.59167545877585,-151.25371635433643,512.4375610351562,2.0108182430267334,93.67068481445312
01.22193,pt000197,62.59167545877585,-151.24679654635045,506.06219482421875,1.5606657266616821,88.83075714111328
01.22193,pt000198,62.59167545877585,-151.23987673836447,493.26416015625,4.7919721603393555,58.66219711303711
01.22193,pt000199,62.59859526676184,-151.32983424218222,591.9598999023438,20.648714065551758,65.4863510131836
01.22193,pt000200,62.59859526676184,-151.32291443419624,568.828369140625,2.887869358062744,213.55328369140625
01.22193,pt000201,62.59859526676184,-151.31599462621026,571.8263549804688,4.477400302886963,91.27233123779297
01.22193,pt000202,62.59859526676184,-151.30907481822427,567.9693603515625,4.386590480804443,218.1956024169922
01.22193,pt000203,62.59859526676184,-151.3021550102383,566.5003662109375,2.3297677040100098,196.485595703125
01.22193,pt000204,62.59859526676184,-151.29523520225231,568.634521484375,2.0568037033081055,116.7474594116211
01.22193,pt000205,62.59859526676184,-151.28831539426633,563.7657470703125,3.7267062664031982,72.16157531738281
01.22193,pt000206,62.59859526676184,-151.28139558628035,555.4192504882812,2.2201530933380127,69.79780578613281
01.22193,pt000207,62.59859526676184,-151.27447577829437,539.1276245117188,1.393190622329712,178.00938415527344
01.22193,pt000208,62.59859526676184,-151.2675559703084,533.0282592773438,1.1961860656738281,103.22679901123047
01.22193,pt000209,62.59859526676184,-151.2606361623224,527.3023071289062,3.8970956802368164,213.13162231445312
01.22193,pt000210,62.59859526676184,-151.25371635433643,517.3070678710938,4.760427951812744,56.7022590637207
01.22193,pt000211,62.59859526676184,-151.24679654635045,503.55316162109375,4.075410842895508,139.85623168945312
01.22193,pt000212,62.60551507474783,-151.3367540501682,621.8607177734375,28.85907745361328,68.40461730957031
01.22193,pt000213,62.60551507474783,-151.32983424218222,598.5178833007812,2.744425058364868,185.4678955078125
01.22193,pt000214,62.60551507474783,-151.32291443419624,594.19287109375,2.8051419258117676,146.80963134765625
01.22193,pt000215,62.60551507474783,-151.31599462621026,592.7354736328125,6.110025405883789,202.12570190429688
01.22193,pt000216,62.60551507474783,-151.30907481822427,591.5624389648438,2.253159999847412,102.93605041503906
01.22193,pt000217,62.60551507474783,-151.3021550102383,588.4435424804688,2.966745615005493,178.48072814941406
01.22193,pt000218,62.60551507474783,-151.29523520225231,583.1441040039062,3.015500783920288,199.0230255126953
01.22193,pt000219,62.60551507474783,-151.28831539426633,577.5230102539062,2.6906819343566895,164.50474548339844
01.22193,pt000220,62.60551507474783,-151.28139558628035,564.994140625,4.0926666259765625,144.5177459716797
01.22193,pt000221,62.60551507474783,-151.27447577829437,545.1507568359375,2.0767903327941895,119.54396057128906
01.22193,pt000222,62.60551507474783,-151.2675559703084,538.0806274414062,5.941598892211914,51.20002365112305
01.22193,pt000223,62.60551507474783,-151.2606361623224,533.3695678710938,7.044743537902832,219.8421630859375
01.22193,pt000224,62.612434882733815,-151.35059366614016,722.1687622070312,23.411479949951172,32.72086715698242
01.22193,pt000225,62.612434882733815,-151.34367385815418,640.764404296875,1.918705701828003,147.80433654785156
01.22193,pt000226,62.612434882733815,-151.3367540501682,640.5293579101562,5.346168518066406,182.45870971679688
01.22193,pt000227,62.612434882733815,-151.32983424218222,635.147705078125,3.5180556774139404,162.14784240722656
01.22193,pt000228,62.612434882733815,-151.32291443419624,627.2660522460938,4.135909557342529,101.99430847167969
01.22193,pt000229,62.612434882733815,-151.31599462621026,623.8677368164062,2.5140891075134277,168.3513946533203
01.22193,pt000230,62.612434882733815,-151.30907481822427,620.3062744140625,1.8787951469421387,133.43502807617188
01.22193,pt000231,62.612434882733815,-151.3021550102383,606.5601196289062,3.233677625656128,92.63003540039062
01.22193,pt000232,62.612434882733815,-151.29523520225231,600.9874877929688,1.9497259855270386,147.52865600585938
01.22193,pt000233,62.612434882733815,-151.28831539426633,594.5703125,1.1038559675216675,117.18333435058594
01.22193,pt000234,62.612434882733815,-151.28139558628035,590.412841796875,3.350902557373047,153.44290161132812
01.22193,pt000235,62.612434882733815,-151.27447577829437,568.2259521484375,6.256143093109131,97.11077880859375
01.22193,pt000236,62.6193546907198,-151.35751347412614,687.7500610351562,5.439661026000977,90.48516845703125
01.22193,pt000237,62.6193546907198,-151.35059366614016,627.3463745117188,20.57750701904297,178.06097412109375
01.22193,pt000238,62.6193546907198,-151.34367385815418,661.2665405273438,4.922784328460693,213.46588134765625
01.22193,pt000239,62.6193546907198,-151.3367540501682,660.3853149414062,1.7617039680480957,142.67031860351562
01.22193,pt000240,62.6193546907198,-151.32983424218222,659.7496337890625,1.332956075668335,93.38086700439453
01.22193,pt000241,62.6193546907198,-151.32291443419624,665.7285766601562,2.3350424766540527,171.14166259765625
01.22193,pt000242,62.6193546907198,-151.31599462621026,658.3756103515625,4.928860187530518,165.22142028808594
01.22193,pt000243,62.6193546907198,-151.30907481822427,643.5722045898438,3.941795825958252,120.26478576660156
01.22193,pt000244,62.6193546907198,-151.3021550102383,624.8259887695312,3.4136786460876465,146.6324920654297
01.22193,pt000245,62.6193546907198,-151.29523520225231,612.2330322265625,1.362210988998413,131.3495330810547
01.22193,pt000246,62.6193546907198,-151.28831539426633,610.365966796875,7.105624675750732,64.03545379638672
01.22193,pt000247,62.6193546907198,-151.28139558628035,602.6333618164062,2.976661205291748,29.16179084777832
01.22193,pt000248,62.62627449870579,-151.35751347412614,676.421875,4.155244827270508,289.30462646484375
01.22193,pt000249,62.62627449870579,-151.35059366614016,680.240478515625,1.5700019598007202,65.73887634277344
01.22193,pt000250,62.62627449870579,-151.34367385815418,685.1272583007812,2.4222495555877686,57.285858154296875
01.22193,pt000251,62.62627449870579,-151.3367540501682,688.9517211914062,2.35056734085083,231.80108642578125
01.22193,pt000252,62.62627449870579,-151.32983424218222,695.6336059570312,1.9946540594100952,167.00535583496094
01.22193,pt000253,62.62627449870579,-151.32291443419624,690.9832763671875,3.2208776473999023,77.25312042236328
01.22193,pt000254,62.62627449870579,-151.31599462621026,680.2651977539062,2.8543951511383057,66.90145111083984
01.22193,pt000255,62.62627449870579,-151.30907481822427,671.8760986328125,1.4830899238586426,192.1327667236328
01.22193,pt000256,62.62627449870579,-151.3021550102383,662.0680541992188,4.677742004394531,135.2780303955078
01.22193,pt000257,62.62627449870579,-151.29523520225231,640.368896484375,1.9027352333068848,145.71090698242188
01.22193,pt000258,62.62627449870579,-151.28831539426633,593.4760131835938,10.376046180725098,246.56195068359375
01.22193,pt000259,62.63319430669178,-151.36443328211212,726.1287231445312,5.589087009429932,58.14452362060547
01.22193,pt000260,62.63319430669178,-151.35751347412614,724.0533447265625,8.326265335083008,209.1902618408203
01.22193,pt000261,62.63319430669178,-151.35059366614016,720.4766235351562,5.550952911376953,185.99574279785156
01.22193,pt000262,62.63319430669178,-151.34367385815418,713.0328979492188,4.780081272125244,175.32933044433594
01.22193,pt000263,62.63319430669178,-151.3367540501682,713.9974365234375,1.9655673503875732,189.10928344726562
01.22193,pt000264,62.63319430669178,-151.32983424218222,710.677490234375,2.7338833808898926,206.9974822998047
01.22193,pt000265,62.63319430669178,-151.32291443419624,697.762939453125,3.1513569355010986,167.3483428955078
01.22193,pt000266,62.63319430669178,-151.31599462621026,682.0440063476562,1.6144555807113647,184.34225463867188
01.22193,pt000267,62.63319430669178,-151.30907481822427,676.6382446289062,3.5263659954071045,193.1602325439453
01.22193,pt000268,62.63319430669178,-151.3021550102383,662.259033203125,4.679886817932129,87.52963256835938
01.22193,pt000269,62.640114114677765,-151.37827289808408,779.2828979492188,5.158059597015381,119.7579345703125
01.22193,pt000270,62.640114114677765,-151.3713530900981,767.3755493164062,3.585642099380493,164.52381896972656
01.22193,pt000271,62.640114114677765,-151.36443328211212,761.7039184570312,4.107907772064209,148.44827270507812
01.22193,pt000272,62.640114114677765,-151.35751347412614,758.4631958007812,3.2660443782806396,185.13978576660156
01.22193,pt000273,62.640114114677765,-151.35059366614016,760.2325439453125,2.14656138420105,116.47856903076172
01.22193,pt000274,62.640114114677765,-151.34367385815418,749.6779174804688,4.913447380065918,118.49467468261719
01.22193,pt000275,62.640114114677765,-151.3367540501682,732.6863403320312,2.381182909011841,121.96965789794922
01.22193,pt000276,62.640114114677765,-151.32983424218222,722.8884887695312,1.4407695531845093,203.0301971435547
01.22193,pt000277,62.640114114677765,-151.32291443419624,715.3093872070312,4.810360908508301,76.75086212158203
01.22193,pt000278,62.640114114677765,-151.31599462621026,701.059814453125,2.5334975719451904,156.1002197265625
01.22193,pt000279,62.640114114677765,-151.30907481822427,682.3242797851562,6.086545944213867,99.16901397705078
01.22193,pt000280,62.64703392266375,-151.39211251405604,789.90576171875,9.993745803833008,234.9725341796875
01.22193,pt000281,62.64703392266375,-151.38519270607006,796.2877197265625,1.3332223892211914,117.71969604492188
01.22193,pt000282,62.64703392266375,-151.37827289808408,793.9308471679688,4.885585784912109,225.9234161376953
01.22193,pt000283,62.64703392266375,-151.3713530900981,793.2144775390625,1.1179547309875488,81.51507568359375
01.22193,pt000284,62.64703392266375,-151.36443328211212,796.2069091796875,0.8225317597389221,29.89890480041504
01.22193,pt000285,62.64703392266375,-151.35751347412614,790.409423828125,2.0152955055236816,108.22819519042969
01.22193,pt000286,62.64703392266375,-151.35059366614016,776.6372680664062,2.3951480388641357,127.19164276123047
01.22193,pt000287,62.64703392266375,-151.34367385815418,757.3458251953125,4.280302047729492,103.48651123046875
01.22193,pt000288,62.64703392266375,-151.3367540501682,744.5927124023438,2.797426700592041,88.0712661743164
01.22193,pt000289,62.64703392266375,-151.32983424218222,734.4461059570312,2.790945291519165,109.88743591308594
01.22193,pt000290,62.64703392266375,-151.32291443419624,724.2437133789062,5.864512920379639,45.189022064208984
01.22193,pt000291,62.65395373064974,-151.41287193801398,778.8922119140625,1.6641738414764404,167.0330047607422
01.22193,pt000292,62.65395373064974,-151.405952130028,795.2435913085938,10.577681541442871,252.34165954589844
01.22193,pt000293,62.65395373064974,-151.39903232204202,812.3683471679688,4.533989906311035,170.6092987060547
01.22193,pt000294,62.65395373064974,-151.39211251405604,816.2366943359375,2.1310203075408936,185.074951171875
01.22193,pt000295,62.65395373064974,-151.38519270607006,817.1398315429688,2.509716510772705,185.15121459960938
01.22193,pt000296,62.65395373064974,-151.37827289808408,814.1945190429688,2.776780605316162,211.45156860351562
01.22193,pt000297,62.65395373064974,-151.3713530900981,815.68798828125,2.9575185775756836,78.57244110107422
01.22193,pt000298,62.65395373064974,-151.36443328211212,809.5714721679688,1.7300915718078613,113.15817260742188
01.22193,pt000299,62.65395373064974,-151.35751347412614,799.0872802734375,2.2531063556671143,86.23854064941406
01.22193,pt000300,62.65395373064974,-151.35059366614016,793.7696533203125,6.333011627197266,50.97014617919922
01.22193,pt000301,62.65395373064974,-151.34367385815418,766.7953491210938,8.687532424926758,115.20088958740234
01.22193,pt000302,62.65395373064974,-151.3367540501682,735.5568237304688,8.583074569702148,53.17771911621094
01.22193,pt000303,62.66087353863573,-151.405952130028,850.1326904296875,18.243249893188477,85.58403778076172
01.22193,pt000304,62.66087353863573,-151.39903232204202,840.91748046875,2.926723003387451,179.6274871826172
01.22193,pt000305,62.66087353863573,-151.39211251405604,844.9633178710938,1.734763264656067,157.59690856933594
01.22193,pt000306,62.66087353863573,-151.38519270607006,847.8819580078125,3.5927374362945557,187.47438049316406
01.22193,pt000307,62.66087353863573,-151.37827289808408,844.1067504882812,2.141326904296875,164.9005584716797
01.22193,pt000308,62.66087353863573,-151.3713530900981,833.7870483398438,1.4020380973815918,146.91925048828125
01.22193,pt000309,62.66087353863573,-151.36443328211212,826.5728149414062,3.8941142559051514,107.1323013305664
01.22193,pt000310,62.66087353863573,-151.35751347412614,807.11767578125,2.49961256980896,129.9697265625
01.22193,pt000311,62.66087353863573,-151.35059366614016,798.545654296875,1.8721752166748047,102.86802673339844
01.22193,pt000312,62.66087353863573,-151.34367385815418,807.0910034179688,22.693561553955078,200.3008270263672
01.22193,pt000313,62.66087353863573,-151.3367540501682,792.6536254882812,4.596417427062988,50.31062316894531
01.22193,pt000314,62.667793346621714,-151.41287193801398,895.7328491210938,20.217649459838867,74.078125
01.22193,pt000315,62.667793346621714,-151.405952130028,874.5200805664062,1.642619013786316,103.25346374511719
01.22193,pt000316,62.667793346621714,-151.39903232204202,870.5308227539062,1.6698267459869385,193.89308166503906
01.22193,pt000317,62.667793346621714,-151.39211251405604,872.6340942382812,3.263777017593384,221.86865234375
01.22193,pt000318,62.667793346621714,-151.38519270607006,864.537109375,1.1883026361465454,101.80420684814453
01.22193,pt000319,62.667793346621714,-151.37827289808408,851.3865356445312,1.6948477029800415,115.19766235351562
01.22193,pt000320,62.667793346621714,-151.3713530900981,845.62158203125,7.385204315185547,234.1081085205078
01.22193,pt000321,62.667793346621714,-151.36443328211212,845.3649291992188,5.4333815574646,97.77101135253906
01.22193,pt000322,62.667793346621714,-151.35751347412614,853.5902709960938,30.243999481201172,234.09280395507812
01.22193,pt000323,62.6747131546077,-151.41287193801398,888.5391235351562,1.5679587125778198,176.26698303222656
01.22193,pt000324,62.6747131546077,-151.405952130028,889.9822387695312,1.7611407041549683,147.3265380859375
01.22193,pt000325,62.6747131546077,-151.39903232204202,890.541259765625,2.0167317390441895,177.76087951660156
01.22193,pt000326,62.6747131546077,-151.39211251405604,889.7869873046875,2.930854320526123,113.02751922607422
01.22193,pt000327,62.6747131546077,-151.38519270607006,879.7044067382812,2.2836179733276367,164.29666137695312
01.22193,pt000328,62.6747131546077,-151.37827289808408,869.2567138671875,3.8981356620788574,124.51322174072266
01.22193,pt000329,62.6747131546077,-151.3713530900981,876.5016479492188,4.592414855957031,133.62994384765625
01.22193,pt000330,62.6747131546077,-151.36443328211212,903.322509765625,37.000831604003906,250.2525177001953
01.22193,pt000331,62.68163296259369,-151.41287193801398,902.6919555664062,2.2189736366271973,293.2806701660156
01.22193,pt000332,62.68163296259369,-151.405952130028,908.5684204101562,2.377615451812744,128.8439483642578
01.22193,pt000333,62.68163296259369,-151.39903232204202,911.8653564453125,1.960760474205017,233.55007934570312
01.22193,pt000334,62.68163296259369,-151.39211251405604,916.1203002929688,2.7573935985565186,138.340087890625
01.22193,pt000335,62.68163296259369,-151.38519270607006,915.6614990234375,3.1339282989501953,189.09205627441406
01.22193,pt000336,62.68163296259369,-151.37827289808408,918.177490234375,4.659780979156494,158.23243713378906
01.22193,pt000337,62.68163296259369,-151.3713530900981,921.4512939453125,3.770545721054077,140.28074645996094
01.22193,pt000338,62.68163296259369,-151.36443328211212,925.1817626953125,24.61835289001465,272.8512878417969
01.22193,pt000339,62.688552770579676,-151.41287193801398,930.530029296875,7.9320502281188965,286.2563781738281
01.22193,pt000340,62.688552770579676,-151.405952130028,923.1603393554688,0.6452199220657349,190.88668823242188
01.22193,pt000341,62.688552770579676,-151.39903232204202,929.296875,2.0374834537506104,271.6988525390625
01.22193,pt000342,62.688552770579676,-151.39211251405604,938.0881958007812,2.2257161140441895,173.60130310058594
01.22193,pt000343,62.688552770579676,-151.38519270607006,950.2205810546875,2.878415107727051,246.5099334716797
01.22193,pt000344,62.688552770579676,-151.37827289808408,961.6450805664062,2.337967872619629,204.79998779296875
01.22193,pt000345,62.688552770579676,-151.3713530900981,965.3468017578125,4.0075554847717285,172.5862274169922
01.22193,pt000346,62.688552770579676,-151.36443328211212,965.8518676757812,4.915528297424316,177.25790405273438
01.22193,pt000347,62.688552770579676,-151.35751347412614,966.2667236328125,3.2682676315307617,154.94728088378906
01.22193,pt000348,62.688552770579676,-151.3021550102383,1616.5133056640625,23.425142288208008,356.63690185546875
01.22193,pt000349,62.688552770579676,-151.29523520225231,1641.4918212890625,37.12790298461914,314.2361755371094
01.22193,pt000350,62.688552770579676,-151.18451827447663,1895.6346435546875,21.077272415161133,6.539687156677246
01.22193,pt000351,62.69547257856566,-151.405952130028,953.5740966796875,18.390682220458984,119.23572540283203
01.22193,pt000352,62.69547257856566,-151.39903232204202,940.226806640625,1.5529128313064575,165.4090576171875
01.22193,pt000353,62.69547257856566,-151.39211251405604,948.0858764648438,1.7467303276062012,194.26913452148438
01.22193,pt000354,62.69547257856566,-151.38519270607006,963.3670043945312,2.3847949504852295,249.02845764160156
01.22193,pt000355,62.69547257856566,-151.37827289808408,970.2232666015625,1.9693593978881836,184.31663513183594
01.22193,pt000356,62.69547257856566,-151.3713530900981,982.4000244140625,0.9728353023529053,207.77896118164062
01.22193,pt000357,62.69547257856566,-151.36443328211212,986.04736328125,0.9361355304718018,235.99656677246094
01.22193,pt000358,62.69547257856566,-151.35751347412614,990.22216796875,3.3773505687713623,186.9248809814453
01.22193,pt000359,62.69547257856566,-151.35059366614016,992.2128295898438,2.0645227432250977,235.681396484375
01.22193,pt000360,62.69547257856566,-151.34367385815418,1013.36181640625,17.42282485961914,315.784912109375
01.22193,pt000361,62.69547257856566,-151.30907481822427,1445.8131103515625,54.784610748291016,80.52197265625
01.22193,pt000362,62.69547257856566,-151.3021550102383,1377.1661376953125,7.296826362609863,272.5974426269531
01.22193,pt000363,62.69547257856566,-151.29523520225231,1581.92333984375,54.90827941894531,330.1925048828125
01.22193,pt000364,62.69547257856566,-151.28139558628035,1928.111572265625,12.610730171203613,69.9786148071289
01.22193,pt000365,62.69547257856566,-151.27447577829437,1895.3782958984375,15.874382972717285,356.4018249511719
01.22193,pt000366,62.69547257856566,-151.2675559703084,2023.4208984375,17.18789291381836,265.4939880371094
01.22193,pt000367,62.69547257856566,-151.2606361623224,2070.11669921875,20.724472045898438,347.0210266113281
01.22193,pt000368,62.69547257856566,-151.25371635433643,2123.875,41.17718505859375,8.374139785766602
01.22193,pt000369,62.69547257856566,-151.21219750642055,1822.7548828125,41.851219177246094,81.40071105957031
01.22193,pt000370,62.69547257856566,-151.20527769843457,1777.4732666015625,50.50181198120117,14.348478317260742
01.22193,pt000371,62.69547257856566,-151.1983578904486,1729.280517578125,12.746408462524414,16.87425422668457
01.22193,pt000372,62.69547257856566,-151.1914380824626,1731.7279052734375,4.517148494720459,285.24114990234375
01.22193,pt000373,62.69547257856566,-151.18451827447663,1760.4962158203125,14.59785270690918,245.77090454101562
01.22193,pt000374,62.69547257856566,-151.17759846649065,1824.982666015625,8.90195083618164,293.0836181640625
01.22193,pt000375,62.70239238655165,-151.39211251405604,974.4761962890625,8.802031517028809,153.5380859375
01.22193,pt000376,62.70239238655165,-151.38519270607006,988.4519653320312,2.576957941055298,232.564208984375
01.22193,pt000377,62.70239238655165,-151.37827289808408,996.1088256835938,1.8585457801818848,160.4285888671875
01.22193,pt000378,62.70239238655165,-151.3713530900981,997.116455078125,2.1555094718933105,166.94749450683594
01.22193,pt000379,62.70239238655165,-151.36443328211212,1000.0695190429688,2.897444009780884,284.0191345214844
01.22193,pt000380,62.70239238655165,-151.35751347412614,1010.3446044921875,1.7160223722457886,201.93104553222656
01.22193,pt000381,62.70239238655165,-151.35059366614016,1015.5322875976562,1.7101973295211792,183.0105438232422
01.22193,pt000382,62.70239238655165,-151.34367385815418,1023.1524047851562,3.2244865894317627,183.58230590820312
01.22193,pt000383,62.70239238655165,-151.3367540501682,1029.1612548828125,2.171236038208008,238.21444702148438
01.22193,pt000384,62.70239238655165,-151.32983424218222,1035.4173583984375,13.962081909179688,330.7823486328125
01.22193,pt000385,62.70239238655165,-151.32291443419624,1097.1107177734375,26.315279006958008,326.45623779296875
01.22193,pt000386,62.70239238655165,-151.31599462621026,1214.232177734375,10.47035026550293,275.55706787109375
01.22193,pt000387,62.70239238655165,-151.30907481822427,1249.859619140625,8.746639251708984,317.8138732910156
01.22193,pt000388,62.70239238655165,-151.3021550102383,1311.674072265625,28.784278869628906,240.21920776367188
01.22193,pt000389,62.70239238655165,-151.27447577829437,1704.4451904296875,24.87404441833496,351.7432556152344
01.22193,pt000390,62.70239238655165,-151.2675559703084,1924.7720947265625,44.5839958190918,83.07553100585938
01.22193,pt000391,62.70239238655165,-151.2606361623224,1806.5396728515625,3.8402962684631348,15.925459861755371
01.22193,pt000392,62.70239238655165,-151.25371635433643,1829.5804443359375,4.531733512878418,254.53878784179688
01.22193,pt000393,62.70239238655165,-151.24679654635045,1834.3748779296875,2.0311484336853027,77.06160736083984
01.22193,pt000394,62.70239238655165,-151.23987673836447,1825.33349609375,9.997455596923828,316.03228759765625
01.22193,pt000395,62.70239238655165,-151.2329569303785,1871.3408203125,17.0609130859375,261.6338195800781
01.22193,pt000396,62.70239238655165,-151.2260371223925,2118.163818359375,57.1800537109375,318.66949462890625
01.22193,pt000397,62.70239238655165,-151.21219750642055,1679.0299072265625,19.63336181640625,68.70541381835938
01.22193,pt000398,62.70239238655165,-151.20527769843457,1662.9510498046875,5.702367782592773,350.27886962890625
01.22193,pt000399,62.70239238655165,-151.1983578904486,1685.93017578125,17.421804428100586,290.9293518066406
01.22193,pt000400,62.70239238655165,-151.1914380824626,1766.37353515625,12.745680809020996,234.79505920410156
01.22193,pt000401,62.70239238655165,-151.18451827447663,1886.6810302734375,35.759796142578125,308.794921875
01.22193,pt000402,62.70931219453764,-151.38519270607006,1049.071044921875,14.298418045043945,169.58590698242188
01.22193,pt000403,62.70931219453764,-151.37827289808408,1007.822509765625,2.526754140853882,260.8459167480469
01.22193,pt000404,62.70931219453764,-151.3713530900981,1015.0223388671875,3.345926523208618,289.8074645996094
01.22193,pt000405,62.70931219453764,-151.36443328211212,1019.65185546875,2.01142954826355,225.64117431640625
01.22193,pt000406,62.70931219453764,-151.35751347412614,1027.6783447265625,3.435964584350586,263.3945617675781
01.22193,pt000407,62.70931219453764,-151.35059366614016,1037.0972900390625,2.174427032470703,251.574951171875
01.22193,pt000408,62.70931219453764,-151.34367385815418,1040.7786865234375,2.5894792079925537,174.673095703125
01.22193,pt000409,62.70931219453764,-151.3367540501682,1041.7120361328125,2.1000149250030518,208.61961364746094
01.22193,pt000410,62.70931219453764,-151.32983424218222,1052.4739990234375,3.5045251846313477,206.71038818359375
01.22193,pt000411,62.70931219453764,-151.32291443419624,1064.4447021484375,10.68847370147705,259.6877746582031
01.22193,pt000412,62.70931219453764,-151.3021550102383,1213.6409912109375,21.450775146484375,8.396078109741211
01.22193,pt000413,62.70931219453764,-151.29523520225231,1230.983154296875,16.650554656982422,359.4263610839844
01.22193,pt000414,62.70931219453764,-151.28831539426633,1274.22998046875,35.513484954833984,333.6513671875
01.22193,pt000415,62.70931219453764,-151.28139558628035,1374.86767578125,31.68506622314453,347.44775390625
01.22193,pt000416,62.70931219453764,-151.2675559703084,1534.138671875,23.87038230895996,357.2489929199219
01.22193,pt000417,62.70931219453764,-151.2606361623224,1697.9013671875,61.871482849121094,264.8374328613281
01.22193,pt000418,62.70931219453764,-151.2329569303785,1708.656005859375,14.536002159118652,68.04744720458984
01.22193,pt000419,62.70931219453764,-151.2260371223925,1634.7408447265625,13.34772777557373,42.002845764160156
01.22193,pt000420,62.70931219453764,-151.21911731440653,1592.807861328125,3.6478779315948486,36.52050018310547
01.22193,pt000421,62.70931219453764,-151.21219750642055,1593.42529296875,4.137035369873047,283.1454162597656
01.22193,pt000422,62.70931219453764,-151.20527769843457,1617.767822265625,6.849937915802002,312.1412658691406
01.22193,pt000423,62.70931219453764,-151.1983578904486,1698.059326171875,15.720520973205566,231.9884033203125
01.22193,pt000424,62.70931219453764,-151.1914380824626,1939.743408203125,69.50989532470703,289.0971984863281
01.22193,pt000425,62.716232002523626,-151.3713530900981,1041.5772705078125,6.055580139160156,161.06068420410156
01.22193,pt000426,62.716232002523626,-151.36443328211212,1044.2232666015625,2.408029794692993,238.73291015625
01.22193,pt000427,62.716232002523626,-151.35751347412614,1048.228515625,1.8479492664337158,181.0655517578125
01.22193,pt000428,62.716232002523626,-151.35059366614016,1061.072021484375,2.2206692695617676,195.0786895751953
01.22193,pt000429,62.716232002523626,-151.34367385815418,1067.4307861328125,2.9250142574310303,255.44845581054688
01.22193,pt000430,62.716232002523626,-151.3367540501682,1079.3135986328125,2.310680389404297,212.93408203125
01.22193,pt000431,62.716232002523626,-151.32983424218222,1082.3209228515625,3.1120223999023438,183.53208923339844
01.22193,pt000432,62.716232002523626,-151.32291443419624,1087.4720458984375,2.2622718811035156,264.34814453125
01.22193,pt000433,62.716232002523626,-151.31599462621026,1093.3514404296875,0.9723597764968872,308.2382507324219
01.22193,pt000434,62.716232002523626,-151.30907481822427,1102.3572998046875,4.548771381378174,279.8707580566406
01.22193,pt000435,62.716232002523626,-151.3021550102383,1126.21728515625,3.7622268199920654,304.4627685546875
01.22193,pt000436,62.716232002523626,-151.29523520225231,1144.56103515625,3.102689504623413,297.028564453125
01.22193,pt000437,62.716232002523626,-151.28831539426633,1155.42724609375,4.159022808074951,306.2567443847656
01.22193,pt000438,62.716232002523626,-151.28139558628035,1229.61865234375,12.76993179321289,259.9129333496094
01.22193,pt000439,62.716232002523626,-151.27447577829437,1336.789306640625,16.394603729248047,281.5301513671875
01.22193,pt000440,62.716232002523626,-151.23987673836447,1742.43115234375,35.7562255859375,352.5628967285156
01.22193,pt000441,62.716232002523626,-151.2329569303785,1520.5357666015625,6.633350372314453,341.9512023925781
01.22193,pt000442,62.716232002523626,-151.2260371223925,1535.766845703125,3.9053845405578613,307.13031005859375
01.22193,pt000443,62.716232002523626,-151.21911731440653,1551.18896484375,3.1601250171661377,329.7383728027344
01.22193,pt000444,62.716232002523626,-151.21219750642055,1585.1890869140625,9.335912704467773,244.71124267578125
01.22193,pt000445,62.716232002523626,-151.20527769843457,1662.317626953125,10.914077758789062,251.02587890625
01.22193,pt000446,62.716232002523626,-151.1983578904486,1707.323974609375,22.259029388427734,243.8478546142578
01.22193,pt000447,62.716232002523626,-151.1914380824626,1807.025390625,35.00636291503906,192.27383422851562
01.22193,pt000448,62.72315181050961,-151.3713530900981,1110.45361328125,7.26540470123291,272.57928466796875
01.22193,pt000449,62.72315181050961,-151.36443328211212,1086.898193359375,6.440565586090088,124.24706268310547
01.22193,pt000450,62.72315181050961,-151.35751347412614,1073.9873046875,6.1102776527404785,178.11517333984375
01.22193,pt000451,62.72315181050961,-151.35059366614016,1084.4532470703125,4.699599266052246,214.0937042236328
01.22193,pt000452,62.72315181050961,-151.34367385815418,1100.0584716796875,2.421365976333618,221.73715209960938
01.22193,pt000453,62.72315181050961,-151.3367540501682,1100.4273681640625,2.084975242614746,187.97109985351562
01.22193,pt000454,62.72315181050961,-151.32983424218222,1111.9365234375,3.362543821334839,277.7532958984375
01.22193,pt000455,62.72315181050961,-151.32291443419624,1113.886962890625,1.5083969831466675,209.4203338623047
01.22193,pt000456,62.72315181050961,-151.31599462621026,1118.7752685546875,1.3765113353729248,264.4208679199219
01.22193,pt000457,62.72315181050961,-151.30907481822427,1123.8165283203125,2.0672478675842285,281.5776672363281
01.22193,pt000458,62.72315181050961,-151.3021550102383,1128.9847412109375,1.0825519561767578,146.30841064453125
01.22193,pt000459,62.72315181050961,-151.29523520225231,1126.760009765625,2.8066442012786865,187.169677734375
01.22193,pt000460,62.72315181050961,-151.27447577829437,1352.0455322265625,6.141713619232178,328.02972412109375
01.22193,pt000461,62.72315181050961,-151.2675559703084,1401.591552734375,6.689302444458008,350.69232177734375
01.22193,pt000462,62.72315181050961,-151.24679654635045,1431.8812255859375,31.78144073486328,31.268577575683594
01.22193,pt000463,62.72315181050961,-151.23987673836447,1450.688720703125,10.062552452087402,309.15472412109375
01.22193,pt000464,62.72315181050961,-151.2329569303785,1462.1751708984375,4.649127960205078,8.426294326782227
01.22193,pt000465,62.72315181050961,-151.2260371223925,1475.239990234375,3.253976345062256,326.60272216796875
01.22193,pt000466,62.72315181050961,-151.21911731440653,1494.8544921875,4.429226398468018,238.8831787109375
01.22193,pt000467,62.72315181050961,-151.21219750642055,1560.8897705078125,24.5324649810791,259.89093017578125
01.22193,pt000468,62.72315181050961,-151.20527769843457,1670.8079833984375,49.53872299194336,320.10247802734375
01.22193,pt000469,62.72315181050961,-151.1983578904486,2015.9964599609375,21.93878746032715,282.4918518066406
01.22193,pt000470,62.7300716184956,-151.35751347412614,1115.9774169921875,10.1444730758667,111.16747283935547
01.22193,pt000471,62.7300716184956,-151.35059366614016,1104.7119140625,3.033963680267334,259.44329833984375
01.22193,pt000472,62.7300716184956,-151.34367385815418,1117.69775390625,2.5449888706207275,290.3518371582031
01.22193,pt000473,62.7300716184956,-151.3367540501682,1120.6815185546875,1.8510160446166992,300.0696105957031
01.22193,pt000474,62.7300716184956,-151.32983424218222,1122.579345703125,1.8522939682006836,178.42636108398438
01.22193,pt000475,62.7300716184956,-151.32291443419624,1133.7955322265625,1.0098849534988403,305.3525085449219
01.22193,pt000476,62.7300716184956,-151.31599462621026,1139.8203125,1.594469428062439,175.15054321289062
01.22193,pt000477,62.7300716184956,-151.30907481822427,1140.54833984375,1.1088860034942627,255.33401489257812
01.22193,pt000478,62.7300716184956,-151.3021550102383,1144.697021484375,1.6658512353897095,218.56414794921875
01.22193,pt000479,62.7300716184956,-151.29523520225231,1147.1639404296875,1.027338981628418,194.1718292236328
01.22193,pt000480,62.7300716184956,-151.28831539426633,1152.0528564453125,6.632882118225098,246.38998413085938
01.22193,pt000481,62.7300716184956,-151.28139558628035,1175.3798828125,5.621715545654297,267.58062744140625
01.22193,pt000482,62.7300716184956,-151.27447577829437,1221.09619140625,8.640656471252441,245.03627014160156
01.22193,pt000483,62.7300716184956,-151.2675559703084,1273.249755859375,6.332221031188965,329.1449890136719
01.22193,pt000484,62.7300716184956,-151.2606361623224,1313.4417724609375,8.058938026428223,285.1408996582031
01.22193,pt000485,62.7300716184956,-151.25371635433643,1336.56103515625,4.805360794067383,258.66558837890625
01.22193,pt000486,62.7300716184956,-151.24679654635045,1369.54638671875,5.742928981781006,300.5015869140625
01.22193,pt000487,62.7300716184956,-151.23987673836447,1386.6693115234375,4.674413681030273,352.3277893066406
01.22193,pt000488,62.7300716184956,-151.2329569303785,1398.692626953125,7.936443328857422,337.8572082519531
01.22193,pt000489,62.7300716184956,-151.21219750642055,1611.8232421875,26.739402770996094,150.449462890625
01.22193,pt000490,62.7300716184956,-151.20527769843457,1618.653564453125,5.870144367218018,228.70484924316406
01.22193,pt000491,62.7300716184956,-151.1983578904486,1648.94140625,12.373493194580078,274.1740417480469
01.22193,pt000492,62.7300716184956,-151.1914380824626,1687.1322021484375,0.9154811501502991,271.9615478515625
01.22193,pt000493,62.7300716184956,-151.18451827447663,1739.494140625,28.775341033935547,325.18011474609375
01.22193,pt000494,62.73699142648159,-151.35059366614016,1151.0068359375,12.477787971496582,109.94344329833984
01.22193,pt000495,62.73699142648159,-151.34367385815418,1124.5487060546875,1.9660859107971191,185.2109832763672
01.22193,pt000496,62.73699142648159,-151.3367540501682,1130.2479248046875,2.394620656967163,155.54270935058594
01.22193,pt000497,62.73699142648159,-151.32983424218222,1141.0048828125,3.5613067150115967,255.1753387451172
01.22193,pt000498,62.73699142648159,-151.32291443419624,1144.6639404296875,2.98640513420105,145.25514221191406
01.22193,pt000499,62.73699142648159,-151.31599462621026,1151.05908203125,1.15214204788208,244.87493896484375
01.22193,pt000500,62.73699142648159,-151.30907481822427,1159.47119140625,1.8914158344268799,161.770263671875
01.22193,pt000501,62.73699142648159,-151.3021550102383,1157.5496826171875,0.7788922786712646,328.1116027832031
01.22193,pt000502,62.73699142648159,-151.29523520225231,1159.1783447265625,3.007986545562744,172.9429168701172
01.22193,pt000503,62.73699142648159,-151.28831539426633,1165.8533935546875,1.17327880859375,244.000244140625
01.22193,pt000504,62.73699142648159,-151.28139558628035,1169.9805908203125,2.6843717098236084,249.8986358642578
01.22193,pt000505,62.73699142648159,-151.27447577829437,1189.44775390625,3.1214559078216553,311.9154357910156
01.22193,pt000506,62.73699142648159,-151.2675559703084,1216.2159423828125,8.293275833129883,320.9676513671875
01.22193,pt000507,62.73699142648159,-151.2606361623224,1249.9298095703125,10.123941421508789,299.1816711425781
01.22193,pt000508,62.73699142648159,-151.23987673836447,1455.757568359375,26.731586456298828,179.69497680664062
01.22193,pt000509,62.73699142648159,-151.2329569303785,1529.2086181640625,36.057533264160156,176.50926208496094
01.22193,pt000510,62.73699142648159,-151.1914380824626,1796.2568359375,51.533538818359375,166.44522094726562
01.22193,pt000511,62.73699142648159,-151.18451827447663,1806.835693359375,7.438954830169678,184.66554260253906
01.22193,pt000512,62.743911234467575,-151.35059366614016,1222.9273681640625,6.369630813598633,46.888153076171875
01.22193,pt000513,62.743911234467575,-151.34367385815418,1184.14208984375,6.790554046630859,150.39443969726562
01.22193,pt000514,62.743911234467575,-151.3367540501682,1193.6319580078125,1.691793441772461,151.1548309326172
01.22193,pt000515,62.743911234467575,-151.32983424218222,1185.7606201171875,3.5491209030151367,113.04998016357422
01.22193,pt000516,62.743911234467575,-151.32291443419624,1179.8360595703125,2.6164662837982178,147.01602172851562
01.22193,pt000517,62.743911234467575,-151.31599462621026,1161.6739501953125,3.366692543029785,108.01219940185547
01.22193,pt000518,62.743911234467575,-151.30907481822427,1163.0045166015625,1.7458817958831787,140.4608917236328
01.22193,pt000519,62.743911234467575,-151.3021550102383,1166.4532470703125,0.792473554611206,175.26551818847656
01.22193,pt000520,62.743911234467575,-151.29523520225231,1167.77734375,2.341075897216797,137.29747009277344
01.22193,pt000521,62.743911234467575,-151.28831539426633,1167.0130615234375,5.950450420379639,268.6391296386719
01.22193,pt000522,62.743911234467575,-151.28139558628035,1173.8975830078125,2.3168528079986572,224.46133422851562
01.22193,pt000523,62.743911234467575,-151.2260371223925,1746.5184326171875,33.128746032714844,165.9630126953125
01.22193,pt000524,62.743911234467575,-151.21911731440653,1827.7548828125,42.56413650512695,212.9439239501953
01.22193,pt000525,62.743911234467575,-151.20527769843457,1735.4593505859375,19.117584228515625,20.818880081176758
01.22193,pt000526,62.743911234467575,-151.1983578904486,1707.2469482421875,23.894479751586914,17.501073837280273
01.22193,pt000527,62.743911234467575,-151.1914380824626,1707.8798828125,16.952133178710938,356.7615661621094
01.22193,pt000528,62.743911234467575,-151.18451827447663,1729.7626953125,13.932194709777832,346.8764343261719
01.22193,pt000529,62.743911234467575,-151.17759846649065,1800.8531494140625,43.82946014404297,327.5927734375
01.22193,pt000530,62.75083104245356,-151.34367385815418,1197.412353515625,1.6945711374282837,172.2171173095703
01.22193,pt000531,62.75083104245356,-151.3367540501682,1202.4542236328125,0.7092742323875427,187.00938415527344
01.22193,pt000532,62.75083104245356,-151.32983424218222,1200.6888427734375,1.5711634159088135,137.3072509765625
01.22193,pt000533,62.75083104245356,-151.32291443419624,1198.1842041015625,0.9589115977287292,229.24850463867188
01.22193,pt000534,62.75083104245356,-151.31599462621026,1183.2012939453125,3.968801736831665,107.4661636352539
01.22193,pt000535,62.75083104245356,-151.30907481822427,1179.29443359375,1.7480958700180054,216.9100341796875
01.22193,pt000536,62.75083104245356,-151.3021550102383,1183.0916748046875,2.318824291229248,201.6204376220703
01.22193,pt000537,62.75083104245356,-151.29523520225231,1188.8421630859375,2.3930153846740723,206.338134765625
01.22193,pt000538,62.75083104245356,-151.28831539426633,1195.23486328125,3.0526156425476074,199.63482666015625
01.22193,pt000539,62.75083104245356,-151.28139558628035,1191.946044921875,1.989770531654358,215.5535888671875
01.22193,pt000540,62.75083104245356,-151.27447577829437,1234.521728515625,28.96573257446289,290.9635009765625
01.22193,pt000541,62.75083104245356,-151.25371635433643,1692.305419921875,32.1398811340332,37.86825942993164
01.22193,pt000542,62.75083104245356,-151.24679654635045,1626.8348388671875,21.11219024658203,356.0733947753906
01.22193,pt000543,62.75083104245356,-151.23987673836447,1592.19140625,33.33491134643555,2.047499418258667
01.22193,pt000544,62.75083104245356,-151.2329569303785,1733.6795654296875,35.68085479736328,322.81097412109375
01.22193,pt000545,62.75083104245356,-151.2260371223925,1659.2894287109375,46.446475982666016,22.478479385375977
01.22193,pt000546,62.75083104245356,-151.21911731440653,1600.5081787109375,5.202252388000488,43.27389144897461
01.22193,pt000547,62.75083104245356,-151.21219750642055,1617.1148681640625,4.936373233795166,318.42633056640625
01.22193,pt000548,62.75083104245356,-151.20527769843457,1643.871826171875,4.351377487182617,304.7494812011719
01.22193,pt000549,62.75083104245356,-151.1983578904486,1666.1571044921875,4.988691806793213,290.2221984863281
01.22193,pt000550,62.75083104245356,-151.1914380824626,1691.0177001953125,7.236897945404053,260.78900146484375
01.22193,pt000551,62.75083104245356,-151.18451827447663,1749.04638671875,3.8751540184020996,154.20033264160156
01.22193,pt000552,62.75083104245356,-151.17759846649065,1759.2783203125,7.666158199310303,233.37608337402344
01.22193,pt000553,62.75083104245356,-151.17067865850467,1777.496337890625,5.160560131072998,175.8780517578125
01.22193,pt000554,62.75083104245356,-151.1637588505187,1809.7171630859375,11.968931198120117,302.1938781738281
01.22193,pt000555,62.75775085043955,-151.34367385815418,1205.302734375,3.9120285511016846,158.40489196777344
01.22193,pt000556,62.75775085043955,-151.3367540501682,1207.240234375,1.2765743732452393,75.81441497802734
01.22193,pt000557,62.75775085043955,-151.32983424218222,1207.6395263671875,1.873569369316101,241.32635498046875
01.22193,pt000558,62.75775085043955,-151.32291443419624,1206.4801025390625,1.1041138172149658,158.0576934814453
01.22193,pt000559,62.75775085043955,-151.31599462621026,1199.2783203125,2.36574125289917,157.43817138671875
01.22193,pt000560,62.75775085043955,-151.30907481822427,1204.4259033203125,2.4892756938934326,198.25791931152344
01.22193,pt000561,62.75775085043955,-151.3021550102383,1219.445556640625,2.8461410999298096,206.0571746826172
01.22193,pt000562,62.75775085043955,-151.29523520225231,1224.7298583984375,2.5282468795776367,175.82394409179688
01.22193,pt000563,62.75775085043955,-151.28831539426633,1223.9825439453125,2.7302818298339844,210.65853881835938
01.22193,pt000564,62.75775085043955,-151.28139558628035,1221.400390625,3.020693302154541,123.38733673095703
01.22193,pt000565,62.75775085043955,-151.27447577829437,1225.03564453125,3.804299831390381,210.6005401611328
01.22193,pt000566,62.75775085043955,-151.25371635433643,1329.288818359375,12.485828399658203,235.26930236816406
01.22193,pt000567,62.75775085043955,-151.24679654635045,1366.9412841796875,4.4253435134887695,316.7320861816406
01.22193,pt000568,62.75775085043955,-151.23987673836447,1415.9688720703125,8.615480422973633,268.6214904785156
01.22193,pt000569,62.75775085043955,-151.2329569303785,1443.6082763671875,1.4271105527877808,255.12933349609375
01.22193,pt000570,62.75775085043955,-151.2260371223925,1498.3895263671875,10.825502395629883,267.79718017578125
01.22193,pt000571,62.75775085043955,-151.21911731440653,1540.2823486328125,5.345216274261475,329.67730712890625
01.22193,pt000572,62.75775085043955,-151.21219750642055,1554.8204345703125,4.894882678985596,8.507109642028809
01.22193,pt000573,62.75775085043955,-151.20527769843457,1678.4619140625,26.669641494750977,244.6237030029297
01.22193,pt000574,62.75775085043955,-151.1983578904486,1798.40185546875,15.89700698852539,249.3595428466797
01.22193,pt000575,62.75775085043955,-151.1914380824626,1890.4993896484375,19.038476943969727,236.71444702148438
01.22193,pt000576,62.75775085043955,-151.18451827447663,1869.090576171875,9.005970001220703,106.30278778076172
01.22193,pt000577,62.75775085043955,-151.17759846649065,1849.37158203125,14.846302032470703,163.44021606445312
01.22193,pt000578,62.75775085043955,-151.17067865850467,1817.74267578125,12.529946327209473,169.3367462158203
01.22193,pt000579,62.75775085043955,-151.1568390425327,2174.205078125,44.73587417602539,317.43975830078125
01.22193,pt000580,62.76467065842554,-151.3367540501682,1224.9912109375,1.7566030025482178,185.39239501953125
01.22193,pt000581,62.76467065842554,-151.32983424218222,1228.8963623046875,2.124302864074707,174.75193786621094
01.22193,pt000582,62.76467065842554,-151.32291443419624,1229.5404052734375,1.3826960325241089,180.0525665283203
01.22193,pt000583,62.76467065842554,-151.31599462621026,1231.6241455078125,2.6830835342407227,226.50267028808594
01.22193,pt000584,62.76467065842554,-151.30907481822427,1231.586669921875,2.0811421871185303,184.98316955566406
01.22193,pt000585,62.76467065842554,-151.3021550102383,1238.4512939453125,1.1368062496185303,181.95298767089844
01.22193,pt000586,62.76467065842554,-151.29523520225231,1244.3836669921875,1.4896875619888306,192.11073303222656
01.22193,pt000587,62.76467065842554,-151.28831539426633,1247.497314453125,0.9656867384910583,90.04620361328125
01.22193,pt000588,62.76467065842554,-151.28139558628035,1248.3375244140625,0.6854527592658997,181.4020233154297
01.22193,pt000589,62.76467065842554,-151.27447577829437,1245.172119140625,4.13493013381958,142.5901641845703
01.22193,pt000590,62.76467065842554,-151.2675559703084,1250.5421142578125,2.4195549488067627,264.6609191894531
01.22193,pt000591,62.76467065842554,-151.2606361623224,1264.525634765625,3.996464967727661,276.14019775390625
01.22193,pt000592,62.76467065842554,-151.25371635433643,1308.1341552734375,11.224987983703613,308.1914367675781
01.22193,pt000593,62.76467065842554,-151.24679654635045,1354.9464111328125,27.98137855529785,213.21444702148438
01.22193,pt000594,62.76467065842554,-151.21219750642055,1646.2755126953125,6.9381890296936035,232.66387939453125
01.22193,pt000595,62.76467065842554,-151.20527769843457,1707.936279296875,13.190308570861816,254.91937255859375
01.22193,pt000596,62.76467065842554,-151.1983578904486,1811.7674560546875,12.811380386352539,18.92828369140625
01.22193,pt000597,62.76467065842554,-151.1914380824626,1853.4761962890625,18.244401931762695,294.445068359375
01.22193,pt000598,62.76467065842554,-151.17759846649065,1936.515625,19.53648567199707,154.8434600830078
01.22193,pt000599,62.76467065842554,-151.17067865850467,1929.9970703125,5.416741847991943,254.5443115234375
01.22193,pt000600,62.76467065842554,-151.1637588505187,1951.552978515625,3.9049646854400635,195.45211791992188
01.22193,pt000601,62.771590466411524,-151.32983424218222,1238.9884033203125,1.4032171964645386,258.5477294921875
01.22193,pt000602,62.771590466411524,-151.32291443419624,1248.54833984375,2.4140968322753906,253.1373748779297
01.22193,pt000603,62.771590466411524,-151.31599462621026,1256.361083984375,2.014824151992798,215.9261932373047
01.22193,pt000604,62.771590466411524,-151.30907481822427,1258.0369873046875,1.7500048875808716,164.8812255859375
01.22193,pt000605,62.771590466411524,-151.3021550102383,1254.420166015625,1.4036494493484497,167.6558074951172
01.22193,pt000606,62.771590466411524,-151.29523520225231,1256.114990234375,1.5696789026260376,192.006591796875
01.22193,pt000607,62.771590466411524,-151.28831539426633,1255.8182373046875,0.9128268361091614,107.7713394165039
01.22193,pt000608,62.771590466411524,-151.28139558628035,1252.273681640625,2.6088788509368896,133.8003692626953
01.22193,pt000609,62.771590466411524,-151.27447577829437,1247.1878662109375,2.214733839035034,258.0155029296875
01.22193,pt000610,62.771590466411524,-151.2675559703084,1249.96923828125,3.5619421005249023,277.02520751953125
01.22193,pt000611,62.771590466411524,-151.21219750642055,2060.26416015625,32.983985900878906,331.22100830078125
01.22193,pt000612,62.771590466411524,-151.1983578904486,1986.331298828125,20.081693649291992,46.39640808105469
01.22193,pt000613,62.771590466411524,-151.1914380824626,1790.9403076171875,47.301307678222656,56.778018951416016
01.22193,pt000614,62.771590466411524,-151.18451827447663,1824.671142578125,31.04479217529297,246.76580810546875
01.22193,pt000615,62.771590466411524,-151.17759846649065,2065.925048828125,26.395557403564453,9.760066986083984
01.22193,pt000616,62.771590466411524,-151.17067865850467,1957.888427734375,36.5916748046875,49.450294494628906
01.22193,pt000617,62.771590466411524,-151.1637588505187,1955.110595703125,24.219356536865234,6.190090656280518
01.22193,pt000618,62.771590466411524,-151.1568390425327,2029.025146484375,34.1473388671875,335.9885559082031
01.22193,pt000619,62.77851027439751,-151.32983424218222,1254.5491943359375,4.029244422912598,167.293701171875
01.22193,pt000620,62.77851027439751,-151.32291443419624,1267.5848388671875,2.9232938289642334,247.59532165527344
01.22193,pt000621,62.77851027439751,-151.31599462621026,1275.58056640625,1.0148320198059082,255.5811767578125
01.22193,pt000622,62.77851027439751,-151.30907481822427,1275.6136474609375,0.6538205742835999,127.55462646484375
01.22193,pt000623,62.77851027439751,-151.3021550102383,1272.9345703125,1.5995022058486938,211.6393280029297
01.22193,pt000624,62.77851027439751,-151.29523520225231,1274.579833984375,1.7621062994003296,154.67752075195312
01.22193,pt000625,62.77851027439751,-151.28831539426633,1276.618896484375,1.7006999254226685,160.38990783691406
01.22193,pt000626,62.77851027439751,-151.28139558628035,1275.890869140625,1.4313594102859497,174.28414916992188
01.22193,pt000627,62.77851027439751,-151.27447577829437,1272.220458984375,1.5104224681854248,179.7270965576172
01.22193,pt000628,62.77851027439751,-151.2675559703084,1270.708251953125,1.7029601335525513,150.18194580078125
01.22193,pt000629,62.77851027439751,-151.2606361623224,1295.5230712890625,24.700864791870117,286.34429931640625
01.22193,pt000630,62.77851027439751,-151.2260371223925,1587.43359375,39.66933059692383,355.3681945800781
01.22193,pt000631,62.77851027439751,-151.1983578904486,1638.110107421875,6.305503845214844,5.663893222808838
01.22193,pt000632,62.77851027439751,-151.1914380824626,1647.0396728515625,3.5100252628326416,351.0461730957031
01.22193,pt000633,62.77851027439751,-151.18451827447663,1669.6024169921875,7.223879337310791,283.97711181640625
01.22193,pt000634,62.77851027439751,-151.17759846649065,1719.66552734375,5.7634406089782715,267.5590515136719
01.22193,pt000635,62.77851027439751,-151.17067865850467,1753.910400390625,5.7852983474731445,281.7060546875
01.22193,pt000636,62.77851027439751,-151.1637588505187,1788.521484375,3.28238582611084,206.90675354003906
01.22193,pt000637,62.77851027439751,-151.1568390425327,1811.2086181640625,4.582056522369385,231.98287963867188
01.22193,pt000638,62.77851027439751,-151.14991923454673,1834.4400634765625,3.454645872116089,262.78155517578125
01.22193,pt000639,62.77851027439751,-151.14299942656075,1919.950927734375,40.4200325012207,269.1020202636719
01.22193,pt000640,62.7854300823835,-151.32291443419624,1268.7222900390625,1.6734404563903809,254.2021942138672
01.22193,pt000641,62.7854300823835,-151.31599462621026,1279.8447265625,0.5187329649925232,109.51663970947266
01.22193,pt000642,62.7854300823835,-151.30907481822427,1283.1317138671875,1.2201756238937378,290.9306945800781
01.22193,pt000643,62.7854300823835,-151.3021550102383,1290.812744140625,2.3300094604492188,204.34521484375
01.22193,pt000644,62.7854300823835,-151.29523520225231,1291.5091552734375,1.9973058700561523,129.71421813964844
01.22193,pt000645,62.7854300823835,-151.28831539426633,1288.5731201171875,1.0698084831237793,137.66734313964844
01.22193,pt000646,62.7854300823835,-151.28139558628035,1284.4346923828125,1.1653026342391968,156.43141174316406
01.22193,pt000647,62.7854300823835,-151.27447577829437,1284.5447998046875,2.345858335494995,106.42513275146484
01.22193,pt000648,62.7854300823835,-151.2675559703084,1286.1983642578125,3.3972902297973633,136.47430419921875
01.22193,pt000649,62.7854300823835,-151.2606361623224,1292.317138671875,5.195686340332031,286.5282287597656
01.22193,pt000650,62.7854300823835,-151.25371635433643,1315.2567138671875,1.7758543491363525,231.6924591064453
01.22193,pt000651,62.7854300823835,-151.24679654635045,1329.5140380859375,2.692016839981079,220.62254333496094
01.22193,pt000652,62.7854300823835,-151.23987673836447,1349.1015625,5.515602111816406,235.10096740722656
01.22193,pt000653,62.7854300823835,-151.2329569303785,1374.485595703125,4.745425701141357,327.50775146484375
01.22193,pt000654,62.7854300823835,-151.2260371223925,1408.010986328125,7.720692157745361,273.91033935546875
01.22193,pt000655,62.7854300823835,-151.21911731440653,1436.5233154296875,18.842195510864258,276.5726623535156
01.22193,pt000656,62.7854300823835,-151.21219750642055,1524.1175537109375,10.494418144226074,329.27239990234375
01.22193,pt000657,62.7854300823835,-151.20527769843457,1575.0115966796875,4.958584785461426,289.34112548828125
01.22193,pt000658,62.7854300823835,-151.1983578904486,1593.263427734375,11.789987564086914,252.2494659423828
01.22193,pt000659,62.7854300823835,-151.1637588505187,1890.0220947265625,17.096101760864258,179.3968505859375
01.22193,pt000660,62.7854300823835,-151.1568390425327,1873.0216064453125,24.141582489013672,199.13287353515625
01.22193,pt000661,62.7854300823835,-151.14991923454673,1878.2728271484375,6.410604953765869,225.99107360839844
01.22193,pt000662,62.7854300823835,-151.14299942656075,1909.296142578125,7.204035758972168,282.7892150878906
01.22193,pt000663,62.792349890369486,-151.31599462621026,1273.52392578125,1.6820015907287598,241.6981201171875
01.22193,pt000664,62.792349890369486,-151.30907481822427,1288.8330078125,3.237957239151001,244.23394775390625
01.22193,pt000665,62.792349890369486,-151.3021550102383,1303.022216796875,1.7717604637145996,242.8989715576172
01.22193,pt000666,62.792349890369486,-151.29523520225231,1305.8836669921875,1.3173412084579468,154.06350708007812
01.22193,pt000667,62.792349890369486,-151.28831539426633,1303.015869140625,1.5212414264678955,146.51905822753906
01.22193,pt000668,62.792349890369486,-151.28139558628035,1300.7117919921875,2.780885696411133,174.3037109375
01.22193,pt000669,62.792349890369486,-151.27447577829437,1300.2606201171875,2.4934704303741455,221.5233154296875
01.22193,pt000670,62.792349890369486,-151.2675559703084,1302.827392578125,3.2096750736236572,195.87554931640625
01.22193,pt000671,62.792349890369486,-151.2606361623224,1303.5322265625,2.6637117862701416,171.0392608642578
01.22193,pt000672,62.792349890369486,-151.25371635433643,1303.984375,7.931648254394531,186.763427734375
01.22193,pt000673,62.792349890369486,-151.24679654635045,1325.1512451171875,10.725008010864258,279.588623046875
01.22193,pt000674,62.792349890369486,-151.1983578904486,2240.623779296875,22.17142677307129,207.76885986328125
01.22193,pt000675,62.792349890369486,-151.1914380824626,2238.948974609375,49.96483612060547,338.4453430175781
01.22193,pt000676,62.799269698355474,-151.31599462621026,1336.1553955078125,7.1032891273498535,159.60121154785156
01.22193,pt000677,62.799269698355474,-151.30907481822427,1328.5494384765625,3.2751266956329346,190.51470947265625
01.22193,pt000678,62.799269698355474,-151.3021550102383,1325.704833984375,0.7478185892105103,160.7933807373047
01.22193,pt000679,62.799269698355474,-151.29523520225231,1324.97119140625,1.0264828205108643,191.39402770996094
01.22193,pt000680,62.799269698355474,-151.28831539426633,1321.787353515625,1.5203526020050049,160.9636993408203
01.22193,pt000681,62.799269698355474,-151.28139558628035,1324.6597900390625,1.054897427558899,192.95191955566406
01.22193,pt000682,62.799269698355474,-151.27447577829437,1327.86767578125,1.9671775102615356,255.50962829589844
01.22193,pt000683,62.799269698355474,-151.2675559703084,1337.281982421875,1.7027559280395508,180.31044006347656
01.22193,pt000684,62.799269698355474,-151.2606361623224,1338.710205078125,3.0978152751922607,164.5937042236328
01.22193,pt000685,62.799269698355474,-151.25371635433643,1345.88720703125,10.746877670288086,296.1865234375
01.22193,pt000686,62.799269698355474,-151.2260371223925,1506.8267822265625,47.21977233886719,344.927734375
01.22193,pt000687,62.799269698355474,-151.21911731440653,1591.8714599609375,49.291847229003906,18.297365188598633
01.22193,pt000688,62.799269698355474,-151.21219750642055,1568.1510009765625,15.25341510772705,355.3201599121094
01.22193,pt000689,62.799269698355474,-151.20527769843457,1630.2645263671875,38.199588775634766,314.97381591796875
01.22193,pt000690,62.799269698355474,-151.1983578904486,1624.6312255859375,32.10663986206055,345.0757141113281
01.22193,pt000691,62.799269698355474,-151.1914380824626,1647.881103515625,17.112253189086914,298.3313903808594
01.22193,pt000692,62.799269698355474,-151.18451827447663,1707.603515625,26.87831687927246,358.9687805175781
01.22193,pt000693,62.80618950634146,-151.31599462621026,1351.678466796875,3.4699854850769043,207.34600830078125
01.22193,pt000694,62.80618950634146,-151.30907481822427,1352.3919677734375,4.420865535736084,191.34219360351562
01.22193,pt000695,62.80618950634146,-151.3021550102383,1339.618896484375,2.6753668785095215,146.73947143554688
01.22193,pt000696,62.80618950634146,-151.29523520225231,1339.4053955078125,1.8102986812591553,165.41119384765625
01.22193,pt000697,62.80618950634146,-151.28831539426633,1337.4312744140625,1.5843790769577026,212.80517578125
01.22193,pt000698,62.80618950634146,-151.28139558628035,1343.610595703125,1.8532264232635498,201.12522888183594
01.22193,pt000699,62.80618950634146,-151.27447577829437,1348.7073974609375,1.7112029790878296,189.7048797607422
01.22193,pt000700,62.80618950634146,-151.2675559703084,1354.8541259765625,2.8271701335906982,213.78416442871094
01.22193,pt000701,62.80618950634146,-151.2606361623224,1355.6390380859375,1.7715920209884644,204.97714233398438
01.22193,pt000702,62.80618950634146,-151.25371635433643,1356.648193359375,1.443388819694519,225.10313415527344
01.22193,pt000703,62.80618950634146,-151.24679654635045,1363.0924072265625,2.992371082305908,264.662841796875
01.22193,pt000704,62.80618950634146,-151.23987673836447,1384.8309326171875,3.7398383617401123,1.981683611869812
01.22193,pt000705,62.80618950634146,-151.2329569303785,1399.1693115234375,3.9432289600372314,338.1124267578125
01.22193,pt000706,62.80618950634146,-151.2260371223925,1448.6400146484375,16.069847106933594,227.47117614746094
01.22193,pt000707,62.80618950634146,-151.1983578904486,1601.731201171875,21.026775360107422,176.47833251953125
01.22193,pt000708,62.80618950634146,-151.1914380824626,1627.345947265625,17.25856590270996,211.79754638671875
01.22193,pt000709,62.80618950634146,-151.18451827447663,1661.416748046875,15.541510581970215,212.2032012939453
01.22193,pt000710,62.80618950634146,-151.14991923454673,2953.77001953125,61.05500793457031,136.51380920410156
01.22193,pt000711,62.81310931432745,-151.30907481822427,1359.8843994140625,2.78641676902771,239.8231201171875
01.22193,pt000712,62.81310931432745,-151.3021550102383,1362.0040283203125,2.26066255569458,175.2015838623047
01.22193,pt000713,62.81310931432745,-151.29523520225231,1355.5745849609375,2.3380987644195557,193.46414184570312
01.22193,pt000714,62.81310931432745,-151.28831539426633,1356.8603515625,1.4738669395446777,214.90341186523438
01.22193,pt000715,62.81310931432745,-151.28139558628035,1370.45751953125,2.2531814575195312,221.91590881347656
01.22193,pt000716,62.81310931432745,-151.27447577829437,1379.4237060546875,1.7754794359207153,214.17095947265625
01.22193,pt000717,62.81310931432745,-151.2675559703084,1380.7852783203125,1.7902443408966064,160.0081329345703
01.22193,pt000718,62.81310931432745,-151.2606361623224,1383.9456787109375,0.8391976952552795,274.0023193359375
01.22193,pt000719,62.81310931432745,-151.25371635433643,1378.5882568359375,2.492553234100342,143.7586669921875
01.22193,pt000720,62.81310931432745,-151.24679654635045,1371.162841796875,0.7120196223258972,172.7369842529297
01.22193,pt000721,62.81310931432745,-151.21911731440653,2043.2711181640625,24.612285614013672,313.27984619140625
01.22193,pt000722,62.81310931432745,-151.21219750642055,2062.838623046875,31.692785263061523,354.99920654296875
01.22193,pt000723,62.81310931432745,-151.20527769843457,2155.43701171875,39.051963806152344,320.1770324707031
01.22193,pt000724,62.81310931432745,-151.18451827447663,2402.92822265625,38.72487258911133,16.893980026245117
01.22193,pt000725,62.81310931432745,-151.17759846649065,2489.68017578125,22.329742431640625,344.7422790527344
01.22193,pt000726,62.81310931432745,-151.17067865850467,2491.204345703125,32.50021743774414,324.8849792480469
01.22193,pt000727,62.81310931432745,-151.1637588505187,2466.4658203125,30.633853912353516,28.164392471313477
01.22193,pt000728,62.81310931432745,-151.1568390425327,2386.10693359375,38.36274337768555,7.328246116638184
01.22193,pt000729,62.81310931432745,-151.14991923454673,2402.8759765625,35.717464447021484,325.3883361816406
01.22193,pt000730,62.81310931432745,-151.14299942656075,2487.738037109375,28.469594955444336,37.12587356567383
01.22193,pt000731,62.81310931432745,-151.13607961857477,2194.56396484375,18.82438850402832,51.28988265991211
01.22193,pt000732,62.81310931432745,-151.1291598105888,2232.424072265625,27.071226119995117,265.1211853027344
01.22193,pt000733,62.81310931432745,-151.1222400026028,2549.876953125,40.191070556640625,283.50054931640625
01.22193,pt000734,62.81310931432745,-151.11532019461683,2675.79296875,35.449989318847656,322.7154235839844
01.22193,pt000735,62.820029122313436,-151.30907481822427,1384.03076171875,8.281407356262207,112.57410430908203
01.22193,pt000736,62.820029122313436,-151.3021550102383,1398.9736328125,3.1668429374694824,282.84149169921875
01.22193,pt000737,62.820029122313436,-151.29523520225231,1409.0531005859375,1.8223828077316284,191.27227783203125
01.22193,pt000738,62.820029122313436,-151.28831539426633,1400.8023681640625,4.880376815795898,166.96591186523438
01.22193,pt000739,62.820029122313436,-151.28139558628035,1398.796630859375,3.8161697387695312,173.84385681152344
01.22193,pt000740,62.820029122313436,-151.27447577829437,1395.0806884765625,1.7446924448013306,177.40953063964844
01.22193,pt000741,62.820029122313436,-151.2675559703084,1395.398681640625,1.255423903465271,135.2442169189453
01.22193,pt000742,62.820029122313436,-151.2606361623224,1391.100341796875,1.3733141422271729,211.6868438720703
01.22193,pt000743,62.820029122313436,-151.25371635433643,1390.5150146484375,1.4215401411056519,215.65859985351562
01.22193,pt000744,62.820029122313436,-151.24679654635045,1389.4249267578125,2.9140560626983643,211.48190307617188
01.22193,pt000745,62.820029122313436,-151.2329569303785,1521.0047607421875,18.699430465698242,356.00640869140625
01.22193,pt000746,62.820029122313436,-151.2260371223925,1570.982666015625,8.93986988067627,312.60357666015625
01.22193,pt000747,62.820029122313436,-151.21911731440653,1636.4503173828125,8.493565559387207,292.4822082519531
01.22193,pt000748,62.820029122313436,-151.20527769843457,2032.6309814453125,45.45916748046875,260.4078369140625
01.22193,pt000749,62.820029122313436,-151.1983578904486,2146.6005859375,35.69483947753906,342.2433166503906
01.22193,pt000750,62.820029122313436,-151.1914380824626,2247.380859375,24.024967193603516,315.0820617675781
01.22193,pt000751,62.820029122313436,-151.18451827447663,1961.630859375,42.505226135253906,70.73084259033203
01.22193,pt000752,62.820029122313436,-151.17759846649065,1866.9027099609375,21.963699340820312,354.6088562011719
01.22193,pt000753,62.820029122313436,-151.17067865850467,1981.537353515625,40.3644905090332,344.6206970214844
01.22193,pt000754,62.820029122313436,-151.1637588505187,2042.130615234375,20.178749084472656,25.703256607055664
01.22193,pt000755,62.820029122313436,-151.1568390425327,2005.428955078125,18.997840881347656,22.802202224731445
01.22193,pt000756,62.820029122313436,-151.14991923454673,1971.72900390625,12.37480640411377,336.8403625488281
01.22193,pt000757,62.820029122313436,-151.14299942656075,2025.272216796875,30.2039852142334,341.92852783203125
01.22193,pt000758,62.820029122313436,-151.13607961857477,1977.3594970703125,25.274629592895508,31.1691837310791
01.22193,pt000759,62.820029122313436,-151.1291598105888,1913.3939208984375,21.48221778869629,350.8844909667969
01.22193,pt000760,62.820029122313436,-151.11532019461683,2475.83203125,44.90709686279297,310.2431335449219
01.22193,pt000761,62.820029122313436,-151.10840038663085,2761.031005859375,32.188697814941406,294.5793151855469
01.22193,pt000762,62.82694893029942,-151.3021550102383,1410.9490966796875,3.531489372253418,126.54976654052734
01.22193,pt000763,62.82694893029942,-151.29523520225231,1415.3565673828125,2.1660687923431396,225.34555053710938
01.22193,pt000764,62.82694893029942,-151.28831539426633,1420.27001953125,1.5772361755371094,209.51901245117188
01.22193,pt000765,62.82694893029942,-151.28139558628035,1426.9388427734375,1.5189865827560425,162.527587890625
01.22193,pt000766,62.82694893029942,-151.27447577829437,1419.8021240234375,2.219113349914551,160.40476989746094
01.22193,pt000767,62.82694893029942,-151.2675559703084,1416.0262451171875,2.5000267028808594,189.1703338623047
01.22193,pt000768,62.82694893029942,-151.2606361623224,1416.1287841796875,4.668844699859619,174.8096466064453
01.22193,pt000769,62.82694893029942,-151.25371635433643,1422.789306640625,5.546726703643799,214.0225067138672
01.22193,pt000770,62.82694893029942,-151.24679654635045,1441.3953857421875,5.70889949798584,200.84423828125
01.22193,pt000771,62.82694893029942,-151.23987673836447,1449.4727783203125,13.477784156799316,182.29869079589844
01.22193,pt000772,62.82694893029942,-151.21219750642055,1701.2513427734375,33.56296920776367,30.233667373657227
01.22193,pt000773,62.82694893029942,-151.20527769843457,1600.5177001953125,14.100223541259766,19.29408073425293
01.22193,pt000774,62.82694893029942,-151.17759846649065,1700.7254638671875,16.507572174072266,343.8694763183594
01.22193,pt000775,62.82694893029942,-151.17067865850467,1700.2315673828125,8.327493667602539,358.50482177734375
01.22193,pt000776,62.82694893029942,-151.1637588505187,1726.86865234375,10.752851486206055,340.101806640625
01.22193,pt000777,62.82694893029942,-151.1568390425327,1750.8477783203125,13.752558708190918,317.55035400390625
01.22193,pt000778,62.82694893029942,-151.14991923454673,1805.0526123046875,16.10199737548828,358.3167419433594
01.22193,pt000779,62.82694893029942,-151.14299942656075,1789.954345703125,3.126020908355713,327.0562744140625
01.22193,pt000780,62.82694893029942,-151.13607961857477,1800.4407958984375,1.5715980529785156,346.4691162109375
01.22193,pt000781,62.82694893029942,-151.1291598105888,1818.2042236328125,11.860823631286621,283.2839050292969
01.22193,pt000782,62.82694893029942,-151.11532019461683,2238.91845703125,40.12639617919922,294.88226318359375
01.22193,pt000783,62.82694893029942,-151.10840038663085,2520.342041015625,43.45068359375,330.00177001953125
01.22193,pt000784,62.82694893029942,-151.10148057864487,2446.66748046875,62.022308349609375,46.50541687011719
01.22193,pt000785,62.82694893029942,-151.0945607706589,2457.73388671875,31.4116153717041,266.8304443359375
01.22193,pt000786,62.83386873828541,-151.3021550102383,1441.6180419921875,4.788642406463623,198.9182891845703
01.22193,pt000787,62.83386873828541,-151.29523520225231,1446.5745849609375,6.754297733306885,169.0384521484375
01.22193,pt000788,62.83386873828541,-151.28831539426633,1454.507568359375,4.872839450836182,197.54702758789062
01.22193,pt000789,62.83386873828541,-151.28139558628035,1458.143798828125,3.364307403564453,182.5274200439453
01.22193,pt000790,62.83386873828541,-151.27447577829437,1450.443603515625,4.396130084991455,136.949951171875
01.22193,pt000791,62.83386873828541,-151.2675559703084,1451.39453125,2.644052267074585,178.1680145263672
01.22193,pt000792,62.83386873828541,-151.2606361623224,1463.61181640625,2.8291726112365723,232.78260803222656
01.22193,pt000793,62.83386873828541,-151.25371635433643,1477.975341796875,1.6827112436294556,246.3236846923828
01.22193,pt000794,62.83386873828541,-151.24679654635045,1480.50830078125,2.284296989440918,262.818115234375
01.22193,pt000795,62.83386873828541,-151.23987673836447,1487.2882080078125,1.9307323694229126,172.56239318847656
01.22193,pt000796,62.83386873828541,-151.2329569303785,1502.4461669921875,3.440901279449463,280.3955078125
01.22193,pt000797,62.83386873828541,-151.2260371223925,1525.78955078125,2.731250524520874,293.3695983886719
01.22193,pt000798,62.83386873828541,-151.21911731440653,1539.942626953125,2.871141195297241,341.42694091796875
01.22193,pt000799,62.83386873828541,-151.21219750642055,1553.19287109375,3.6880593299865723,325.3970947265625
01.22193,pt000800,62.83386873828541,-151.20527769843457,1568.8355712890625,3.205402374267578,255.99798583984375
01.22193,pt000801,62.83386873828541,-151.1983578904486,1588.3228759765625,3.5702359676361084,252.76441955566406
01.22193,pt000802,62.83386873828541,-151.1914380824626,1604.91796875,3.227137565612793,243.40402221679688
01.22193,pt000803,62.83386873828541,-151.18451827447663,1628.27001953125,4.093359470367432,307.3463439941406
01.22193,pt000804,62.83386873828541,-151.17759846649065,1654.1881103515625,5.5203447341918945,322.5708923339844
01.22193,pt000805,62.83386873828541,-151.17067865850467,1693.1959228515625,5.50577974319458,214.7196502685547
01.22193,pt000806,62.83386873828541,-151.1637588505187,1709.9874267578125,5.503743648529053,197.31582641601562
01.22193,pt000807,62.83386873828541,-151.1568390425327,1723.959228515625,3.9450631141662598,234.14100646972656
01.22193,pt000808,62.83386873828541,-151.14991923454673,1740.87939453125,2.9344961643218994,296.7718811035156
01.22193,pt000809,62.83386873828541,-151.14299942656075,1751.2681884765625,5.407505512237549,359.1816101074219
01.22193,pt000810,62.83386873828541,-151.13607961857477,1775.281982421875,11.376042366027832,243.75454711914062
01.22193,pt000811,62.83386873828541,-151.1291598105888,1846.361572265625,18.916860580444336,228.37718200683594
01.22193,pt000812,62.83386873828541,-151.1222400026028,1917.1251220703125,20.30373191833496,312.37933349609375
01.22193,pt000813,62.83386873828541,-151.11532019461683,2008.350830078125,16.54125213623047,300.9833068847656
01.22193,pt000814,62.83386873828541,-151.10840038663085,2024.964599609375,17.90694808959961,344.92022705078125
01.22193,pt000815,62.83386873828541,-151.10148057864487,2105.940185546875,23.46126937866211,320.3121643066406
01.22193,pt000816,62.8407885462714,-151.29523520225231,1462.7420654296875,2.9728844165802,247.1550750732422
01.22193,pt000817,62.8407885462714,-151.28831539426633,1473.912353515625,2.0829365253448486,327.17218017578125
01.22193,pt000818,62.8407885462714,-151.28139558628035,1477.6439208984375,1.0060127973556519,271.16143798828125
01.22193,pt000819,62.8407885462714,-151.27447577829437,1477.74853515625,0.8150996565818787,118.96519470214844
01.22193,pt000820,62.8407885462714,-151.2675559703084,1479.0859375,1.9674460887908936,172.993896484375
01.22193,pt000821,62.8407885462714,-151.2606361623224,1485.0877685546875,2.250523567199707,237.99546813964844
01.22193,pt000822,62.8407885462714,-151.25371635433643,1488.3447265625,1.2505111694335938,188.82843017578125
01.22193,pt000823,62.8407885462714,-151.24679654635045,1490.101806640625,0.5918768644332886,317.4284973144531
01.22193,pt000824,62.8407885462714,-151.23987673836447,1489.9534912109375,0.5124080777168274,46.375152587890625
01.22193,pt000825,62.8407885462714,-151.2329569303785,1491.515869140625,0.6608452200889587,161.0335235595703
01.22193,pt000826,62.8407885462714,-151.2260371223925,1491.9415283203125,5.290033340454102,347.3792724609375
01.22193,pt000827,62.8407885462714,-151.21911731440653,1508.083251953125,10.179556846618652,205.10720825195312
01.22193,pt000828,62.8407885462714,-151.17067865850467,1829.8671875,16.722301483154297,141.47186279296875
01.22193,pt000829,62.8407885462714,-151.1637588505187,1766.9393310546875,27.970237731933594,138.55931091308594
01.22193,pt000830,62.8407885462714,-151.1568390425327,1778.603759765625,16.947006225585938,231.61158752441406
01.22193,pt000831,62.8407885462714,-151.14991923454673,1812.85888671875,9.858599662780762,209.25416564941406
01.22193,pt000832,62.8407885462714,-151.14299942656075,1826.2935791015625,5.297938346862793,171.01161193847656
01.22193,pt000833,62.847708354257385,-151.28831539426633,1483.9569091796875,7.828482627868652,153.49786376953125
01.22193,pt000834,62.847708354257385,-151.28139558628035,1474.86376953125,1.3573906421661377,142.70480346679688
01.22193,pt000835,62.847708354257385,-151.27447577829437,1481.9996337890625,3.7270426750183105,234.45907592773438
01.22193,pt000836,62.847708354257385,-151.2675559703084,1492.2647705078125,2.3746302127838135,202.5042724609375
01.22193,pt000837,62.847708354257385,-151.2606361623224,1502.1552734375,2.229752779006958,238.908935546875
01.22193,pt000838,62.847708354257385,-151.25371635433643,1503.8851318359375,2.0307297706604004,244.6248779296875
01.22193,pt000839,62.847708354257385,-151.24679654635045,1504.4493408203125,2.0356500148773193,195.45143127441406
01.22193,pt000840,62.847708354257385,-151.23987673836447,1503.9051513671875,2.6838648319244385,167.3341827392578
01.22193,pt000841,62.847708354257385,-151.2329569303785,1508.0382080078125,1.2601122856140137,218.9309844970703
01.22193,pt000842,62.847708354257385,-151.2260371223925,1511.20654296875,1.3518269062042236,143.6150665283203
01.22193,pt000843,62.847708354257385,-151.21911731440653,1511.18310546875,2.3988165855407715,245.9859161376953
01.22193,pt000844,62.847708354257385,-151.21219750642055,1554.925537109375,16.289907455444336,293.64874267578125
01.22193,pt000845,62.847708354257385,-151.20527769843457,1646.98291015625,12.622602462768555,338.2749328613281
01.22193,pt000846,62.847708354257385,-151.1914380824626,1894.3321533203125,13.057649612426758,294.74322509765625
01.22193,pt000847,62.847708354257385,-151.17759846649065,2311.40966796875,34.83406066894531,263.687744140625
01.22193,pt000848,62.847708354257385,-151.17067865850467,2065.94482421875,10.638486862182617,97.15211486816406
01.22193,pt000849,62.847708354257385,-151.1637588505187,1986.6812744140625,20.959516525268555,103.63661193847656
01.22193,pt000850,62.847708354257385,-151.14991923454673,1871.0203857421875,19.674468994140625,206.4949188232422
01.22193,pt000851,62.847708354257385,-151.14299942656075,1959.9183349609375,21.646217346191406,210.62576293945312
01.22193,pt000852,62.847708354257385,-151.13607961857477,2048.990478515625,11.406516075134277,266.75732421875
01.22193,pt000853,62.847708354257385,-151.1291598105888,2115.243408203125,17.90826416015625,291.7165832519531
01.22193,pt000854,62.847708354257385,-151.1222400026028,2213.37548828125,35.346004486083984,332.4049987792969
01.22193,pt000855,62.85462816224337,-151.27447577829437,1496.0946044921875,1.3918899297714233,266.4190673828125
01.22193,pt000856,62.85462816224337,-151.2675559703084,1508.3604736328125,3.571776866912842,219.24171447753906
01.22193,pt000857,62.85462816224337,-151.2606361623224,1516.7999267578125,1.770350694656372,216.76612854003906
01.22193,pt000858,62.85462816224337,-151.25371635433643,1523.9605712890625,2.2618043422698975,236.83045959472656
01.22193,pt000859,62.85462816224337,-151.24679654635045,1527.3778076171875,2.3643131256103516,216.47674560546875
01.22193,pt000860,62.85462816224337,-151.23987673836447,1532.61328125,2.5195252895355225,156.74855041503906
01.22193,pt000861,62.85462816224337,-151.2329569303785,1534.3441162109375,1.5837875604629517,127.72652435302734
01.22193,pt000862,62.85462816224337,-151.2260371223925,1534.7442626953125,2.290584087371826,176.54685974121094
01.22193,pt000863,62.85462816224337,-151.21911731440653,1539.72900390625,2.7945046424865723,168.51515197753906
01.22193,pt000864,62.85462816224337,-151.21219750642055,1539.7984619140625,4.69048547744751,139.11676025390625
01.22193,pt000865,62.85462816224337,-151.1983578904486,1815.833740234375,30.52714729309082,264.861083984375
01.22193,pt000866,62.85462816224337,-151.1914380824626,1867.5882568359375,18.753917694091797,1.4959752559661865
01.22193,pt000867,62.85462816224337,-151.18451827447663,1902.3692626953125,10.93484878540039,2.3647751808166504
01.22193,pt000868,62.85462816224337,-151.17759846649065,1951.0960693359375,44.98164749145508,287.0711364746094
01.22193,pt000869,62.85462816224337,-151.17067865850467,1965.2396240234375,49.24628448486328,356.9541931152344
01.22193,pt000870,62.85462816224337,-151.11532019461683,2939.7705078125,44.925662994384766,236.78030395507812
01.22193,pt000871,62.85462816224337,-151.10840038663085,2902.40576171875,46.03180694580078,5.886666297912598
01.22193,pt000872,62.85462816224337,-151.10148057864487,2775.809326171875,34.774818420410156,350.073486328125
01.22193,pt000873,62.85462816224337,-151.0945607706589,2717.392578125,35.619285583496094,138.45773315429688
01.22193,pt000874,62.86154797022936,-151.27447577829437,1602.0401611328125,12.408839225769043,105.74478912353516
01.22193,pt000875,62.86154797022936,-151.2675559703084,1530.912841796875,2.741812229156494,202.18751525878906
01.22193,pt000876,62.86154797022936,-151.2606361623224,1546.8487548828125,2.7733447551727295,251.7294158935547
01.22193,pt000877,62.86154797022936,-151.25371635433643,1549.2369384765625,2.2196531295776367,133.21029663085938
01.22193,pt000878,62.86154797022936,-151.24679654635045,1553.8985595703125,0.934761106967926,266.7862548828125
01.22193,pt000879,62.86154797022936,-151.23987673836447,1552.6033935546875,2.232335329055786,161.0846710205078
01.22193,pt000880,62.86154797022936,-151.2329569303785,1555.174072265625,3.550138235092163,153.99700927734375
01.22193,pt000881,62.86154797022936,-151.2260371223925,1558.7237548828125,2.3595426082611084,203.00303649902344
01.22193,pt000882,62.86154797022936,-151.21911731440653,1563.4893798828125,3.2299137115478516,221.81321716308594
01.22193,pt000883,62.86154797022936,-151.21219750642055,1569.8084716796875,1.0127301216125488,171.9250030517578
01.22193,pt000884,62.86154797022936,-151.20527769843457,1580.6986083984375,5.218443870544434,308.2438659667969
01.22193,pt000885,62.86154797022936,-151.1983578904486,1624.7337646484375,17.03697967529297,286.498291015625
01.22193,pt000886,62.86154797022936,-151.1914380824626,1680.74462890625,9.092528343200684,261.5010986328125
01.22193,pt000887,62.86154797022936,-151.18451827447663,1722.3616943359375,3.5288350582122803,307.9085998535156
01.22193,pt000888,62.86154797022936,-151.17067865850467,1857.1075439453125,40.5229606628418,13.05090618133545
01.22193,pt000889,62.86154797022936,-151.1637588505187,1823.1798095703125,15.356649398803711,18.84132194519043
01.22193,pt000890,62.86154797022936,-151.1568390425327,1930.5557861328125,44.41857147216797,8.066671371459961
01.22193,pt000891,62.86154797022936,-151.14991923454673,2008.9139404296875,44.85609817504883,342.2687072753906
01.22193,pt000892,62.86154797022936,-151.14299942656075,1984.365478515625,53.169281005859375,1.229188084602356
01.22193,pt000893,62.86154797022936,-151.13607961857477,1938.19482421875,36.403160095214844,5.824183940887451
01.22193,pt000894,62.86154797022936,-151.1291598105888,1934.3726806640625,6.812853813171387,14.364624977111816
01.22193,pt000895,62.86154797022936,-151.1222400026028,1967.9736328125,23.107711791992188,326.39849853515625
01.22193,pt000896,62.86154797022936,-151.10840038663085,2440.41943359375,30.55105972290039,31.6522159576416
01.22193,pt000897,62.86154797022936,-151.10148057864487,2509.934814453125,31.080318450927734,300.7619323730469
01.22193,pt000898,62.86154797022936,-151.0945607706589,2571.1455078125,4.926283836364746,3.145383834838867
01.22193,pt000899,62.86846777821535,-151.28831539426633,2181.254150390625,12.924324035644531,214.94293212890625
01.22193,pt000900,62.86846777821535,-151.28139558628035,2037.0989990234375,27.229463577270508,145.84963989257812
01.22193,pt000901,62.86846777821535,-151.25371635433643,1561.58935546875,2.2439048290252686,296.7423095703125
01.22193,pt000902,62.86846777821535,-151.24679654635045,1564.013916015625,1.2378549575805664,101.92556762695312
01.22193,pt000903,62.86846777821535,-151.23987673836447,1576.712890625,2.8393616676330566,236.01515197753906
01.22193,pt000904,62.86846777821535,-151.2329569303785,1583.197998046875,1.7930526733398438,153.86090087890625
01.22193,pt000905,62.86846777821535,-151.2260371223925,1582.540283203125,1.888789415359497,127.24398803710938
01.22193,pt000906,62.86846777821535,-151.21911731440653,1586.0458984375,2.80637264251709,186.52557373046875
01.22193,pt000907,62.86846777821535,-151.21219750642055,1589.6015625,1.8490272760391235,238.50245666503906
01.22193,pt000908,62.86846777821535,-151.20527769843457,1604.9791259765625,2.5110414028167725,229.35694885253906
01.22193,pt000909,62.86846777821535,-151.1983578904486,1629.0098876953125,13.828654289245605,259.52325439453125
01.22193,pt000910,62.86846777821535,-151.1914380824626,1683.0355224609375,6.177072525024414,256.7882995605469
01.22193,pt000911,62.86846777821535,-151.18451827447663,1700.2625732421875,3.356135368347168,321.15216064453125
01.22193,pt000912,62.86846777821535,-151.17759846649065,1714.564208984375,4.015462398529053,304.8695068359375
01.22193,pt000913,62.86846777821535,-151.17067865850467,1744.920654296875,4.6493120193481445,267.1798400878906
01.22193,pt000914,62.86846777821535,-151.1637588505187,1768.89111328125,2.948336601257324,298.5806579589844
01.22193,pt000915,62.86846777821535,-151.1568390425327,1786.2664794921875,3.957500457763672,302.4833984375
01.22193,pt000916,62.86846777821535,-151.14991923454673,1801.626220703125,7.786151885986328,334.9014587402344
01.22193,pt000917,62.86846777821535,-151.14299942656075,1831.9749755859375,5.981483459472656,214.3020782470703
01.22193,pt000918,62.86846777821535,-151.13607961857477,1862.876708984375,13.438861846923828,220.0858917236328
01.22193,pt000919,62.86846777821535,-151.1291598105888,1887.53076171875,6.690561294555664,191.2075653076172
01.22193,pt000920,62.86846777821535,-151.1222400026028,1925.4912109375,14.58969783782959,250.4115753173828
01.22193,pt000921,62.86846777821535,-151.11532019461683,2048.84326171875,21.41361427307129,340.9661865234375
01.22193,pt000922,62.86846777821535,-151.10840038663085,2113.21533203125,37.56532669067383,313.5538330078125
01.22193,pt000923,62.86846777821535,-151.0945607706589,2683.35009765625,26.33140754699707,154.23263549804688
01.22193,pt000924,62.875387586201334,-151.28831539426633,2182.294921875,18.22023582458496,161.4512176513672
01.22193,pt000925,62.875387586201334,-151.2606361623224,1619.2886962890625,5.462708473205566,108.76248168945312
01.22193,pt000926,62.875387586201334,-151.25371635433643,1582.290771484375,2.7250425815582275,181.36151123046875
01.22193,pt000927,62.875387586201334,-151.24679654635045,1588.3485107421875,5.660382270812988,227.668701171875
01.22193,pt000928,62.875387586201334,-151.23987673836447,1617.138671875,4.466170787811279,198.14859008789062
01.22193,pt000929,62.875387586201334,-151.2329569303785,1619.050537109375,3.6481521129608154,157.2925567626953
01.22193,pt000930,62.875387586201334,-151.2260371223925,1607.5396728515625,2.900597333908081,184.02853393554688
01.22193,pt000931,62.875387586201334,-151.21911731440653,1609.769775390625,3.992168426513672,243.61080932617188
01.22193,pt000932,62.875387586201334,-151.21219750642055,1620.21533203125,2.655287504196167,197.20494079589844
01.22193,pt000933,62.875387586201334,-151.20527769843457,1630.8482666015625,3.54251766204834,177.97889709472656
01.22193,pt000934,62.875387586201334,-151.1983578904486,1635.39794921875,6.0671186447143555,215.27232360839844
01.22193,pt000935,62.875387586201334,-151.14991923454673,1946.90771484375,15.669236183166504,180.09698486328125
01.22193,pt000936,62.875387586201334,-151.14299942656075,1974.89013671875,10.883094787597656,215.52841186523438
01.22193,pt000937,62.875387586201334,-151.13607961857477,2034.3399658203125,15.022740364074707,271.7712097167969
01.22193,pt000938,62.875387586201334,-151.1222400026028,2000.263916015625,17.18354034423828,192.6767120361328
01.22193,pt000939,62.875387586201334,-151.11532019461683,2005.2259521484375,8.024330139160156,231.32568359375
01.22193,pt000940,62.88230739418732,-151.28831539426633,2283.130859375,48.91261291503906,77.79150390625
01.22193,pt000941,62.88230739418732,-151.27447577829437,1812.5362548828125,35.94563293457031,75.45921325683594
01.22193,pt000942,62.88230739418732,-151.2675559703084,1774.7747802734375,9.164546012878418,169.6538848876953
01.22193,pt000943,62.88230739418732,-151.24679654635045,1669.0479736328125,2.114529609680176,141.82009887695312
01.22193,pt000944,62.88230739418732,-151.23987673836447,1668.72998046875,4.322052955627441,173.00706481933594
01.22193,pt000945,62.88230739418732,-151.2329569303785,1660.3175048828125,3.5572948455810547,187.19747924804688
01.22193,pt000946,62.88230739418732,-151.2260371223925,1646.8997802734375,3.615938901901245,168.51133728027344
01.22193,pt000947,62.88230739418732,-151.21911731440653,1655.385498046875,3.098039150238037,178.06484985351562
01.22193,pt000948,62.88230739418732,-151.21219750642055,1666.0364990234375,2.909177303314209,237.64828491210938
01.22193,pt000949,62.88230739418732,-151.20527769843457,1667.232177734375,3.511075258255005,180.8871612548828
01.22193,pt000950,62.88230739418732,-151.1983578904486,1665.911376953125,1.4665757417678833,214.00453186035156
01.22193,pt000951,62.88230739418732,-151.1914380824626,1681.173583984375,7.782310485839844,245.26565551757812
01.22193,pt000952,62.88230739418732,-151.17067865850467,2162.607177734375,42.19967269897461,1.0309760570526123
01.22193,pt000953,62.88230739418732,-151.1637588505187,2232.306884765625,35.87403869628906,292.6708679199219
01.22193,pt000954,62.88230739418732,-151.1568390425327,2266.419677734375,52.733158111572266,359.01409912109375
01.22193,pt000955,62.88230739418732,-151.14991923454673,2449.503173828125,57.02235412597656,339.19989013671875
01.22193,pt000956,62.88230739418732,-151.14299942656075,2462.421142578125,48.709285736083984,164.5038604736328
01.22193,pt000957,62.88230739418732,-151.11532019461683,2684.958740234375,12.492193222045898,6.321913242340088
01.22193,pt000958,62.88230739418732,-151.10840038663085,2732.05126953125,42.04457092285156,216.25831604003906
01.22193,pt000959,62.88922720217331,-151.30907481822427,2244.300048828125,42.16725540161133,33.418174743652344
01.22193,pt000960,62.88922720217331,-151.3021550102383,2270.151611328125,18.02997589111328,335.2002868652344
01.22193,pt000961,62.88922720217331,-151.29523520225231,2305.373779296875,28.04339599609375,7.725025653839111
01.22193,pt000962,62.88922720217331,-151.28139558628035,2086.66796875,6.746971130371094,128.1708221435547
01.22193,pt000963,62.88922720217331,-151.27447577829437,2004.415283203125,34.75513458251953,115.59425354003906
01.22193,pt000964,62.88922720217331,-151.23987673836447,1691.6617431640625,5.931914329528809,119.07437133789062
01.22193,pt000965,62.88922720217331,-151.2329569303785,1680.3505859375,1.379887580871582,325.753173828125
01.22193,pt000966,62.88922720217331,-151.2260371223925,1685.2598876953125,2.1353354454040527,210.50418090820312
01.22193,pt000967,62.88922720217331,-151.21911731440653,1698.4173583984375,5.909769535064697,211.69869995117188
01.22193,pt000968,62.88922720217331,-151.21219750642055,1702.267578125,6.577676773071289,171.76321411132812
01.22193,pt000969,62.88922720217331,-151.20527769843457,1696.163330078125,5.770528316497803,156.50856018066406
01.22193,pt000970,62.88922720217331,-151.1983578904486,1701.0853271484375,2.409950017929077,226.54910278320312
01.22193,pt000971,62.88922720217331,-151.1914380824626,1702.0987548828125,4.674084186553955,179.78146362304688
01.22193,pt000972,62.88922720217331,-151.18451827447663,1741.6458740234375,17.353452682495117,240.52316284179688
01.22193,pt000973,62.88922720217331,-151.17759846649065,1808.9267578125,6.153290271759033,254.58253479003906
01.22193,pt000974,62.88922720217331,-151.17067865850467,1846.00537109375,17.066965103149414,277.39959716796875
01.22193,pt000975,62.88922720217331,-151.1637588505187,1978.9599609375,14.760380744934082,291.14373779296875
01.22193,pt000976,62.88922720217331,-151.14991923454673,2234.25439453125,43.820411682128906,6.768553256988525
01.22193,pt000977,62.88922720217331,-151.1291598105888,2119.630859375,33.54459762573242,356.780517578125
01.22193,pt000978,62.88922720217331,-151.1222400026028,2275.86572265625,48.4337043762207,302.70281982421875
01.22193,pt000979,62.8961470101593,-151.32983424218222,2348.669189453125,54.6547966003418,19.800935745239258
01.22193,pt000980,62.8961470101593,-151.32291443419624,2244.455322265625,47.247657775878906,75.06057739257812
01.22193,pt000981,62.8961470101593,-151.31599462621026,2061.303955078125,6.426724910736084,15.364263534545898
01.22193,pt000982,62.8961470101593,-151.30907481822427,2077.102783203125,8.663215637207031,13.826433181762695
01.22193,pt000983,62.8961470101593,-151.3021550102383,2078.736328125,13.188037872314453,86.55789184570312
01.22193,pt000984,62.8961470101593,-151.29523520225231,2046.8753662109375,6.378127098083496,45.516868591308594
01.22193,pt000985,62.8961470101593,-151.28831539426633,2190.172119140625,32.31479263305664,310.74249267578125
01.22193,pt000986,62.8961470101593,-151.28139558628035,2309.736328125,32.73847579956055,357.6590270996094
01.22193,pt000987,62.8961470101593,-151.27447577829437,2213.274658203125,27.021406173706055,359.6496276855469
01.22193,pt000988,62.8961470101593,-151.2675559703084,2335.124267578125,34.803489685058594,334.05035400390625
01.22193,pt000989,62.8961470101593,-151.2606361623224,2443.883544921875,35.21685791015625,302.41778564453125
01.22193,pt000990,62.8961470101593,-151.23987673836447,1757.9786376953125,4.197216033935547,140.62197875976562
01.22193,pt000991,62.8961470101593,-151.2329569303785,1761.20947265625,8.051033020019531,234.40066528320312
01.22193,pt000992,62.8961470101593,-151.2260371223925,1745.588134765625,7.196023464202881,169.0704803466797
01.22193,pt000993,62.8961470101593,-151.21911731440653,1744.8753662109375,3.1485719680786133,166.20928955078125
01.22193,pt000994,62.8961470101593,-151.21219750642055,1744.649658203125,0.7791085243225098,11.150802612304688
01.22193,pt000995,62.8961470101593,-151.20527769843457,1745.5072021484375,0.8274926543235779,254.62255859375
01.22193,pt000996,62.8961470101593,-151.1983578904486,1734.0347900390625,3.024282693862915,181.34593200683594
01.22193,pt000997,62.8961470101593,-151.1914380824626,1739.0555419921875,2.5436716079711914,305.982421875
01.22193,pt000998,62.8961470101593,-151.18451827447663,1747.372314453125,2.369166135787964,164.54757690429688
01.22193,pt000999,62.8961470101593,-151.17759846649065,1806.4249267578125,30.2674560546875,315.717041015625
01.22193,pt001000,62.8961470101593,-151.17067865850467,1960.2327880859375,21.720882415771484,293.944580078125
01.22193,pt001001,62.8961470101593,-151.1568390425327,1954.330078125,29.49959373474121,20.31964683532715
01.22193,pt001002,62.8961470101593,-151.14991923454673,1932.0625,17.081464767456055,5.603186130523682
01.22193,pt001003,62.8961470101593,-151.14299942656075,1934.384521484375,4.7059736251831055,5.692388534545898
01.22193,pt001004,62.8961470101593,-151.13607961857477,1947.9471435546875,3.629559278488159,292.6273193359375
01.22193,pt001005,62.8961470101593,-151.1291598105888,1974.2376708984375,4.170064926147461,257.08477783203125
01.22193,pt001006,62.8961470101593,-151.1222400026028,1996.34326171875,3.942849636077881,255.58779907226562
01.22193,pt001007,62.8961470101593,-151.11532019461683,2014.7640380859375,3.6006951332092285,240.49777221679688
01.22193,pt001008,62.8961470101593,-151.10840038663085,2034.0745849609375,3.264319896697998,231.97752380371094
01.22193,pt001009,62.8961470101593,-151.10148057864487,2053.145751953125,3.92781662940979,249.53941345214844
01.22193,pt001010,62.8961470101593,-151.0945607706589,2072.517578125,4.042405128479004,288.0539855957031
01.22193,pt001011,62.8961470101593,-151.0876409626729,2093.154052734375,3.7786662578582764,282.1781005859375
01.22193,pt001012,62.8961470101593,-151.08072115468693,2129.03564453125,17.34172248840332,290.8583679199219
01.22193,pt001013,62.8961470101593,-151.07380134670095,2204.784423828125,31.113840103149414,319.41583251953125
01.22193,pt001014,62.903066818145284,-151.35059366614016,2153.3408203125,21.316450119018555,80.70414733886719
01.22193,pt001015,62.903066818145284,-151.34367385815418,2120.49658203125,28.218420028686523,343.2641296386719
01.22193,pt001016,62.903066818145284,-151.3367540501682,2165.03271484375,40.949424743652344,346.0684814453125
01.22193,pt001017,62.903066818145284,-151.32983424218222,2012.4107666015625,8.982436180114746,350.89849853515625
01.22193,pt001018,62.903066818145284,-151.32291443419624,1980.4464111328125,8.126769065856934,40.47449493408203
01.22193,pt001019,62.903066818145284,-151.31599462621026,1976.537353515625,3.863938808441162,338.708984375
01.22193,pt001020,62.903066818145284,-151.30907481822427,1966.9437255859375,1.932025671005249,139.88819885253906
01.22193,pt001021,62.903066818145284,-151.3021550102383,1971.3409423828125,0.8536911606788635,324.62103271484375
01.22193,pt001022,62.903066818145284,-151.29523520225231,1966.6544189453125,1.7601524591445923,118.63603210449219
01.22193,pt001023,62.903066818145284,-151.28831539426633,1978.4041748046875,5.101154327392578,301.04864501953125
01.22193,pt001024,62.903066818145284,-151.28139558628035,2013.99853515625,9.679622650146484,340.8957824707031
01.22193,pt001025,62.903066818145284,-151.27447577829437,2045.5858154296875,14.499618530273438,331.3826904296875
01.22193,pt001026,62.903066818145284,-151.2675559703084,2078.774169921875,3.8392438888549805,294.7305603027344
01.22193,pt001027,62.903066818145284,-151.2606361623224,2157.62451171875,15.080434799194336,282.4427185058594
01.22193,pt001028,62.903066818145284,-151.24679654635045,1827.5474853515625,2.141463041305542,236.74346923828125
01.22193,pt001029,62.903066818145284,-151.23987673836447,1831.3411865234375,2.8801755905151367,48.6629638671875
01.22193,pt001030,62.903066818145284,-151.2329569303785,1826.60986328125,3.6720499992370605,120.1338119506836
01.22193,pt001031,62.903066818145284,-151.2260371223925,1813.0723876953125,4.484847068786621,143.20767211914062
01.22193,pt001032,62.903066818145284,-151.21911731440653,1801.85498046875,5.82473611831665,125.43721008300781
01.22193,pt001033,62.903066818145284,-151.21219750642055,1775.2200927734375,9.166142463684082,144.4593963623047
01.22193,pt001034,62.903066818145284,-151.20527769843457,1750.889892578125,4.974841117858887,149.6285858154297
01.22193,pt001035,62.903066818145284,-151.1983578904486,1738.463134765625,1.8026115894317627,305.16363525390625
01.22193,pt001036,62.903066818145284,-151.1914380824626,1751.7796630859375,2.5218489170074463,290.6099853515625
01.22193,pt001037,62.903066818145284,-151.18451827447663,1780.3397216796875,5.423717975616455,264.06060791015625
01.22193,pt001038,62.903066818145284,-151.17759846649065,1805.1944580078125,2.3994827270507812,216.9505615234375
01.22193,pt001039,62.903066818145284,-151.17067865850467,1822.6688232421875,3.605224609375,267.77203369140625
01.22193,pt001040,62.903066818145284,-151.1637588505187,1844.634033203125,2.9843618869781494,245.34092712402344
01.22193,pt001041,62.903066818145284,-151.1568390425327,1859.6356201171875,3.1258597373962402,276.2278747558594
01.22193,pt001042,62.903066818145284,-151.14991923454673,1879.1195068359375,2.2424495220184326,239.47549438476562
01.22193,pt001043,62.903066818145284,-151.14299942656075,1887.6978759765625,1.5434720516204834,300.96636962890625
01.22193,pt001044,62.903066818145284,-151.13607961857477,1925.455078125,14.442298889160156,251.58831787109375
01.22193,pt001045,62.903066818145284,-151.1222400026028,2071.2509765625,11.732460975646973,236.9110870361328
01.22193,pt001046,62.903066818145284,-151.11532019461683,2113.105224609375,8.625499725341797,255.19400024414062
01.22193,pt001047,62.903066818145284,-151.10840038663085,2189.79443359375,17.586217880249023,280.0303039550781
01.22193,pt001048,62.903066818145284,-151.10148057864487,2319.93310546875,17.07205581665039,293.57122802734375
01.22193,pt001049,62.903066818145284,-151.08072115468693,2185.678466796875,31.145061492919922,148.92514038085938
01.22193,pt001050,62.903066818145284,-151.07380134670095,2181.40380859375,12.724114418029785,231.53025817871094
01.22193,pt001051,62.903066818145284,-151.06688153871497,2257.53759765625,56.180137634277344,246.86398315429688
01.22193,pt001052,62.90998662613127,-151.34367385815418,2025.85498046875,15.285207748413086,62.593299865722656
01.22193,pt001053,62.90998662613127,-151.3367540501682,2003.5638427734375,1.6735618114471436,223.2215576171875
01.22193,pt001054,62.90998662613127,-151.32983424218222,1998.1839599609375,2.0065906047821045,78.70767974853516
01.22193,pt001055,62.90998662613127,-151.32291443419624,1992.333984375,2.4758403301239014,184.8893280029297
01.22193,pt001056,62.90998662613127,-151.31599462621026,1982.76953125,2.0697007179260254,98.0634536743164
01.22193,pt001057,62.90998662613127,-151.30907481822427,1970.3172607421875,1.3505007028579712,63.189353942871094
01.22193,pt001058,62.90998662613127,-151.3021550102383,1965.727294921875,1.5346474647521973,314.5225524902344
01.22193,pt001059,62.90998662613127,-151.29523520225231,1968.8128662109375,1.3061589002609253,194.76002502441406
01.22193,pt001060,62.90998662613127,-151.28831539426633,1964.959716796875,1.470624566078186,110.18714904785156
01.22193,pt001061,62.90998662613127,-151.28139558628035,1955.2945556640625,0.786313533782959,56.5110969543457
01.22193,pt001062,62.90998662613127,-151.27447577829437,1953.157470703125,4.569858551025391,264.7159729003906
01.22193,pt001063,62.90998662613127,-151.2675559703084,2001.0401611328125,17.935728073120117,279.8984680175781
01.22193,pt001064,62.90998662613127,-151.25371635433643,1848.34716796875,11.815032958984375,98.36638641357422
01.22193,pt001065,62.90998662613127,-151.24679654635045,1845.2110595703125,5.28016471862793,114.95581817626953
01.22193,pt001066,62.90998662613127,-151.23987673836447,1845.88916015625,2.476421356201172,213.22096252441406
01.22193,pt001067,62.90998662613127,-151.2329569303785,1845.75634765625,0.9020348191261292,185.4983673095703
01.22193,pt001068,62.90998662613127,-151.2260371223925,1840.2894287109375,1.4884909391403198,182.3255615234375
01.22193,pt001069,62.90998662613127,-151.21911731440653,1833.148681640625,2.5161352157592773,132.94085693359375
01.22193,pt001070,62.90998662613127,-151.21219750642055,1831.936279296875,1.8041930198669434,196.43531799316406
01.22193,pt001071,62.90998662613127,-151.20527769843457,1819.8280029296875,3.737485647201538,135.60494995117188
01.22193,pt001072,62.90998662613127,-151.18451827447663,1889.6453857421875,15.061345100402832,112.90496063232422
01.22193,pt001073,62.90998662613127,-151.17067865850467,1853.858642578125,8.084598541259766,211.3786163330078
01.22193,pt001074,62.90998662613127,-151.1637588505187,1880.7567138671875,17.379634857177734,193.6461944580078
01.22193,pt001075,62.90998662613127,-151.1568390425327,1902.363037109375,12.82185173034668,182.09890747070312
01.22193,pt001076,62.90998662613127,-151.14299942656075,1910.09130859375,6.428902626037598,178.7971649169922
01.22193,pt001077,62.90998662613127,-151.13607961857477,1942.9544677734375,22.07760238647461,260.22760009765625
01.22193,pt001078,62.90998662613127,-151.1222400026028,2865.30029296875,26.581663131713867,238.03196716308594
01.22193,pt001079,62.91690643411726,-151.35751347412614,2210.735595703125,31.6002140045166,80.01844787597656
01.22193,pt001080,62.91690643411726,-151.35059366614016,2119.92041015625,8.572250366210938,32.649776458740234
01.22193,pt001081,62.91690643411726,-151.34367385815418,2063.725341796875,15.212271690368652,134.54403686523438
01.22193,pt001082,62.91690643411726,-151.3367540501682,2035.151611328125,4.980065822601318,175.99765014648438
01.22193,pt001083,62.91690643411726,-151.32983424218222,2042.305908203125,2.7139840126037598,180.75927734375
01.22193,pt001084,62.91690643411726,-151.32291443419624,2030.168701171875,4.319110870361328,214.74514770507812
01.22193,pt001085,62.91690643411726,-151.31599462621026,2010.6029052734375,6.74340295791626,100.10797119140625
01.22193,pt001086,62.91690643411726,-151.30907481822427,1984.33056640625,2.0647411346435547,140.57017517089844
01.22193,pt001087,62.91690643411726,-151.3021550102383,1954.541748046875,5.07169246673584,105.07057189941406
01.22193,pt001088,62.91690643411726,-151.29523520225231,1942.470458984375,2.436149835586548,21.411495208740234
01.22193,pt001089,62.91690643411726,-151.28831539426633,1949.0697021484375,2.879920244216919,326.9027404785156
01.22193,pt001090,62.91690643411726,-151.28139558628035,1945.56884765625,2.3541133403778076,23.25141143798828
01.22193,pt001091,62.91690643411726,-151.27447577829437,1931.450439453125,4.656368732452393,75.1672134399414
01.22193,pt001092,62.91690643411726,-151.2675559703084,1910.369873046875,3.353271007537842,51.05628967285156
01.22193,pt001093,62.91690643411726,-151.2606361623224,1886.7369384765625,5.138813018798828,109.44976043701172
01.22193,pt001094,62.91690643411726,-151.25371635433643,1870.723388671875,5.135258674621582,172.7723846435547
01.22193,pt001095,62.91690643411726,-151.24679654635045,1872.068359375,3.423086404800415,168.86480712890625
01.22193,pt001096,62.91690643411726,-151.23987673836447,1864.1485595703125,1.6396769285202026,135.93421936035156
01.22193,pt001097,62.91690643411726,-151.2329569303785,1854.30224609375,2.2307000160217285,123.61071014404297
01.22193,pt001098,62.91690643411726,-151.2260371223925,1852.00927734375,1.1707918643951416,197.332763671875
01.22193,pt001099,62.91690643411726,-151.21911731440653,1853.0113525390625,2.600015163421631,124.27061462402344
01.22193,pt001100,62.91690643411726,-151.21219750642055,1844.135009765625,3.205842971801758,202.48269653320312
01.22193,pt001101,62.91690643411726,-151.14991923454673,2020.7872314453125,8.762116432189941,226.9501190185547
01.22193,pt001102,62.91690643411726,-151.14299942656075,2099.947021484375,17.554466247558594,248.99876403808594
01.22193,pt001103,62.91690643411726,-151.13607961857477,2127.232421875,6.386220455169678,175.63706970214844
01.22193,pt001104,62.91690643411726,-151.1291598105888,2171.239013671875,35.87411117553711,313.0609436035156
01.22193,pt001105,62.91690643411726,-151.1222400026028,2359.1572265625,30.512502670288086,322.4917907714844
01.22193,pt001106,62.91690643411726,-151.11532019461683,2532.367431640625,33.39935302734375,310.1457824707031
01.22193,pt001107,62.91690643411726,-151.10840038663085,2679.031005859375,28.329626083374023,302.1201477050781
01.22193,pt001108,62.923826242103246,-151.36443328211212,2240.114501953125,18.084928512573242,91.2432632446289
01.22193,pt001109,62.923826242103246,-151.35751347412614,2123.595458984375,7.871378421783447,125.74533081054688
01.22193,pt001110,62.923826242103246,-151.35059366614016,2118.909423828125,3.6355018615722656,94.70359802246094
01.22193,pt001111,62.923826242103246,-151.34367385815418,2104.97802734375,5.334033012390137,214.42852783203125
01.22193,pt001112,62.923826242103246,-151.3367540501682,2087.677734375,15.808860778808594,174.54774475097656
01.22193,pt001113,62.923826242103246,-151.32983424218222,2073.2724609375,35.63362121582031,201.40748596191406
01.22193,pt001114,62.923826242103246,-151.30907481822427,2041.6778564453125,16.4277286529541,121.55072021484375
01.22193,pt001115,62.923826242103246,-151.29523520225231,1927.5355224609375,5.9356842041015625,83.3605728149414
01.22193,pt001116,62.923826242103246,-151.28831539426633,1917.0850830078125,1.3855233192443848,96.33604431152344
01.22193,pt001117,62.923826242103246,-151.28139558628035,1909.235595703125,1.899850845336914,8.510004997253418
01.22193,pt001118,62.923826242103246,-151.27447577829437,1903.467041015625,2.8195276260375977,21.44941520690918
01.22193,pt001119,62.923826242103246,-151.2675559703084,1896.5465087890625,1.2029722929000854,355.0494689941406
01.22193,pt001120,62.923826242103246,-151.2606361623224,1897.1424560546875,1.8386998176574707,41.30622100830078
01.22193,pt001121,62.923826242103246,-151.25371635433643,1889.3680419921875,1.7027467489242554,256.7417297363281
01.22193,pt001122,62.923826242103246,-151.24679654635045,1884.6778564453125,1.4199854135513306,67.48467254638672
01.22193,pt001123,62.923826242103246,-151.23987673836447,1880.784423828125,1.9347039461135864,164.169677734375
01.22193,pt001124,62.923826242103246,-151.2329569303785,1878.219482421875,3.1667089462280273,114.70463562011719
01.22193,pt001125,62.923826242103246,-151.2260371223925,1870.4031982421875,2.1368823051452637,225.31861877441406
01.22193,pt001126,62.923826242103246,-151.21911731440653,1879.2587890625,2.6611361503601074,130.00038146972656
01.22193,pt001127,62.923826242103246,-151.21219750642055,1908.3428955078125,9.45143985748291,244.9856719970703
01.22193,pt001128,62.923826242103246,-151.20527769843457,1934.4896240234375,2.6821165084838867,196.06825256347656
01.22193,pt001129,62.923826242103246,-151.1983578904486,1963.859619140625,8.676736831665039,251.76490783691406
01.22193,pt001130,62.923826242103246,-151.1914380824626,1984.2303466796875,12.057402610778809,294.78350830078125
01.22193,pt001131,62.923826242103246,-151.18451827447663,2084.533447265625,14.502961158752441,284.74542236328125
01.22193,pt001132,62.923826242103246,-151.17759846649065,2139.4345703125,12.217172622680664,281.9839782714844
01.22193,pt001133,62.923826242103246,-151.17067865850467,2212.869140625,13.822161674499512,198.50990295410156
01.22193,pt001134,62.923826242103246,-151.1637588505187,2282.187744140625,12.48248291015625,237.93946838378906
01.22193,pt001135,62.923826242103246,-151.1568390425327,2345.6630859375,7.657711982727051,342.7424011230469
01.22193,pt001136,62.923826242103246,-151.14991923454673,2417.1708984375,43.39188003540039,344.1282043457031
01.22193,pt001137,62.923826242103246,-151.1222400026028,2680.091796875,43.402122497558594,346.98663330078125
01.22193,pt001138,62.923826242103246,-151.11532019461683,2866.63916015625,44.65603256225586,322.63690185546875
01.22193,pt001139,62.93074605008923,-151.3713530900981,2504.493408203125,29.077693939208984,129.44007873535156
01.22193,pt001140,62.93074605008923,-151.36443328211212,2423.04638671875,15.484454154968262,175.92617797851562
01.22193,pt001141,62.93074605008923,-151.35751347412614,2398.301513671875,31.850616455078125,154.83187866210938
01.22193,pt001142,62.93074605008923,-151.3367540501682,2179.4736328125,9.522075653076172,162.91708374023438
01.22193,pt001143,62.93074605008923,-151.32983424218222,2223.94873046875,41.46528625488281,224.74752807617188
01.22193,pt001144,62.93074605008923,-151.3021550102383,2024.2186279296875,13.49704360961914,163.90980529785156
01.22193,pt001145,62.93074605008923,-151.29523520225231,1992.9884033203125,6.994518756866455,121.43920135498047
01.22193,pt001146,62.93074605008923,-151.27447577829437,1900.586181640625,2.622288942337036,99.74439239501953
01.22193,pt001147,62.93074605008923,-151.2675559703084,1889.8751220703125,1.6885863542556763,46.62950897216797
01.22193,pt001148,62.93074605008923,-151.2606361623224,1881.439453125,0.7066421508789062,277.23095703125
01.22193,pt001149,62.93074605008923,-151.25371635433643,1883.617431640625,1.109006404876709,255.98837280273438
01.22193,pt001150,62.93074605008923,-151.24679654635045,1889.279541015625,2.8166935443878174,233.88214111328125
01.22193,pt001151,62.93074605008923,-151.23987673836447,1902.5379638671875,2.317638397216797,243.4864501953125
01.22193,pt001152,62.93074605008923,-151.2329569303785,1902.9544677734375,1.7866706848144531,154.366943359375
01.22193,pt001153,62.93074605008923,-151.2260371223925,1891.5360107421875,4.096636772155762,166.96743774414062
01.22193,pt001154,62.93074605008923,-151.21911731440653,1889.4664306640625,4.237984657287598,157.64865112304688
01.22193,pt001155,62.93074605008923,-151.21219750642055,1896.158203125,2.530604362487793,266.2660827636719
01.22193,pt001156,62.93074605008923,-151.20527769843457,1928.2587890625,6.257795810699463,289.5836181640625
01.22193,pt001157,62.93074605008923,-151.1983578904486,1958.2783203125,5.554185390472412,294.00128173828125
01.22193,pt001158,62.93074605008923,-151.1914380824626,1972.22216796875,6.807834625244141,265.1233825683594
01.22193,pt001159,62.93074605008923,-151.17067865850467,2465.118408203125,29.545495986938477,151.92080688476562
01.22193,pt001160,62.93074605008923,-151.1637588505187,2365.890625,15.279241561889648,158.6831817626953
01.22193,pt001161,62.93074605008923,-151.1568390425327,2370.0078125,4.226858139038086,174.63385009765625
01.22193,pt001162,62.93074605008923,-151.14991923454673,2380.885498046875,6.262259006500244,207.3941192626953
01.22193,pt001163,62.93074605008923,-151.14299942656075,2418.1357421875,9.619016647338867,288.9173889160156
01.22193,pt001164,62.93074605008923,-151.13607961857477,2449.106689453125,3.277336359024048,335.4811096191406
01.22193,pt001165,62.93074605008923,-151.1291598105888,2472.0458984375,6.854554176330566,250.16915893554688
01.22193,pt001166,62.93074605008923,-151.1222400026028,2488.8212890625,3.428112506866455,273.86688232421875
01.22193,pt001167,62.93074605008923,-151.11532019461683,2510.280517578125,5.223752021789551,328.0187683105469
01.22193,pt001168,62.93766585807522,-151.36443328211212,2774.48974609375,24.411956787109375,197.30307006835938
01.22193,pt001169,62.93766585807522,-151.35751347412614,2716.983642578125,13.653841972351074,221.4119415283203
01.22193,pt001170,62.93766585807522,-151.35059366614016,2831.794921875,54.55158615112305,278.77777099609375
01.22193,pt001171,62.93766585807522,-151.27447577829437,1909.267578125,9.03477668762207,208.46315002441406
01.22193,pt001172,62.93766585807522,-151.2675559703084,1907.6529541015625,2.885166645050049,192.79281616210938
01.22193,pt001173,62.93766585807522,-151.2606361623224,1909.150146484375,3.382418632507324,164.28514099121094
01.22193,pt001174,62.93766585807522,-151.25371635433643,1904.7762451171875,2.52524471282959,144.19351196289062
01.22193,pt001175,62.93766585807522,-151.24679654635045,1909.25,1.6217732429504395,228.54783630371094
01.22193,pt001176,62.93766585807522,-151.23987673836447,1911.70849609375,1.4335169792175293,239.52696228027344
01.22193,pt001177,62.93766585807522,-151.2329569303785,1913.75048828125,0.8368209004402161,194.55523681640625
01.22193,pt001178,62.93766585807522,-151.2260371223925,1913.8365478515625,1.8807120323181152,264.3778381347656
01.22193,pt001179,62.93766585807522,-151.21911731440653,1922.5716552734375,13.936076164245605,263.4040222167969
01.22193,pt001180,62.93766585807522,-151.1983578904486,2538.95556640625,47.161190032958984,223.31944274902344
01.22193,pt001181,62.93766585807522,-151.1914380824626,2672.73828125,20.98072624206543,45.71986389160156
01.22193,pt001182,62.93766585807522,-151.18451827447663,2595.90673828125,52.6241340637207,11.689103126525879
01.22193,pt001183,62.93766585807522,-151.17759846649065,2520.150146484375,34.27821731567383,340.047607421875
01.22193,pt001184,62.94458566606121,-151.3713530900981,3219.768798828125,32.828102111816406,106.68560791015625
01.22193,pt001185,62.94458566606121,-151.36443328211212,3115.880859375,31.34847068786621,203.07037353515625
01.22193,pt001186,62.94458566606121,-151.35751347412614,3037.718017578125,21.3459529876709,131.57705688476562
01.22193,pt001187,62.94458566606121,-151.3021550102383,2183.168701171875,19.427684783935547,358.2655029296875
01.22193,pt001188,62.94458566606121,-151.29523520225231,2224.049560546875,20.209182739257812,355.98809814453125
01.22193,pt001189,62.94458566606121,-151.27447577829437,1925.3818359375,3.767728090286255,62.02174758911133
01.22193,pt001190,62.94458566606121,-151.2675559703084,1921.7816162109375,0.8284585475921631,261.6772155761719
01.22193,pt001191,62.94458566606121,-151.2606361623224,1925.89697265625,0.934175968170166,277.1062316894531
01.22193,pt001192,62.94458566606121,-151.25371635433643,1921.697265625,1.5684717893600464,106.75495147705078
01.22193,pt001193,62.94458566606121,-151.24679654635045,1921.609619140625,0.9277029633522034,256.7059326171875
01.22193,pt001194,62.94458566606121,-151.23987673836447,1918.9295654296875,1.163243293762207,273.5730895996094
01.22193,pt001195,62.94458566606121,-151.2329569303785,1925.84228515625,2.0895917415618896,246.45635986328125
01.22193,pt001196,62.94458566606121,-151.2260371223925,1937.295654296875,2.9572036266326904,250.3713836669922
01.22193,pt001197,62.94458566606121,-151.21911731440653,1944.4388427734375,3.763906478881836,162.0706787109375
01.22193,pt001198,62.94458566606121,-151.21219750642055,2009.3564453125,23.784887313842773,262.45733642578125
01.22193,pt001199,62.94458566606121,-151.20527769843457,2138.012451171875,19.291683197021484,314.55975341796875
01.22193,pt001200,62.94458566606121,-151.1914380824626,2241.00244140625,50.84703063964844,28.057130813598633
01.22193,pt001201,62.94458566606121,-151.18451827447663,2232.252685546875,20.99720001220703,276.2060241699219
01.22193,pt001202,62.94458566606121,-151.17759846649065,2457.1787109375,36.70355987548828,288.2734069824219
01.22193,pt001203,62.94458566606121,-151.17067865850467,2567.595947265625,44.629661560058594,356.7053527832031
01.22193,pt001204,62.94458566606121,-151.1637588505187,2492.839599609375,57.99728012084961,29.138158798217773
01.22193,pt001205,62.94458566606121,-151.14991923454673,2742.274658203125,43.17710876464844,309.74945068359375
01.22193,pt001206,62.94458566606121,-151.13607961857477,3385.873779296875,49.99993133544922,327.1200256347656
01.22193,pt001207,62.951505474047195,-151.35751347412614,3509.96484375,41.385353088378906,169.47007751464844
01.22193,pt001208,62.951505474047195,-151.30907481822427,2174.669921875,50.5612678527832,83.57366943359375
01.22193,pt001209,62.951505474047195,-151.3021550102383,2071.01708984375,2.079502582550049,26.074600219726562
01.22193,pt001210,62.951505474047195,-151.29523520225231,2041.5859375,6.521251678466797,58.57512664794922
01.22193,pt001211,62.951505474047195,-151.28831539426633,2016.033935546875,4.866671562194824,158.56771850585938
01.22193,pt001212,62.951505474047195,-151.28139558628035,2004.716064453125,2.666276693344116,58.4689826965332
01.22193,pt001213,62.951505474047195,-151.27447577829437,1958.41064453125,8.561360359191895,86.75965118408203
01.22193,pt001214,62.951505474047195,-151.2675559703084,1922.7535400390625,1.963364601135254,358.5282897949219
01.22193,pt001215,62.951505474047195,-151.2606361623224,1919.12939453125,1.200158953666687,294.1369323730469
01.22193,pt001216,62.951505474047195,-151.25371635433643,1921.1556396484375,1.2910938262939453,133.80003356933594
01.22193,pt001217,62.951505474047195,-151.24679654635045,1926.1405029296875,1.4987709522247314,231.6100616455078
01.22193,pt001218,62.951505474047195,-151.23987673836447,1926.045166015625,2.0536088943481445,287.5212097167969
01.22193,pt001219,62.951505474047195,-151.2329569303785,1932.1724853515625,2.1860480308532715,270.7994384765625
01.22193,pt001220,62.951505474047195,-151.2260371223925,1945.5775146484375,1.467010498046875,268.52679443359375
01.22193,pt001221,62.951505474047195,-151.21911731440653,1950.630859375,2.025639772415161,274.47662353515625
01.22193,pt001222,62.951505474047195,-151.21219750642055,1967.9549560546875,4.818273544311523,283.5745849609375
01.22193,pt001223,62.951505474047195,-151.20527769843457,1995.7479248046875,3.587634801864624,255.58665466308594
01.22193,pt001224,62.951505474047195,-151.1983578904486,2014.3388671875,3.2731831073760986,308.42596435546875
01.22193,pt001225,62.951505474047195,-151.1914380824626,2030.0672607421875,3.323385238647461,307.62054443359375
01.22193,pt001226,62.951505474047195,-151.18451827447663,2055.710693359375,7.007767200469971,292.5978088378906
01.22193,pt001227,62.951505474047195,-151.17759846649065,2095.91796875,8.255497932434082,290.0646667480469
01.22193,pt001228,62.951505474047195,-151.17067865850467,2155.295654296875,7.814262390136719,238.21676635742188
01.22193,pt001229,62.951505474047195,-151.1637588505187,2183.94921875,3.604830265045166,327.80877685546875
01.22193,pt001230,62.951505474047195,-151.1568390425327,2214.488037109375,13.547627449035645,268.5306396484375
01.22193,pt001231,62.951505474047195,-151.14991923454673,2304.173583984375,13.893207550048828,220.54974365234375
01.22193,pt001232,62.951505474047195,-151.14299942656075,2417.249267578125,26.142610549926758,343.131103515625
01.22193,pt001233,62.951505474047195,-151.10840038663085,3937.76416015625,30.056373596191406,5.83557653427124
01.22193,pt001234,62.951505474047195,-151.10148057864487,4006.0927734375,55.75315856933594,343.2170715332031
01.22193,pt001235,62.951505474047195,-151.0945607706589,4259.87109375,41.14065933227539,270.5370788574219
01.22193,pt001236,62.95842528203318,-151.30907481822427,2122.332275390625,45.090396881103516,79.10071563720703
01.22193,pt001237,62.95842528203318,-151.3021550102383,2049.9501953125,1.7069287300109863,208.63088989257812
01.22193,pt001238,62.95842528203318,-151.29523520225231,2053.201904296875,1.0517995357513428,93.35707092285156
01.22193,pt001239,62.95842528203318,-151.28831539426633,2064.2568359375,2.517954111099243,229.0517578125
01.22193,pt001240,62.95842528203318,-151.28139558628035,2046.2802734375,7.337812900543213,118.41714477539062
01.22193,pt001241,62.95842528203318,-151.27447577829437,2000.129638671875,11.722311019897461,78.98217010498047
01.22193,pt001242,62.95842528203318,-151.2675559703084,1935.8145751953125,2.512685537338257,112.07408142089844
01.22193,pt001243,62.95842528203318,-151.2606361623224,1951.0859375,4.563403606414795,247.57443237304688
01.22193,pt001244,62.95842528203318,-151.25371635433643,1955.134521484375,2.0621588230133057,147.6141815185547
01.22193,pt001245,62.95842528203318,-151.24679654635045,1932.5570068359375,1.668697714805603,117.01263427734375
01.22193,pt001246,62.95842528203318,-151.23987673836447,1934.3509521484375,0.8113769292831421,52.11627960205078
01.22193,pt001247,62.95842528203318,-151.2329569303785,1930.073974609375,1.5287309885025024,162.0155487060547
01.22193,pt001248,62.95842528203318,-151.2260371223925,1940.9727783203125,1.6288785934448242,271.4073486328125
01.22193,pt001249,62.95842528203318,-151.21911731440653,1951.427734375,3.726142644882202,295.6170349121094
01.22193,pt001250,62.95842528203318,-151.21219750642055,1948.2225341796875,1.6062790155410767,100.11256408691406
01.22193,pt001251,62.95842528203318,-151.20527769843457,1945.5780029296875,4.045533180236816,275.96875
01.22193,pt001252,62.95842528203318,-151.1983578904486,1991.64794921875,9.836946487426758,260.2112731933594
01.22193,pt001253,62.95842528203318,-151.1914380824626,2020.725341796875,4.766579627990723,285.85296630859375
01.22193,pt001254,62.95842528203318,-151.17759846649065,2109.540283203125,8.847108840942383,170.01304626464844
01.22193,pt001255,62.95842528203318,-151.17067865850467,2138.7724609375,13.934364318847656,224.70159912109375
01.22193,pt001256,62.95842528203318,-151.14299942656075,2372.08837890625,21.432008743286133,22.103939056396484
01.22193,pt001257,62.95842528203318,-151.13607961857477,2495.949951171875,40.1251335144043,329.58856201171875
01.22193,pt001258,62.95842528203318,-151.1291598105888,2668.65576171875,49.19431686401367,275.3564453125
01.22193,pt001259,62.95842528203318,-151.1222400026028,2998.232421875,38.60338592529297,313.0253601074219
01.22193,pt001260,62.95842528203318,-151.11532019461683,3118.26904296875,45.52171325683594,358.3744201660156
01.22193,pt001261,62.95842528203318,-151.10840038663085,3183.3828125,47.80854034423828,358.5112609863281
01.22193,pt001262,62.95842528203318,-151.10148057864487,3348.381103515625,43.36530685424805,320.528564453125
01.22193,pt001263,62.96534509001917,-151.38519270607006,4860.62548828125,23.63180160522461,38.685096740722656
01.22193,pt001264,62.96534509001917,-151.37827289808408,4641.9892578125,46.953941345214844,39.57280349731445
01.22193,pt001265,62.96534509001917,-151.36443328211212,4161.9453125,37.471412658691406,78.58697509765625
01.22193,pt001266,62.96534509001917,-151.35751347412614,3730.768310546875,59.460758209228516,57.31766128540039
01.22193,pt001267,62.96534509001917,-151.35059366614016,3438.697509765625,34.204776763916016,64.91506958007812
01.22193,pt001268,62.96534509001917,-151.32983424218222,2609.63525390625,14.009908676147461,119.67586517333984
01.22193,pt001269,62.96534509001917,-151.32291443419624,2512.193603515625,29.197628021240234,104.91773986816406
01.22193,pt001270,62.96534509001917,-151.31599462621026,2393.7666015625,20.61012840270996,110.77257537841797
01.22193,pt001271,62.96534509001917,-151.30907481822427,2182.461181640625,28.911426544189453,101.29621124267578
01.22193,pt001272,62.96534509001917,-151.3021550102383,2096.81591796875,5.810406684875488,215.40194702148438
01.22193,pt001273,62.96534509001917,-151.29523520225231,2112.314697265625,3.954145669937134,106.13187408447266
01.22193,pt001274,62.96534509001917,-151.28831539426633,2059.542236328125,4.664272785186768,171.4960174560547
01.22193,pt001275,62.96534509001917,-151.28139558628035,2136.3330078125,19.128887176513672,216.43820190429688
01.22193,pt001276,62.96534509001917,-151.2606361623224,1972.67431640625,3.5153753757476807,60.42730712890625
01.22193,pt001277,62.96534509001917,-151.25371635433643,1967.8665771484375,0.7819966077804565,174.27027893066406
01.22193,pt001278,62.96534509001917,-151.24679654635045,1964.709716796875,3.0648715496063232,137.23863220214844
01.22193,pt001279,62.96534509001917,-151.23987673836447,1952.1552734375,3.6450531482696533,162.0449981689453
01.22193,pt001280,62.96534509001917,-151.2329569303785,1948.2957763671875,2.800893545150757,152.4221954345703
01.22193,pt001281,62.96534509001917,-151.2260371223925,1951.629638671875,2.787227153778076,183.85800170898438
01.22193,pt001282,62.96534509001917,-151.21911731440653,1951.986328125,3.5256428718566895,239.51255798339844
01.22193,pt001283,62.96534509001917,-151.21219750642055,1956.6551513671875,4.845147132873535,176.9260711669922
01.22193,pt001284,62.96534509001917,-151.20527769843457,1966.5992431640625,9.970869064331055,201.8400115966797
01.22193,pt001285,62.96534509001917,-151.1983578904486,2012.2899169921875,26.253095626831055,269.88812255859375
01.22193,pt001286,62.96534509001917,-151.1914380824626,2063.72802734375,25.137781143188477,358.6337890625
01.22193,pt001287,62.96534509001917,-151.18451827447663,2070.91455078125,5.35172700881958,212.92437744140625
01.22193,pt001288,62.96534509001917,-151.17759846649065,2108.914306640625,5.935243606567383,276.7182922363281
01.22193,pt001289,62.96534509001917,-151.17067865850467,2132.60205078125,2.291043281555176,274.0984802246094
01.22193,pt001290,62.96534509001917,-151.1637588505187,2150.46923828125,3.7180192470550537,288.02923583984375
01.22193,pt001291,62.96534509001917,-151.1568390425327,2184.072265625,6.141124248504639,295.5403137207031
01.22193,pt001292,62.96534509001917,-151.14991923454673,2213.765869140625,3.5756852626800537,268.71044921875
01.22193,pt001293,62.96534509001917,-151.14299942656075,2242.001708984375,7.687944412231445,294.420654296875
01.22193,pt001294,62.96534509001917,-151.13607961857477,2274.244384765625,2.585287570953369,233.35455322265625
01.22193,pt001295,62.96534509001917,-151.1291598105888,2295.624267578125,14.439760208129883,263.57391357421875
01.22193,pt001296,62.96534509001917,-151.1222400026028,2383.664306640625,10.565919876098633,302.9375
01.22193,pt001297,62.96534509001917,-151.11532019461683,2421.76611328125,10.567636489868164,298.1497497558594
01.22193,pt001298,62.96534509001917,-151.10840038663085,2449.326171875,15.199381828308105,12.800539016723633
01.22193,pt001299,62.96534509001917,-151.10148057864487,2532.660400390625,44.87699890136719,337.9024658203125
01.22193,pt001300,62.96534509001917,-151.0945607706589,2890.531982421875,69.0116195678711,346.9601745605469
01.22193,pt001301,62.97226489800516,-151.3713530900981,4078.617431640625,38.8552131652832,73.07222747802734
01.22193,pt001302,62.97226489800516,-151.36443328211212,3776.956787109375,50.35002517700195,76.5580825805664
01.22193,pt001303,62.97226489800516,-151.35751347412614,3460.229248046875,47.01884460449219,90.05229949951172
01.22193,pt001304,62.97226489800516,-151.35059366614016,3187.991943359375,36.42116928100586,94.0653305053711
01.22193,pt001305,62.97226489800516,-151.34367385815418,2982.091064453125,33.19664764404297,70.84683990478516
01.22193,pt001306,62.97226489800516,-151.3367540501682,2864.611328125,22.85601234436035,127.9653091430664
01.22193,pt001307,62.97226489800516,-151.32983424218222,2779.265625,20.976009368896484,142.35340881347656
01.22193,pt001308,62.97226489800516,-151.32291443419624,2726.6787109375,37.44001388549805,89.96137237548828
01.22193,pt001309,62.97226489800516,-151.31599462621026,2573.628662109375,30.15679168701172,150.42782592773438
01.22193,pt001310,62.97226489800516,-151.3021550102383,2151.732666015625,15.597535133361816,225.5610809326172
01.22193,pt001311,62.97226489800516,-151.28831539426633,2441.917724609375,28.047611236572266,24.07840919494629
01.22193,pt001312,62.97226489800516,-151.28139558628035,2303.692626953125,41.26161575317383,12.771196365356445
01.22193,pt001313,62.97226489800516,-151.27447577829437,2130.92724609375,42.799171447753906,38.5173454284668
01.22193,pt001314,62.97226489800516,-151.2675559703084,1994.8077392578125,3.5636394023895264,67.97234344482422
01.22193,pt001315,62.97226489800516,-151.2606361623224,1981.1298828125,3.1640424728393555,118.00716400146484
01.22193,pt001316,62.97226489800516,-151.25371635433643,1975.996337890625,2.9765865802764893,252.27745056152344
01.22193,pt001317,62.97226489800516,-151.24679654635045,1970.0108642578125,0.6211299896240234,5.554610252380371
01.22193,pt001318,62.97226489800516,-151.23987673836447,1978.863037109375,3.6261308193206787,217.4039764404297
01.22193,pt001319,62.97226489800516,-151.2329569303785,1992.7987060546875,2.925539255142212,247.97048950195312
01.22193,pt001320,62.97226489800516,-151.2260371223925,1997.457275390625,2.282935380935669,197.42393493652344
01.22193,pt001321,62.97226489800516,-151.21911731440653,1987.6728515625,3.7933311462402344,119.17152404785156
01.22193,pt001322,62.97226489800516,-151.21219750642055,1975.7601318359375,1.5632530450820923,145.00035095214844
01.22193,pt001323,62.97226489800516,-151.20527769843457,1991.601806640625,1.1941334009170532,205.26324462890625
01.22193,pt001324,62.97226489800516,-151.1983578904486,2002.0355224609375,5.767071723937988,343.16290283203125
01.22193,pt001325,62.97226489800516,-151.1914380824626,2022.7698974609375,4.793496131896973,255.27197265625
01.22193,pt001326,62.97226489800516,-151.18451827447663,2063.956787109375,9.67050838470459,242.33140563964844
01.22193,pt001327,62.97226489800516,-151.17759846649065,2093.003173828125,5.7005767822265625,276.8763427734375
01.22193,pt001328,62.97226489800516,-151.17067865850467,2139.07861328125,9.175836563110352,296.8128967285156
01.22193,pt001329,62.97226489800516,-151.1637588505187,2175.145263671875,5.711719512939453,217.05026245117188
01.22193,pt001330,62.97226489800516,-151.1568390425327,2181.52294921875,5.763949394226074,169.49876403808594
01.22193,pt001331,62.97226489800516,-151.14991923454673,2207.541748046875,16.52836799621582,237.23289489746094
01.22193,pt001332,62.97226489800516,-151.1291598105888,2357.231201171875,17.520736694335938,185.8490753173828
01.22193,pt001333,62.97226489800516,-151.1222400026028,2379.031005859375,3.550652503967285,150.8628387451172
01.22193,pt001334,62.97226489800516,-151.11532019461683,2417.462890625,14.70075511932373,232.08445739746094
01.22193,pt001335,62.97226489800516,-151.10840038663085,2439.291259765625,4.55872106552124,159.93365478515625
01.22193,pt001336,62.97226489800516,-151.10148057864487,2451.41064453125,8.954493522644043,266.1067810058594
01.22193,pt001337,62.97226489800516,-151.0945607706589,2517.320068359375,9.335883140563965,258.96063232421875
01.22193,pt001338,62.97226489800516,-151.0876409626729,2538.034423828125,1.6227730512619019,229.40789794921875
01.22193,pt001339,62.97226489800516,-151.08072115468693,2555.010009765625,5.653346538543701,299.91607666015625
01.22193,pt001340,62.97226489800516,-151.07380134670095,2601.00634765625,12.58226203918457,304.3372497558594
01.22193,pt001341,62.97226489800516,-151.06688153871497,2749.400634765625,54.009544372558594,326.2585144042969
01.22193,pt001342,62.97226489800516,-151.059961730729,3081.64599609375,52.783592224121094,342.09991455078125
01.22193,pt001343,62.979184705991145,-151.35751347412614,3646.718994140625,31.59878921508789,65.09320068359375
01.22193,pt001344,62.979184705991145,-151.35059366614016,3447.483642578125,43.984737396240234,145.0453643798828
01.22193,pt001345,62.979184705991145,-151.34367385815418,3243.3818359375,42.619117736816406,136.71827697753906
01.22193,pt001346,62.979184705991145,-151.3367540501682,3146.043212890625,52.488765716552734,174.8461456298828
01.22193,pt001347,62.979184705991145,-151.32983424218222,3029.721923828125,35.53472900390625,103.15380096435547
01.22193,pt001348,62.979184705991145,-151.32291443419624,2875.9345703125,12.34469985961914,173.9406280517578
01.22193,pt001349,62.979184705991145,-151.31599462621026,2864.541259765625,19.618986129760742,109.59133911132812
01.22193,pt001350,62.979184705991145,-151.3021550102383,2182.521240234375,28.964128494262695,70.03060913085938
01.22193,pt001351,62.979184705991145,-151.29523520225231,2134.578369140625,2.023825168609619,91.89794921875
01.22193,pt001352,62.979184705991145,-151.28831539426633,2115.071533203125,9.206766128540039,64.5429916381836
01.22193,pt001353,62.979184705991145,-151.28139558628035,2074.895751953125,6.593595027923584,22.229450225830078
01.22193,pt001354,62.979184705991145,-151.27447577829437,2040.8140869140625,4.445140838623047,106.0909423828125
01.22193,pt001355,62.979184705991145,-151.2675559703084,2031.8426513671875,4.718971252441406,86.59081268310547
01.22193,pt001356,62.979184705991145,-151.2606361623224,1995.436279296875,7.729422092437744,154.78466796875
01.22193,pt001357,62.979184705991145,-151.25371635433643,2004.9639892578125,34.40890884399414,210.98899841308594
01.22193,pt001358,62.979184705991145,-151.24679654635045,1978.2989501953125,2.6389403343200684,183.2445068359375
01.22193,pt001359,62.979184705991145,-151.23987673836447,1983.831298828125,3.705530881881714,278.6419677734375
01.22193,pt001360,62.979184705991145,-151.2329569303785,2000.111328125,2.680619955062866,236.29689025878906
01.22193,pt001361,62.979184705991145,-151.2260371223925,1998.3262939453125,2.347160577774048,193.7224884033203
01.22193,pt001362,62.979184705991145,-151.21911731440653,1997.15087890625,2.727917432785034,143.5087432861328
01.22193,pt001363,62.979184705991145,-151.21219750642055,1994.352294921875,3.3293964862823486,165.956787109375
01.22193,pt001364,62.979184705991145,-151.20527769843457,1991.5621337890625,3.992119789123535,189.0967254638672
01.22193,pt001365,62.979184705991145,-151.1983578904486,1998.4854736328125,2.7644050121307373,225.44847106933594
01.22193,pt001366,62.979184705991145,-151.1568390425327,2253.324951171875,23.955528259277344,172.59107971191406
01.22193,pt001367,62.979184705991145,-151.14991923454673,2255.873291015625,20.092832565307617,155.2374267578125
01.22193,pt001368,62.979184705991145,-151.14299942656075,2288.9580078125,25.788354873657227,221.0851287841797
01.22193,pt001369,62.979184705991145,-151.1291598105888,2524.54931640625,24.98711395263672,171.97833251953125
01.22193,pt001370,62.979184705991145,-151.1222400026028,2609.22021484375,28.412490844726562,234.30465698242188
01.22193,pt001371,62.979184705991145,-151.11532019461683,2718.6396484375,26.44236183166504,161.02822875976562
01.22193,pt001372,62.979184705991145,-151.0945607706589,2611.759521484375,35.117462158203125,153.67425537109375
01.22193,pt001373,62.979184705991145,-151.0876409626729,2594.85205078125,13.522512435913086,247.3943634033203
01.22193,pt001374,62.979184705991145,-151.08072115468693,2630.37939453125,9.441373825073242,207.15115356445312
01.22193,pt001375,62.979184705991145,-151.07380134670095,2625.2705078125,11.722997665405273,182.954833984375
01.22193,pt001376,62.979184705991145,-151.06688153871497,2686.763916015625,25.818082809448242,197.10342407226562
01.22193,pt001377,62.979184705991145,-151.059961730729,2795.06787109375,35.486019134521484,256.0299987792969
01.22193,pt001378,62.98610451397713,-151.3367540501682,3404.2021484375,53.21011734008789,99.79542541503906
01.22193,pt001379,62.98610451397713,-151.32983424218222,3061.98291015625,22.855384826660156,123.39022827148438
01.22193,pt001380,62.98610451397713,-151.32291443419624,3018.643798828125,12.675902366638184,214.66598510742188
01.22193,pt001381,62.98610451397713,-151.3021550102383,2171.40380859375,3.572687864303589,205.85972595214844
01.22193,pt001382,62.98610451397713,-151.29523520225231,2189.8369140625,5.198446273803711,128.9064483642578
01.22193,pt001383,62.98610451397713,-151.27447577829437,2309.98779296875,39.83919906616211,71.12346649169922
01.22193,pt001384,62.98610451397713,-151.2675559703084,2250.205322265625,8.439324378967285,189.71218872070312
01.22193,pt001385,62.98610451397713,-151.2606361623224,2244.306884765625,3.6211915016174316,108.8489761352539
01.22193,pt001386,62.98610451397713,-151.25371635433643,2192.0302734375,21.557701110839844,105.95433807373047
01.22193,pt001387,62.98610451397713,-151.24679654635045,2129.317626953125,7.7004618644714355,164.19088745117188
01.22193,pt001388,62.98610451397713,-151.23987673836447,2057.406494140625,15.84636116027832,106.40447998046875
01.22193,pt001389,62.98610451397713,-151.2329569303785,2022.1788330078125,3.0666613578796387,228.05633544921875
01.22193,pt001390,62.98610451397713,-151.2260371223925,2049.9150390625,4.305185794830322,216.6217803955078
01.22193,pt001391,62.98610451397713,-151.21911731440653,2051.96728515625,3.3133537769317627,197.9534912109375
01.22193,pt001392,62.98610451397713,-151.21219750642055,2045.450927734375,3.646514654159546,178.39854431152344
01.22193,pt001393,62.98610451397713,-151.20527769843457,2037.853515625,1.576374888420105,169.90594482421875
01.22193,pt001394,62.98610451397713,-151.1983578904486,2028.139404296875,2.9551334381103516,151.288818359375
01.22193,pt001395,62.98610451397713,-151.1914380824626,2100.742919921875,47.83195114135742,259.6220397949219
01.22193,pt001396,62.98610451397713,-151.18451827447663,2325.6064453125,25.946260452270508,280.00360107421875
01.22193,pt001397,62.98610451397713,-151.17759846649065,2530.9169921875,26.629623413085938,289.5823974609375
01.22193,pt001398,62.98610451397713,-151.14299942656075,2424.03076171875,9.302478790283203,237.58956909179688
01.22193,pt001399,62.98610451397713,-151.13607961857477,2456.365478515625,7.1954145431518555,308.9681396484375
01.22193,pt001400,62.98610451397713,-151.1291598105888,2605.472412109375,35.2714729309082,255.77259826660156
01.22193,pt001401,62.98610451397713,-151.1222400026028,2825.078125,39.32717514038086,251.964111328125
01.22193,pt001402,62.98610451397713,-151.11532019461683,3140.363037109375,50.14006042480469,248.12535095214844
01.22193,pt001403,62.98610451397713,-151.10840038663085,3327.318115234375,32.637306213378906,274.4769592285156
01.22193,pt001404,62.98610451397713,-151.06688153871497,2791.5078125,15.255157470703125,166.8989715576172
01.22193,pt001405,62.98610451397713,-151.059961730729,2830.94873046875,12.387765884399414,257.69415283203125
01.22193,pt001406,62.99302432196312,-151.3021550102383,2326.966796875,14.261497497558594,123.2254867553711
01.22193,pt001407,62.99302432196312,-151.29523520225231,2320.964111328125,47.96550750732422,199.47445678710938
01.22193,pt001408,62.99302432196312,-151.27447577829437,2611.322509765625,41.940704345703125,151.10789489746094
01.22193,pt001409,62.99302432196312,-151.2675559703084,2416.31689453125,46.718505859375,149.18605041503906
01.22193,pt001410,62.99302432196312,-151.2329569303785,2057.281494140625,25.088041305541992,104.73359680175781
01.22193,pt001411,62.99302432196312,-151.2260371223925,2076.125,4.363344192504883,260.6114807128906
01.22193,pt001412,62.99302432196312,-151.21911731440653,2088.946533203125,2.3216419219970703,155.43954467773438
01.22193,pt001413,62.99302432196312,-151.21219750642055,2075.031005859375,5.753574371337891,99.82307434082031
01.22193,pt001414,62.99302432196312,-151.20527769843457,2041.40380859375,5.739381313323975,97.00804901123047
01.22193,pt001415,62.99302432196312,-151.1983578904486,2052.910888671875,5.104773044586182,256.73431396484375
01.22193,pt001416,62.99302432196312,-151.1914380824626,2096.4130859375,36.9275016784668,259.60491943359375
01.22193,pt001417,62.99302432196312,-151.18451827447663,2200.936767578125,30.05280303955078,279.8398742675781
01.22193,pt001418,62.99302432196312,-151.17759846649065,2359.192138671875,13.256855964660645,244.00930786132812
01.22193,pt001419,62.99302432196312,-151.1637588505187,2885.980712890625,47.348079681396484,16.792264938354492
01.22193,pt001420,62.99302432196312,-151.1568390425327,2662.310546875,49.141998291015625,27.367063522338867
01.22193,pt001421,62.99302432196312,-151.14991923454673,2471.115234375,46.65298843383789,38.33295822143555
01.22193,pt001422,62.99302432196312,-151.14299942656075,2398.7734375,10.954225540161133,19.331401824951172
01.22193,pt001423,62.99302432196312,-151.13607961857477,2403.8818359375,8.436699867248535,302.882568359375
01.22193,pt001424,62.99302432196312,-151.1291598105888,2507.642822265625,48.60258102416992,345.26690673828125
01.22193,pt001425,62.99302432196312,-151.1222400026028,2531.673828125,25.426490783691406,331.12176513671875
01.22193,pt001426,62.99302432196312,-151.11532019461683,2811.058837890625,49.862213134765625,286.8458557128906
01.22193,pt001427,62.99302432196312,-151.10840038663085,2945.844482421875,25.726789474487305,297.9426574707031
01.22193,pt001428,62.99302432196312,-151.10148057864487,3138.89501953125,43.39236831665039,309.560791015625
01.22193,pt001429,62.99302432196312,-151.059961730729,3638.210205078125,47.778717041015625,14.327960014343262
01.22193,pt001430,62.99302432196312,-151.053041922743,3643.2626953125,15.71449089050293,34.865875244140625
01.22193,pt001431,62.99994412994911,-151.30907481822427,2477.605712890625,12.144393920898438,109.4027099609375
01.22193,pt001432,62.99994412994911,-151.3021550102383,2628.870849609375,45.905277252197266,232.8904266357422
01.22193,pt001433,62.99994412994911,-151.28831539426633,3056.378662109375,48.42539596557617,248.09593200683594
01.22193,pt001434,62.99994412994911,-151.28139558628035,3316.352783203125,28.90802574157715,148.54193115234375
01.22193,pt001435,62.99994412994911,-151.27447577829437,3134.76171875,39.854496002197266,144.91067504882812
01.22193,pt001436,62.99994412994911,-151.2675559703084,3023.35791015625,37.249237060546875,179.74765014648438
01.22193,pt001437,62.99994412994911,-151.25371635433643,2990.19970703125,44.832454681396484,102.48837280273438
01.22193,pt001438,62.99994412994911,-151.24679654635045,2711.801025390625,34.549110412597656,113.87337493896484
01.22193,pt001439,62.99994412994911,-151.23987673836447,2473.92626953125,35.129615783691406,90.74077606201172
01.22193,pt001440,62.99994412994911,-151.2329569303785,2199.89599609375,33.23149108886719,90.9591293334961
01.22193,pt001441,62.99994412994911,-151.2260371223925,2076.2880859375,7.965358257293701,147.35134887695312
01.22193,pt001442,62.99994412994911,-151.21911731440653,2091.184326171875,4.294288635253906,275.80322265625
01.22193,pt001443,62.99994412994911,-151.21219750642055,2095.6904296875,0.6757619380950928,241.4452362060547
01.22193,pt001444,62.99994412994911,-151.20527769843457,2107.979736328125,5.178765773773193,290.7039794921875
01.22193,pt001445,62.99994412994911,-151.1983578904486,2127.374267578125,2.1410629749298096,316.76531982421875
01.22193,pt001446,62.99994412994911,-151.1914380824626,2135.34033203125,2.5907351970672607,42.78697967529297
01.22193,pt001447,62.99994412994911,-151.18451827447663,2120.082763671875,8.56930160522461,205.33206176757812
01.22193,pt001448,62.99994412994911,-151.17759846649065,2318.70654296875,28.088623046875,337.2540588378906
01.22193,pt001449,62.99994412994911,-151.1637588505187,2260.581298828125,2.4415066242218018,252.82318115234375
01.22193,pt001450,62.99994412994911,-151.1568390425327,2294.31396484375,4.417477607727051,329.35089111328125
01.22193,pt001451,62.99994412994911,-151.14991923454673,2333.913818359375,7.725474834442139,274.7181091308594
01.22193,pt001452,62.99994412994911,-151.14299942656075,2371.4140625,9.725160598754883,287.92205810546875
01.22193,pt001453,62.99994412994911,-151.13607961857477,2423.057861328125,7.0527424812316895,287.24755859375
01.22193,pt001454,62.99994412994911,-151.1291598105888,2429.343505859375,4.411303997039795,149.62301635742188
01.22193,pt001455,62.99994412994911,-151.1222400026028,2434.41748046875,6.89823579788208,234.91954040527344
01.22193,pt001456,62.99994412994911,-151.11532019461683,2483.5380859375,10.477066993713379,265.7740478515625
01.22193,pt001457,62.99994412994911,-151.10840038663085,2530.458984375,6.333248138427734,262.0306091308594
01.22193,pt001458,62.99994412994911,-151.10148057864487,2557.76318359375,3.88183331489563,281.31329345703125
01.22193,pt001459,62.99994412994911,-151.0945607706589,2573.850341796875,3.470614194869995,222.49847412109375
01.22193,pt001460,62.99994412994911,-151.0876409626729,2620.04150390625,14.75415325164795,314.975830078125
01.22193,pt001461,62.99994412994911,-151.08072115468693,2724.1943359375,20.873489379882812,305.18353271484375
01.22193,pt001462,62.99994412994911,-151.07380134670095,2811.092041015625,17.668291091918945,318.3665771484375
01.22193,pt001463,62.99994412994911,-151.06688153871497,2970.146728515625,25.278074264526367,268.38134765625
01.22193,pt001464,62.99994412994911,-151.059961730729,3158.21435546875,8.166116714477539,215.28245544433594
01.22193,pt001465,62.99994412994911,-151.053041922743,3220.891357421875,10.904433250427246,322.2535400390625
01.22193,pt001466,62.99994412994911,-151.04612211475703,3394.373779296875,46.26652908325195,355.2937927246094
01.22193,pt001467,62.99994412994911,-151.03920230677105,3489.091796875,18.870872497558594,342.1400451660156
01.22193,pt001468,62.99994412994911,-151.03228249878507,3690.646484375,41.11489486694336,256.6662292480469
01.22193,pt001469,63.006863937935094,-151.31599462621026,3346.198974609375,51.85685348510742,146.2410888671875
01.22193,pt001470,63.006863937935094,-151.30907481822427,3176.191650390625,43.09678649902344,116.10279846191406
01.22193,pt001471,63.006863937935094,-151.3021550102383,2962.823486328125,25.810077667236328,214.4750518798828
01.22193,pt001472,63.006863937935094,-151.29523520225231,3139.39599609375,49.473045349121094,277.8227844238281
01.22193,pt001473,63.006863937935094,-151.28831539426633,3469.054931640625,42.97593688964844,229.9197540283203
01.22193,pt001474,63.006863937935094,-151.28139558628035,3734.486328125,27.920278549194336,216.51910400390625
01.22193,pt001475,63.006863937935094,-151.27447577829437,3754.58837890625,43.20151901245117,153.19869995117188
01.22193,pt001476,63.006863937935094,-151.2675559703084,3641.96630859375,29.753341674804688,181.9326171875
01.22193,pt001477,63.006863937935094,-151.2606361623224,3467.545166015625,33.556488037109375,138.67864990234375
01.22193,pt001478,63.006863937935094,-151.25371635433643,3237.07275390625,55.4043083190918,83.23664093017578
01.22193,pt001479,63.006863937935094,-151.24679654635045,2954.386474609375,32.73897933959961,80.83028411865234
01.22193,pt001480,63.006863937935094,-151.23987673836447,2673.275146484375,34.5974235534668,120.16162872314453
01.22193,pt001481,63.006863937935094,-151.2329569303785,2500.914794921875,33.10858917236328,88.58301544189453
01.22193,pt001482,63.006863937935094,-151.21911731440653,2120.94921875,5.841531753540039,79.50938415527344
01.22193,pt001483,63.006863937935094,-151.21219750642055,2099.85498046875,2.417707681655884,295.5752868652344
01.22193,pt001484,63.006863937935094,-151.20527769843457,2101.744384765625,1.6431732177734375,190.92330932617188
01.22193,pt001485,63.006863937935094,-151.1983578904486,2137.224609375,10.792587280273438,223.62843322753906
01.22193,pt001486,63.006863937935094,-151.1914380824626,2153.75048828125,7.61837911605835,277.61566162109375
01.22193,pt001487,63.006863937935094,-151.18451827447663,2185.09619140625,3.2744929790496826,249.66900634765625
01.22193,pt001488,63.006863937935094,-151.17759846649065,2191.2587890625,1.0431503057479858,184.5071258544922
01.22193,pt001489,63.006863937935094,-151.17067865850467,2197.661376953125,3.055363893508911,199.08770751953125
01.22193,pt001490,63.006863937935094,-151.1637588505187,2220.1396484375,2.78535795211792,238.49349975585938
01.22193,pt001491,63.006863937935094,-151.1568390425327,2228.79150390625,4.796361446380615,4.774575233459473
01.22193,pt001492,63.006863937935094,-151.14991923454673,2255.287841796875,14.6697416305542,236.5441436767578
01.22193,pt001493,63.006863937935094,-151.14299942656075,2293.79736328125,6.254786968231201,272.1507568359375
01.22193,pt001494,63.006863937935094,-151.13607961857477,2435.24072265625,19.352752685546875,272.3445129394531
01.22193,pt001495,63.006863937935094,-151.1291598105888,2545.903076171875,19.604206085205078,182.0342254638672
01.22193,pt001496,63.006863937935094,-151.1222400026028,2565.830322265625,26.413103103637695,172.30307006835938
01.22193,pt001497,63.006863937935094,-151.11532019461683,2517.567138671875,5.655301094055176,140.5686492919922
01.22193,pt001498,63.006863937935094,-151.10840038663085,2518.35498046875,10.958020210266113,196.05369567871094
01.22193,pt001499,63.006863937935094,-151.10148057864487,2568.455810546875,34.4649772644043,250.06698608398438
01.22193,pt001500,63.006863937935094,-151.0945607706589,2662.353515625,14.002043724060059,121.98091888427734
01.22193,pt001501,63.006863937935094,-151.0876409626729,2653.335205078125,3.965688943862915,216.67393493652344
01.22193,pt001502,63.006863937935094,-151.08072115468693,2662.05908203125,8.581220626831055,232.21456909179688
01.22193,pt001503,63.006863937935094,-151.07380134670095,2697.989501953125,8.619033813476562,224.72833251953125
01.22193,pt001504,63.006863937935094,-151.06688153871497,2738.8359375,15.348797798156738,343.48370361328125
01.22193,pt001505,63.006863937935094,-151.059961730729,2914.798583984375,54.54011154174805,340.2920227050781
01.22193,pt001506,63.006863937935094,-151.03920230677105,3967.38232421875,45.3596305847168,212.3181610107422
01.22193,pt001507,63.01378374592108,-151.30907481822427,3365.350830078125,35.689796447753906,147.4105224609375
01.22193,pt001508,63.01378374592108,-151.3021550102383,3231.791748046875,32.731258392333984,194.83348083496094
01.22193,pt001509,63.01378374592108,-151.29523520225231,3452.986083984375,37.68117904663086,251.20748901367188
01.22193,pt001510,63.01378374592108,-151.28831539426633,3691.70458984375,40.88338851928711,244.55740356445312
01.22193,pt001511,63.01378374592108,-151.28139558628035,3675.813720703125,41.04623031616211,34.041934967041016
01.22193,pt001512,63.01378374592108,-151.27447577829437,3437.941650390625,48.91654968261719,16.095340728759766
01.22193,pt001513,63.01378374592108,-151.2675559703084,3288.684326171875,39.90718460083008,18.893587112426758
01.22193,pt001514,63.01378374592108,-151.25371635433643,2763.14404296875,44.01094055175781,62.743343353271484
01.22193,pt001515,63.01378374592108,-151.24679654635045,2553.90673828125,43.13955307006836,44.484554290771484
01.22193,pt001516,63.01378374592108,-151.23987673836447,2310.497802734375,29.5886287689209,53.448551177978516
01.22193,pt001517,63.01378374592108,-151.2329569303785,2211.181396484375,8.809844970703125,110.97174072265625
01.22193,pt001518,63.01378374592108,-151.2260371223925,2182.934326171875,6.119968414306641,136.42506408691406
01.22193,pt001519,63.01378374592108,-151.21911731440653,2148.318359375,9.872235298156738,88.28606414794922
01.22193,pt001520,63.01378374592108,-151.21219750642055,2119.26318359375,4.074381351470947,123.31367492675781
01.22193,pt001521,63.01378374592108,-151.20527769843457,2154.196533203125,9.778118133544922,210.47434997558594
01.22193,pt001522,63.01378374592108,-151.1914380824626,2233.615478515625,4.769811153411865,208.3544158935547
01.22193,pt001523,63.01378374592108,-151.18451827447663,2223.49169921875,8.323958396911621,116.47228240966797
01.22193,pt001524,63.01378374592108,-151.17759846649065,2206.087646484375,4.326615810394287,112.23658752441406
01.22193,pt001525,63.01378374592108,-151.17067865850467,2213.26318359375,2.9647696018218994,204.70347595214844
01.22193,pt001526,63.01378374592108,-151.1637588505187,2234.087646484375,6.102843284606934,237.1741485595703
01.22193,pt001527,63.01378374592108,-151.14991923454673,2705.03076171875,31.279272079467773,285.61102294921875
01.22193,pt001528,63.01378374592108,-151.14299942656075,2807.483154296875,41.90227508544922,184.2250213623047
01.22193,pt001529,63.01378374592108,-151.10840038663085,2630.007568359375,13.253763198852539,188.0464324951172
01.22193,pt001530,63.01378374592108,-151.10148057864487,2729.1796875,59.56576156616211,292.14373779296875
01.22193,pt001531,63.01378374592108,-151.0876409626729,3102.93701171875,48.52830123901367,197.02444458007812
01.22193,pt001532,63.01378374592108,-151.08072115468693,2997.460693359375,49.93596649169922,142.0637969970703
01.22193,pt001533,63.01378374592108,-151.07380134670095,2810.62744140625,26.669775009155273,164.41561889648438
01.22193,pt001534,63.01378374592108,-151.06688153871497,2796.53369140625,9.177130699157715,169.1068115234375
01.22193,pt001535,63.01378374592108,-151.059961730729,2793.621826171875,4.526739597320557,188.7693634033203
01.22193,pt001536,63.01378374592108,-151.053041922743,2851.2421875,20.62579345703125,265.47723388671875
01.22193,pt001537,63.01378374592108,-151.04612211475703,3120.151611328125,33.188941955566406,303.65087890625
01.22193,pt001538,63.01378374592108,-151.03920230677105,3390.638916015625,47.916473388671875,280.9303894042969
01.22193,pt001539,63.01378374592108,-151.03228249878507,3588.025634765625,37.11267852783203,327.7679138183594
01.22193,pt001540,63.01378374592108,-151.02536269079908,3686.0185546875,53.843143463134766,340.9894714355469
01.22193,pt001541,63.01378374592108,-151.0184428828131,3938.353759765625,53.11985397338867,314.7171630859375
01.22193,pt001542,63.01378374592108,-151.01152307482712,4179.7294921875,35.2193603515625,314.4200134277344
01.22193,pt001543,63.02070355390707,-151.28139558628035,3291.400146484375,41.6179313659668,70.55888366699219
01.22193,pt001544,63.02070355390707,-151.2675559703084,2678.813232421875,34.515438079833984,47.184993743896484
01.22193,pt001545,63.02070355390707,-151.2606361623224,2555.47216796875,30.09754753112793,35.113346099853516
01.22193,pt001546,63.02070355390707,-151.25371635433643,2373.041015625,23.889238357543945,51.22084426879883
01.22193,pt001547,63.02070355390707,-151.24679654635045,2295.8203125,8.508091926574707,105.6239242553711
01.22193,pt001548,63.02070355390707,-151.2329569303785,2264.3662109375,7.6062703132629395,202.82102966308594
01.22193,pt001549,63.02070355390707,-151.2260371223925,2339.720703125,43.60014343261719,274.5242004394531
01.22193,pt001550,63.02070355390707,-151.20527769843457,2332.53125,30.395193099975586,165.89492797851562
01.22193,pt001551,63.02070355390707,-151.1983578904486,2332.1630859375,17.58306312561035,89.14912414550781
01.22193,pt001552,63.02070355390707,-151.1914380824626,2290.407958984375,4.661006927490234,198.3610382080078
01.22193,pt001553,63.02070355390707,-151.18451827447663,2293.9228515625,3.8851606845855713,215.61085510253906
01.22193,pt001554,63.02070355390707,-151.17759846649065,2280.62646484375,6.915801525115967,157.78662109375
01.22193,pt001555,63.02070355390707,-151.17067865850467,2262.036865234375,3.387190341949463,174.6311798095703
01.22193,pt001556,63.02070355390707,-151.1637588505187,2281.52392578125,3.265748977661133,229.8740997314453
01.22193,pt001557,63.02070355390707,-151.1568390425327,2351.6220703125,36.62191390991211,274.2110290527344
01.22193,pt001558,63.02070355390707,-151.14991923454673,2488.0419921875,7.517375469207764,313.7275390625
01.22193,pt001559,63.02070355390707,-151.14299942656075,2509.09228515625,30.539091110229492,326.43133544921875
01.22193,pt001560,63.02070355390707,-151.13607961857477,2612.396484375,35.13106155395508,294.88043212890625
01.22193,pt001561,63.02070355390707,-151.1291598105888,2838.500244140625,28.86452293395996,267.21240234375
01.22193,pt001562,63.02070355390707,-151.1222400026028,3174.793701171875,44.251461029052734,199.51568603515625
01.22193,pt001563,63.02070355390707,-151.10148057864487,2865.80126953125,31.867389678955078,218.89430236816406
01.22193,pt001564,63.02070355390707,-151.0945607706589,3011.873779296875,49.30388641357422,256.4971923828125
01.22193,pt001565,63.02070355390707,-151.0876409626729,3440.49951171875,39.74981689453125,260.4679870605469
01.22193,pt001566,63.02070355390707,-151.07380134670095,2946.7314453125,44.716819763183594,116.20651245117188
01.22193,pt001567,63.02070355390707,-151.06688153871497,2859.5849609375,4.303464889526367,259.0586853027344
01.22193,pt001568,63.02070355390707,-151.059961730729,2839.199951171875,2.2440569400787354,351.219970703125
01.22193,pt001569,63.02070355390707,-151.053041922743,2872.371337890625,7.794010639190674,272.5718078613281
01.22193,pt001570,63.02070355390707,-151.04612211475703,2890.877685546875,3.566131830215454,343.41265869140625
01.22193,pt001571,63.02070355390707,-151.03920230677105,2940.923095703125,14.86595630645752,296.56072998046875
01.22193,pt001572,63.02070355390707,-151.03228249878507,3011.330810546875,21.893613815307617,323.9267883300781
01.22193,pt001573,63.02070355390707,-151.02536269079908,3073.20458984375,16.336692810058594,316.98321533203125
01.22193,pt001574,63.02070355390707,-151.0184428828131,3261.95947265625,49.94346237182617,295.36322021484375
01.22193,pt001575,63.027623361893056,-151.28139558628035,2968.436767578125,22.906618118286133,80.1366958618164
01.22193,pt001576,63.027623361893056,-151.27447577829437,2578.63525390625,16.51715087890625,84.2720718383789
01.22193,pt001577,63.027623361893056,-151.2675559703084,2486.39990234375,12.51650333404541,133.4615936279297
01.22193,pt001578,63.027623361893056,-151.2606361623224,2435.95654296875,12.72987174987793,145.9663543701172
01.22193,pt001579,63.027623361893056,-151.25371635433643,2411.103515625,28.160564422607422,174.77821350097656
01.22193,pt001580,63.027623361893056,-151.24679654635045,2496.03369140625,30.484880447387695,228.3502655029297
01.22193,pt001581,63.027623361893056,-151.23987673836447,2577.1630859375,33.48100662231445,188.965576171875
01.22193,pt001582,63.027623361893056,-151.2329569303785,2444.76171875,31.11296844482422,128.16246032714844
01.22193,pt001583,63.027623361893056,-151.2260371223925,2409.20458984375,14.58011531829834,208.01565551757812
01.22193,pt001584,63.027623361893056,-151.21911731440653,2535.06640625,44.565895080566406,258.2327575683594
01.22193,pt001585,63.027623361893056,-151.21219750642055,2486.511962890625,45.78401184082031,42.5622673034668
01.22193,pt001586,63.027623361893056,-151.20527769843457,2392.504150390625,12.189677238464355,188.47097778320312
01.22193,pt001587,63.027623361893056,-151.1983578904486,2371.63671875,8.117610931396484,86.34864044189453
01.22193,pt001588,63.027623361893056,-151.1914380824626,2324.531494140625,4.814189434051514,117.2679214477539
01.22193,pt001589,63.027623361893056,-151.18451827447663,2313.270751953125,1.5210132598876953,307.8659362792969
01.22193,pt001590,63.027623361893056,-151.17759846649065,2313.472900390625,1.7884666919708252,225.24530029296875
01.22193,pt001591,63.027623361893056,-151.17067865850467,2330.76806640625,8.958724021911621,205.7307586669922
01.22193,pt001592,63.027623361893056,-151.1637588505187,2351.735595703125,8.845882415771484,188.14410400390625
01.22193,pt001593,63.027623361893056,-151.1568390425327,2375.232666015625,17.98866844177246,194.08326721191406
01.22193,pt001594,63.027623361893056,-151.14991923454673,2403.02880859375,11.523516654968262,216.91693115234375
01.22193,pt001595,63.027623361893056,-151.0876409626729,3979.9912109375,46.27139663696289,221.2190704345703
01.22193,pt001596,63.027623361893056,-151.053041922743,2989.67822265625,18.864301681518555,173.12307739257812
01.22193,pt001597,63.027623361893056,-151.04612211475703,2945.081298828125,21.15206527709961,151.44683837890625
01.22193,pt001598,63.027623361893056,-151.03920230677105,2914.4169921875,8.228177070617676,248.66282653808594
01.22193,pt001599,63.027623361893056,-151.03228249878507,2986.695556640625,12.17666244506836,229.42303466796875
01.22193,pt001600,63.027623361893056,-151.02536269079908,3045.889404296875,38.24428176879883,259.92193603515625
01.22193,pt001601,63.027623361893056,-151.0184428828131,3237.650146484375,18.98725128173828,321.4608154296875
01.22193,pt001602,63.027623361893056,-151.01152307482712,3383.690673828125,40.53642272949219,303.66925048828125
01.22193,pt001603,63.027623361893056,-151.00460326684114,3701.653564453125,52.66965103149414,261.50634765625
01.22193,pt001604,63.027623361893056,-150.99768345885516,4075.611572265625,32.5092887878418,259.1121520996094
01.22193,pt001605,63.027623361893056,-150.99076365086918,4431.1728515625,55.13340759277344,259.41448974609375
01.22193,pt001606,63.03454316987904,-151.27447577829437,3035.89599609375,38.48012924194336,138.04443359375
01.22193,pt001607,63.03454316987904,-151.2606361623224,3116.411376953125,48.09095764160156,203.1436309814453
01.22193,pt001608,63.03454316987904,-151.25371635433643,3046.12890625,44.40479278564453,174.60594177246094
01.22193,pt001609,63.03454316987904,-151.23987673836447,3094.420166015625,38.4385986328125,165.0047149658203
01.22193,pt001610,63.03454316987904,-151.2260371223925,2694.623291015625,44.777408599853516,46.473480224609375
01.22193,pt001611,63.03454316987904,-151.21911731440653,2520.795166015625,36.07476043701172,40.499412536621094
01.22193,pt001612,63.03454316987904,-151.21219750642055,2452.14404296875,5.224722862243652,221.57168579101562
01.22193,pt001613,63.03454316987904,-151.20527769843457,2457.859130859375,4.904584884643555,25.876253128051758
01.22193,pt001614,63.03454316987904,-151.1983578904486,2400.680419921875,12.851835250854492,174.5228729248047
01.22193,pt001615,63.03454316987904,-151.1914380824626,2389.44140625,8.215126037597656,177.7194061279297
01.22193,pt001616,63.03454316987904,-151.18451827447663,2377.801513671875,12.92249584197998,191.24559020996094
01.22193,pt001617,63.03454316987904,-151.17759846649065,2353.4619140625,9.953096389770508,174.8186492919922
01.22193,pt001618,63.03454316987904,-151.17067865850467,2396.1240234375,17.00644302368164,273.13006591796875
01.22193,pt001619,63.03454316987904,-151.1637588505187,2424.039794921875,7.489324569702148,198.8070831298828
01.22193,pt001620,63.03454316987904,-151.1568390425327,2444.11083984375,7.81066370010376,220.8461151123047
01.22193,pt001621,63.03454316987904,-151.14991923454673,2511.840087890625,6.317353248596191,273.6872863769531
01.22193,pt001622,63.03454316987904,-151.14299942656075,2558.523193359375,4.968552112579346,214.18385314941406
01.22193,pt001623,63.03454316987904,-151.13607961857477,2600.949462890625,44.17543029785156,290.1942443847656
01.22193,pt001624,63.03454316987904,-151.10840038663085,3362.217041015625,44.66499328613281,31.216367721557617
01.22193,pt001625,63.03454316987904,-151.10148057864487,3265.96484375,39.936744689941406,11.437287330627441
01.22193,pt001626,63.03454316987904,-151.0876409626729,3276.664306640625,54.6871223449707,6.695770740509033
01.22193,pt001627,63.03454316987904,-151.03920230677105,3160.197998046875,21.1884708404541,246.13412475585938
01.22193,pt001628,63.03454316987904,-151.03228249878507,3241.722412109375,8.135144233703613,217.6611785888672
01.22193,pt001629,63.03454316987904,-151.02536269079908,3331.338623046875,29.25926399230957,208.7095947265625
01.22193,pt001630,63.03454316987904,-151.0184428828131,3550.205322265625,29.36123275756836,221.97801208496094
01.22193,pt001631,63.03454316987904,-151.01152307482712,3665.521728515625,28.093557357788086,305.88525390625
01.22193,pt001632,63.03454316987904,-151.00460326684114,3762.292724609375,18.057405471801758,279.34613037109375
01.22193,pt001633,63.03454316987904,-150.99768345885516,3883.990478515625,39.58384704589844,322.52685546875
01.22193,pt001634,63.03454316987904,-150.99076365086918,4128.185546875,49.958377838134766,305.2859191894531
01.22193,pt001635,63.03454316987904,-150.97692403489722,4812.5986328125,35.66008377075195,202.62530517578125
01.22193,pt001636,63.04146297786503,-151.24679654635045,3279.036376953125,39.03585433959961,104.29045104980469
01.22193,pt001637,63.04146297786503,-151.2260371223925,2524.25634765625,5.365394592285156,109.6794204711914
01.22193,pt001638,63.04146297786503,-151.21911731440653,2470.58056640625,6.1118574142456055,63.11908721923828
01.22193,pt001639,63.04146297786503,-151.21219750642055,2473.441162109375,6.09213399887085,258.6600341796875
01.22193,pt001640,63.04146297786503,-151.20527769843457,2475.549072265625,17.496353149414062,199.58447265625
01.22193,pt001641,63.04146297786503,-151.1983578904486,2527.720947265625,16.13543701171875,238.57650756835938
01.22193,pt001642,63.04146297786503,-151.1914380824626,2532.365966796875,4.882087230682373,332.1085205078125
01.22193,pt001643,63.04146297786503,-151.18451827447663,2548.19091796875,10.243694305419922,140.1611785888672
01.22193,pt001644,63.04146297786503,-151.17759846649065,2515.74951171875,17.95940399169922,224.2852325439453
01.22193,pt001645,63.04146297786503,-151.17067865850467,2632.782958984375,20.68134880065918,200.6503143310547
01.22193,pt001646,63.04146297786503,-151.1637588505187,2701.431884765625,18.733915328979492,169.11244201660156
01.22193,pt001647,63.04146297786503,-151.1568390425327,2533.2216796875,22.952280044555664,102.77043914794922
01.22193,pt001648,63.04146297786503,-151.14991923454673,2553.212158203125,14.579894065856934,204.8363037109375
01.22193,pt001649,63.04146297786503,-151.14299942656075,2601.143798828125,28.86128807067871,231.13905334472656
01.22193,pt001650,63.04146297786503,-151.13607961857477,2631.8544921875,9.53011417388916,217.2200469970703
01.22193,pt001651,63.04146297786503,-151.1291598105888,2620.6865234375,13.96503734588623,182.9366455078125
01.22193,pt001652,63.04146297786503,-151.1222400026028,2703.830810546875,25.1939640045166,263.7974548339844
01.22193,pt001653,63.04146297786503,-151.11532019461683,2733.478515625,2.3133931159973145,316.70831298828125
01.22193,pt001654,63.04146297786503,-151.10840038663085,2785.98583984375,9.709175109863281,286.9576110839844
01.22193,pt001655,63.04146297786503,-151.10148057864487,2827.685791015625,7.062872886657715,332.1695251464844
01.22193,pt001656,63.04146297786503,-151.0945607706589,2850.5185546875,3.813721179962158,214.80929565429688
01.22193,pt001657,63.04146297786503,-151.0876409626729,2860.436279296875,5.082735061645508,195.18301391601562
01.22193,pt001658,63.04146297786503,-151.08072115468693,2901.86083984375,22.576278686523438,275.5580749511719
01.22193,pt001659,63.04146297786503,-151.07380134670095,3005.79052734375,8.865516662597656,337.0923156738281
01.22193,pt001660,63.04146297786503,-151.06688153871497,3083.617919921875,34.68132781982422,238.1887664794922
01.22193,pt001661,63.04146297786503,-151.059961730729,3221.07958984375,10.187409400939941,173.97088623046875
01.22193,pt001662,63.04146297786503,-151.053041922743,3311.175537109375,27.988439559936523,276.0644226074219
01.22193,pt001663,63.04146297786503,-151.04612211475703,3624.996826171875,46.046165466308594,316.8365173339844
01.22193,pt001664,63.04146297786503,-151.03228249878507,3319.596435546875,18.854618072509766,156.27032470703125
01.22193,pt001665,63.04146297786503,-151.02536269079908,3336.392822265625,29.835819244384766,261.8096923828125
01.22193,pt001666,63.04146297786503,-151.0184428828131,3439.890380859375,5.188289642333984,244.7606658935547
01.22193,pt001667,63.04146297786503,-151.01152307482712,3441.915771484375,3.4727530479431152,181.2478790283203
01.22193,pt001668,63.04146297786503,-151.00460326684114,3511.984130859375,19.74828338623047,289.9000244140625
01.22193,pt001669,63.04146297786503,-150.99768345885516,3595.96630859375,20.03164291381836,323.2709655761719
01.22193,pt001670,63.04146297786503,-150.99076365086918,3770.18798828125,46.91999816894531,311.56817626953125
01.22193,pt001671,63.04146297786503,-150.97692403489722,4543.64208984375,54.33437728881836,287.1489562988281
01.22193,pt001672,63.04838278585102,-151.23987673836447,3377.717529296875,41.560726165771484,106.98067474365234
01.22193,pt001673,63.04838278585102,-151.20527769843457,2642.116455078125,11.211984634399414,211.85763549804688
01.22193,pt001674,63.04838278585102,-151.1983578904486,2656.829345703125,15.927867889404297,181.69329833984375
01.22193,pt001675,63.04838278585102,-151.1914380824626,2638.851806640625,5.6289286613464355,197.832275390625
01.22193,pt001676,63.04838278585102,-151.18451827447663,2662.240234375,7.676131725311279,176.8498992919922
01.22193,pt001677,63.04838278585102,-151.17759846649065,2729.6220703125,16.429248809814453,249.725341796875
01.22193,pt001678,63.04838278585102,-151.17067865850467,2901.9091796875,34.104637145996094,250.29139709472656
01.22193,pt001679,63.04838278585102,-151.1637588505187,2888.983154296875,18.415929794311523,155.9607696533203
01.22193,pt001680,63.04838278585102,-151.1568390425327,2957.423095703125,33.875205993652344,252.4271697998047
01.22193,pt001681,63.04838278585102,-151.14991923454673,3049.483642578125,17.828142166137695,217.50247192382812
01.22193,pt001682,63.04838278585102,-151.13607961857477,2702.8349609375,28.137666702270508,161.25608825683594
01.22193,pt001683,63.04838278585102,-151.1291598105888,2700.178466796875,4.131547451019287,261.08319091796875
01.22193,pt001684,63.04838278585102,-151.1222400026028,2686.548828125,3.6532068252563477,250.69415283203125
01.22193,pt001685,63.04838278585102,-151.11532019461683,2733.114501953125,5.484010696411133,264.2038879394531
01.22193,pt001686,63.04838278585102,-151.10840038663085,2748.48876953125,9.64456558227539,197.8946990966797
01.22193,pt001687,63.04838278585102,-151.0945607706589,2916.194580078125,10.389788627624512,177.17616271972656
01.22193,pt001688,63.04838278585102,-151.0876409626729,2932.3046875,8.8661527633667,247.58018493652344
01.22193,pt001689,63.04838278585102,-151.08072115468693,2960.319091796875,12.594032287597656,239.15403747558594
01.22193,pt001690,63.04838278585102,-151.03920230677105,3586.730712890625,39.63594436645508,210.49459838867188
01.22193,pt001691,63.04838278585102,-151.03228249878507,3750.120849609375,57.54808044433594,274.4776916503906
01.22193,pt001692,63.04838278585102,-151.00460326684114,3575.22509765625,32.55474853515625,191.0489501953125
01.22193,pt001693,63.055302593837006,-151.2329569303785,3765.123046875,17.331165313720703,45.27374267578125
01.22193,pt001694,63.055302593837006,-151.2260371223925,3664.21630859375,26.77008819580078,117.61560821533203
01.22193,pt001695,63.055302593837006,-151.21911731440653,3387.64599609375,47.760250091552734,112.92725372314453
01.22193,pt001696,63.055302593837006,-151.21219750642055,3116.34423828125,33.09136962890625,124.74348449707031
01.22193,pt001697,63.055302593837006,-151.20527769843457,2881.329833984375,35.784446716308594,137.52090454101562
01.22193,pt001698,63.055302593837006,-151.1983578904486,2764.928466796875,15.291823387145996,179.29417419433594
01.22193,pt001699,63.055302593837006,-151.1914380824626,2786.751953125,6.808078289031982,204.9905548095703
01.22193,pt001700,63.055302593837006,-151.18451827447663,2783.708984375,12.74307632446289,156.2566680908203
01.22193,pt001701,63.055302593837006,-151.17759846649065,2837.251220703125,13.320929527282715,227.59524536132812
01.22193,pt001702,63.055302593837006,-151.17067865850467,2970.716064453125,40.33466720581055,267.61981201171875
01.22193,pt001703,63.055302593837006,-151.1637588505187,3060.792724609375,10.18380069732666,158.22216796875
01.22193,pt001704,63.055302593837006,-151.1568390425327,2989.394287109375,10.690604209899902,183.7367706298828
01.22193,pt001705,63.055302593837006,-151.14991923454673,3042.1220703125,36.92112731933594,292.6606750488281
01.22193,pt001706,63.055302593837006,-151.14299942656075,3409.121337890625,43.398624420166016,176.24359130859375
01.22193,pt001707,63.055302593837006,-151.1291598105888,2967.1259765625,25.706518173217773,122.5630111694336
01.22193,pt001708,63.055302593837006,-151.1222400026028,3008.03271484375,26.50589942932129,227.8881378173828
01.22193,pt001709,63.055302593837006,-151.10840038663085,3173.199951171875,30.533720016479492,216.1656951904297
01.22193,pt001710,63.055302593837006,-151.08072115468693,3019.088623046875,24.166385650634766,218.41787719726562
01.22193,pt001711,63.055302593837006,-151.07380134670095,3158.92724609375,40.02429962158203,253.27255249023438
01.22193,pt001712,63.06222240182299,-151.21219750642055,3293.007568359375,51.83938217163086,131.10479736328125
01.22193,pt001713,63.06222240182299,-151.20527769843457,3087.820068359375,37.985015869140625,122.27554321289062
01.22193,pt001714,63.06222240182299,-151.1983578904486,2885.090087890625,19.552412033081055,155.421630859375
01.22193,pt001715,63.06222240182299,-151.1914380824626,2863.519287109375,9.609444618225098,148.25042724609375
01.22193,pt001716,63.06222240182299,-151.18451827447663,2881.598388671875,4.225494861602783,188.5404052734375
01.22193,pt001717,63.06222240182299,-151.17759846649065,2896.078125,4.087132930755615,310.3340759277344
01.22193,pt001718,63.06222240182299,-151.17067865850467,3053.99462890625,36.55350875854492,253.91221618652344
01.22193,pt001719,63.06222240182299,-151.1637588505187,3247.392333984375,25.22829818725586,289.5351867675781
01.22193,pt001720,63.06222240182299,-151.1568390425327,3341.661376953125,17.5202693939209,244.40904235839844
01.22193,pt001721,63.06222240182299,-151.14991923454673,3375.217041015625,47.21612548828125,211.6663818359375
01.22193,pt001722,63.06222240182299,-151.14299942656075,3638.24072265625,50.51245880126953,266.906005859375
01.22193,pt001723,63.06222240182299,-151.13607961857477,3888.75537109375,54.89284133911133,160.90621948242188
01.22193,pt001724,63.06914220980898,-151.1983578904486,3144.203857421875,21.030006408691406,164.34884643554688
01.22193,pt001725,63.06914220980898,-151.1914380824626,2976.114013671875,13.634140968322754,166.64132690429688
01.22193,pt001726,63.06914220980898,-151.18451827447663,2939.17724609375,9.960648536682129,188.74615478515625
01.22193,pt001727,63.06914220980898,-151.17759846649065,2951.67236328125,8.430787086486816,187.48667907714844
01.22193,pt001728,63.06914220980898,-151.17067865850467,2978.395751953125,4.204982280731201,79.92897033691406
01.22193,pt001729,63.06914220980898,-151.1637588505187,3196.150146484375,39.7726936340332,269.32244873046875
01.22193,pt001730,63.06914220980898,-151.1568390425327,3367.082275390625,10.780821800231934,320.1492004394531
01.22193,pt001731,63.06914220980898,-151.14991923454673,3387.21728515625,31.805299758911133,292.298828125
01.22193,pt001732,63.06914220980898,-151.14299942656075,3649.40283203125,22.763919830322266,324.4117431640625
01.22193,pt001733,63.06914220980898,-151.13607961857477,3728.047119140625,43.44907760620117,350.0305480957031
01.22193,pt001734,63.06914220980898,-151.1291598105888,3836.974609375,38.187255859375,348.828369140625
01.22193,pt001735,63.06914220980898,-151.1222400026028,3854.690673828125,37.242183685302734,26.32999610900879
01.22193,pt001736,63.06914220980898,-151.11532019461683,3910.178466796875,18.130043029785156,338.30328369140625
01.22193,pt001737,63.06914220980898,-151.10840038663085,3991.44091796875,45.366756439208984,267.2033386230469
01.22193,pt001738,63.07606201779497,-151.18451827447663,3093.317138671875,28.51076889038086,133.02232360839844
01.22193,pt001739,63.07606201779497,-151.17759846649065,3034.8583984375,3.9333910942077637,195.8050537109375
01.22193,pt001740,63.07606201779497,-151.17067865850467,3051.19677734375,4.769636154174805,248.28736877441406
01.22193,pt001741,63.07606201779497,-151.1637588505187,3129.73046875,11.850830078125,331.713134765625
01.22193,pt001742,63.07606201779497,-151.1568390425327,3189.020263671875,26.063926696777344,273.7551574707031
01.22193,pt001743,63.07606201779497,-151.14991923454673,3388.721435546875,40.430728912353516,195.52926635742188
01.22193,pt001744,63.07606201779497,-151.14299942656075,3464.828125,42.49622344970703,190.9448699951172
01.22193,pt001745,63.07606201779497,-151.13607961857477,3549.55126953125,22.276378631591797,295.8858947753906
