rgiid,site,lat,lon,elevation,slope,aspect
01.00570,pt000000,63.250935344825905,-145.44815491988132,1163.346435546875,2.029590368270874,145.22044372558594
01.00570,pt000001,63.250935344825905,-145.44713180105546,1163.6270751953125,2.6815507411956787,190.6334991455078
01.00570,pt000002,63.250935344825905,-145.4461086822296,1165.5087890625,3.2428641319274902,227.42813110351562
01.00570,pt000003,63.250935344825905,-145.44508556340375,1166.9027099609375,2.5874998569488525,229.4696502685547
01.00570,pt000004,63.250935344825905,-145.4440624445779,1169.0245361328125,3.242647409439087,246.95384216308594
01.00570,pt000005,63.250935344825905,-145.44303932575204,1172.6461181640625,4.589106559753418,279.2732849121094
01.00570,pt000006,63.250935344825905,-145.44201620692618,1175.601806640625,5.196617603302002,289.5096130371094
01.00570,pt000007,63.250935344825905,-145.44099308810033,1179.0692138671875,4.820173263549805,328.36480712890625
01.00570,pt000008,63.250935344825905,-145.43996996927447,1185.9984130859375,7.586174488067627,287.7247009277344
01.00570,pt000009,63.250935344825905,-145.43894685044862,1189.583251953125,6.210601806640625,296.8119201660156
01.00570,pt000010,63.25195846365176,-145.44917803870717,1171.060546875,5.287884712219238,191.8554229736328
01.00570,pt000011,63.25195846365176,-145.44815491988132,1174.98876953125,7.7237982749938965,220.50267028808594
01.00570,pt000012,63.25195846365176,-145.44713180105546,1177.9063720703125,7.860899448394775,216.23475646972656
01.00570,pt000013,63.25195846365176,-145.4461086822296,1180.5091552734375,10.981837272644043,185.4671630859375
01.00570,pt000014,63.25195846365176,-145.44508556340375,1182.0338134765625,12.402225494384766,185.2487030029297
01.00570,pt000015,63.25195846365176,-145.4440624445779,1183.0745849609375,11.034523963928223,187.29074096679688
01.00570,pt000016,63.25195846365176,-145.44303932575204,1184.1566162109375,9.053346633911133,189.6359100341797
01.00570,pt000017,63.25195846365176,-145.44201620692618,1185.042724609375,8.766501426696777,186.66397094726562
01.00570,pt000018,63.25195846365176,-145.44099308810033,1186.0335693359375,7.3152875900268555,192.43568420410156
01.00570,pt000019,63.25195846365176,-145.43996996927447,1187.7059326171875,6.225708484649658,195.96011352539062
01.00570,pt000020,63.25195846365176,-145.43894685044862,1188.6859130859375,5.5213704109191895,197.50157165527344
01.00570,pt000021,63.25195846365176,-145.43792373162276,1189.98681640625,4.197114944458008,191.89703369140625
01.00570,pt000022,63.25195846365176,-145.4369006127969,1191.109375,4.050765514373779,266.1899719238281
01.00570,pt000023,63.25195846365176,-145.43587749397105,1193.370849609375,4.282448768615723,322.8756408691406
01.00570,pt000024,63.25195846365176,-145.4348543751452,1195.6256103515625,5.685626983642578,325.9682922363281
01.00570,pt000025,63.25195846365176,-145.43383125631934,1199.4412841796875,16.96782112121582,305.9526062011719
01.00570,pt000026,63.25298158247762,-145.45020115753303,1179.7022705078125,7.168684005737305,196.81332397460938
01.00570,pt000027,63.25298158247762,-145.44917803870717,1180.7083740234375,7.222957134246826,178.13172912597656
01.00570,pt000028,63.25298158247762,-145.44815491988132,1182.329833984375,8.088921546936035,242.0873565673828
01.00570,pt000029,63.25298158247762,-145.44713180105546,1187.240234375,9.320993423461914,225.2551727294922
01.00570,pt000030,63.25298158247762,-145.4461086822296,1194.564208984375,12.697924613952637,229.26414489746094
01.00570,pt000031,63.25298158247762,-145.44508556340375,1200.0311279296875,10.17308235168457,196.87884521484375
01.00570,pt000032,63.25298158247762,-145.4440624445779,1201.0941162109375,9.679081916809082,170.0054473876953
01.00570,pt000033,63.25298158247762,-145.44303932575204,1199.3109130859375,11.155495643615723,169.5244903564453
01.00570,pt000034,63.25298158247762,-145.44201620692618,1197.8760986328125,9.899046897888184,174.44447326660156
01.00570,pt000035,63.25298158247762,-145.44099308810033,1198.1165771484375,7.597654342651367,184.8639678955078
01.00570,pt000036,63.25298158247762,-145.43996996927447,1197.9970703125,7.115860462188721,183.42657470703125
01.00570,pt000037,63.25298158247762,-145.43894685044862,1198.781005859375,6.456358909606934,196.06146240234375
01.00570,pt000038,63.25298158247762,-145.43792373162276,1200.070068359375,7.679180145263672,182.00238037109375
01.00570,pt000039,63.25298158247762,-145.4369006127969,1199.6864013671875,6.355923652648926,183.16477966308594
01.00570,pt000040,63.25298158247762,-145.43587749397105,1200.021728515625,6.723466396331787,179.42208862304688
01.00570,pt000041,63.25298158247762,-145.4348543751452,1199.965087890625,7.032495021820068,189.13800048828125
01.00570,pt000042,63.25298158247762,-145.43383125631934,1201.0142822265625,9.967745780944824,228.60899353027344
01.00570,pt000043,63.25298158247762,-145.43280813749348,1211.2489013671875,9.797788619995117,217.2412109375
01.00570,pt000044,63.25298158247762,-145.43178501866763,1217.076171875,12.098318099975586,267.6671142578125
01.00570,pt000045,63.25298158247762,-145.43076189984177,1230.6728515625,19.574377059936523,307.770751953125
01.00570,pt000046,63.25298158247762,-145.4297387810159,1249.77099609375,25.02686882019043,315.0853271484375
01.00570,pt000047,63.25298158247762,-145.42871566219006,1259.80859375,22.509201049804688,333.6487121582031
01.00570,pt000048,63.25400470130347,-145.45020115753303,1195.8609619140625,8.407451629638672,200.79478454589844
01.00570,pt000049,63.25400470130347,-145.44917803870717,1199.3956298828125,11.56545352935791,225.74850463867188
01.00570,pt000050,63.25400470130347,-145.44815491988132,1207.301025390625,12.856725692749023,218.60919189453125
01.00570,pt000051,63.25400470130347,-145.44713180105546,1212.723388671875,11.375771522521973,222.7410430908203
01.00570,pt000052,63.25400470130347,-145.4461086822296,1218.228515625,7.788671970367432,207.37217712402344
01.00570,pt000053,63.25400470130347,-145.44508556340375,1219.6494140625,10.715303421020508,203.5609588623047
01.00570,pt000054,63.25400470130347,-145.4440624445779,1225.360107421875,9.725132942199707,196.66920471191406
01.00570,pt000055,63.25400470130347,-145.44303932575204,1225.2298583984375,9.367783546447754,167.1926727294922
01.00570,pt000056,63.25400470130347,-145.44201620692618,1223.72705078125,9.885544776916504,159.61289978027344
01.00570,pt000057,63.25400470130347,-145.44099308810033,1220.3768310546875,10.65593433380127,162.77117919921875
01.00570,pt000058,63.25400470130347,-145.43996996927447,1215.7069091796875,10.147148132324219,163.2888641357422
01.00570,pt000059,63.25400470130347,-145.43894685044862,1215.2747802734375,10.858017921447754,176.5893096923828
01.00570,pt000060,63.25400470130347,-145.43792373162276,1214.947998046875,8.559930801391602,183.72048950195312
01.00570,pt000061,63.25400470130347,-145.4369006127969,1219.7049560546875,9.931368827819824,226.5732879638672
01.00570,pt000062,63.25400470130347,-145.43587749397105,1219.511474609375,15.146492004394531,156.26097106933594
01.00570,pt000063,63.25400470130347,-145.4348543751452,1215.6317138671875,10.450418472290039,175.17649841308594
01.00570,pt000064,63.25400470130347,-145.43383125631934,1214.8653564453125,7.258824348449707,184.7530059814453
01.00570,pt000065,63.25400470130347,-145.43280813749348,1218.6483154296875,8.593596458435059,220.1499786376953
01.00570,pt000066,63.25400470130347,-145.43178501866763,1224.3355712890625,10.206985473632812,230.97698974609375
01.00570,pt000067,63.25400470130347,-145.43076189984177,1231.896240234375,8.487593650817871,216.1824188232422
01.00570,pt000068,63.25400470130347,-145.4297387810159,1238.9512939453125,8.785778999328613,243.2849578857422
01.00570,pt000069,63.25400470130347,-145.42871566219006,1241.8306884765625,7.750223636627197,174.41758728027344
01.00570,pt000070,63.25400470130347,-145.4276925433642,1245.4659423828125,9.685016632080078,260.2751770019531
01.00570,pt000071,63.25400470130347,-145.42666942453835,1252.904296875,7.739169120788574,282.6910095214844
01.00570,pt000072,63.25400470130347,-145.4256463057125,1257.1351318359375,14.499632835388184,298.68634033203125
01.00570,pt000073,63.25400470130347,-145.42462318688663,1274.31298828125,24.78369140625,304.5311584472656
01.00570,pt000074,63.25400470130347,-145.42360006806078,1289.5892333984375,25.834983825683594,304.2832336425781
01.00570,pt000075,63.25502782012933,-145.45020115753303,1203.8253173828125,5.585762977600098,295.4965515136719
01.00570,pt000076,63.25502782012933,-145.44917803870717,1208.2589111328125,9.287391662597656,250.4466552734375
01.00570,pt000077,63.25502782012933,-145.44815491988132,1216.802001953125,8.61192798614502,264.5255432128906
01.00570,pt000078,63.25502782012933,-145.44713180105546,1221.880615234375,6.390721797943115,263.65753173828125
01.00570,pt000079,63.25502782012933,-145.4461086822296,1226.4583740234375,6.714838027954102,237.24972534179688
01.00570,pt000080,63.25502782012933,-145.44508556340375,1231.2099609375,4.937314987182617,263.08087158203125
01.00570,pt000081,63.25502782012933,-145.4440624445779,1232.9395751953125,1.776998519897461,237.05511474609375
01.00570,pt000082,63.25502782012933,-145.44303932575204,1232.9879150390625,2.2985999584198,165.38223266601562
01.00570,pt000083,63.25502782012933,-145.44201620692618,1232.5916748046875,2.653022050857544,151.44105529785156
01.00570,pt000084,63.25502782012933,-145.44099308810033,1231.0418701171875,3.786811590194702,151.68365478515625
01.00570,pt000085,63.25502782012933,-145.43996996927447,1230.483642578125,7.005948543548584,225.4160919189453
01.00570,pt000086,63.25502782012933,-145.43894685044862,1234.8651123046875,10.785944938659668,230.09788513183594
01.00570,pt000087,63.25502782012933,-145.43792373162276,1234.9881591796875,15.925264358520508,176.11404418945312
01.00570,pt000088,63.25502782012933,-145.4369006127969,1235.308837890625,14.75251293182373,191.56512451171875
01.00570,pt000089,63.25502782012933,-145.43587749397105,1238.4735107421875,10.281526565551758,163.78390502929688
01.00570,pt000090,63.25502782012933,-145.4348543751452,1236.01416015625,10.410993576049805,163.3479766845703
01.00570,pt000091,63.25502782012933,-145.43383125631934,1231.9566650390625,14.169951438903809,156.4198760986328
01.00570,pt000092,63.25502782012933,-145.43280813749348,1231.8612060546875,10.596351623535156,207.21163940429688
01.00570,pt000093,63.25502782012933,-145.43178501866763,1236.251708984375,10.279210090637207,216.63372802734375
01.00570,pt000094,63.25502782012933,-145.43076189984177,1242.2978515625,9.557672500610352,213.427978515625
01.00570,pt000095,63.25502782012933,-145.4297387810159,1247.2657470703125,9.42131233215332,206.27703857421875
01.00570,pt000096,63.25502782012933,-145.42871566219006,1251.232421875,9.241960525512695,218.28387451171875
01.00570,pt000097,63.25502782012933,-145.4276925433642,1258.7259521484375,12.324281692504883,210.74061584472656
01.00570,pt000098,63.25502782012933,-145.42666942453835,1261.7001953125,11.066696166992188,192.8527374267578
01.00570,pt000099,63.25502782012933,-145.4256463057125,1263.945068359375,10.33611011505127,198.7010040283203
01.00570,pt000100,63.25502782012933,-145.42462318688663,1267.01171875,8.593381881713867,193.01242065429688
01.00570,pt000101,63.25502782012933,-145.42360006806078,1272.4385986328125,14.193395614624023,243.2482452392578
01.00570,pt000102,63.25502782012933,-145.42257694923492,1295.6556396484375,28.732751846313477,278.47174072265625
01.00570,pt000103,63.25502782012933,-145.42155383040907,1338.461181640625,30.241310119628906,271.26275634765625
01.00570,pt000104,63.25502782012933,-145.4205307115832,1349.0076904296875,14.744272232055664,270.35205078125
01.00570,pt000105,63.256050938955184,-145.44815491988132,1209.8914794921875,8.937994003295898,296.6031188964844
01.00570,pt000106,63.256050938955184,-145.44713180105546,1214.5814208984375,8.923913955688477,296.1961669921875
01.00570,pt000107,63.256050938955184,-145.4461086822296,1222.9102783203125,10.014205932617188,301.5559387207031
01.00570,pt000108,63.256050938955184,-145.44508556340375,1228.09912109375,4.667518615722656,321.4483337402344
01.00570,pt000109,63.256050938955184,-145.4440624445779,1229.233154296875,1.5195595026016235,349.1473693847656
01.00570,pt000110,63.256050938955184,-145.44303932575204,1230.70263671875,5.872812271118164,267.1886291503906
01.00570,pt000111,63.256050938955184,-145.44201620692618,1236.8533935546875,9.44975471496582,238.54959106445312
01.00570,pt000112,63.256050938955184,-145.44099308810033,1248.011474609375,16.187028884887695,248.95791625976562
01.00570,pt000113,63.256050938955184,-145.43996996927447,1255.0135498046875,18.999103546142578,165.7550506591797
01.00570,pt000114,63.256050938955184,-145.43894685044862,1249.7176513671875,18.4649715423584,155.96279907226562
01.00570,pt000115,63.256050938955184,-145.43792373162276,1245.081298828125,11.109343528747559,214.0608367919922
01.00570,pt000116,63.256050938955184,-145.4369006127969,1253.8819580078125,16.023332595825195,295.12005615234375
01.00570,pt000117,63.256050938955184,-145.43587749397105,1265.151611328125,8.247830390930176,166.67160034179688
01.00570,pt000118,63.256050938955184,-145.4348543751452,1263.59375,10.353218078613281,156.00607299804688
01.00570,pt000119,63.256050938955184,-145.43383125631934,1259.427734375,13.424641609191895,163.68463134765625
01.00570,pt000120,63.256050938955184,-145.43280813749348,1259.8868408203125,14.223705291748047,167.14857482910156
01.00570,pt000121,63.256050938955184,-145.43178501866763,1257.6514892578125,11.175223350524902,176.03404235839844
01.00570,pt000122,63.256050938955184,-145.43076189984177,1263.3360595703125,11.904339790344238,209.86741638183594
01.00570,pt000123,63.256050938955184,-145.4297387810159,1270.008544921875,11.504055976867676,211.0899658203125
01.00570,pt000124,63.256050938955184,-145.42871566219006,1273.1253662109375,11.445345878601074,210.7079620361328
01.00570,pt000125,63.256050938955184,-145.4276925433642,1281.3623046875,12.502975463867188,223.76885986328125
01.00570,pt000126,63.256050938955184,-145.42666942453835,1288.044677734375,10.546468734741211,207.53028869628906
01.00570,pt000127,63.256050938955184,-145.4256463057125,1290.61962890625,11.1127290725708,187.07080078125
01.00570,pt000128,63.256050938955184,-145.42462318688663,1290.1033935546875,11.008792877197266,182.11863708496094
01.00570,pt000129,63.256050938955184,-145.42360006806078,1291.0821533203125,10.528861999511719,187.46644592285156
01.00570,pt000130,63.256050938955184,-145.42257694923492,1295.6715087890625,15.36872386932373,220.45912170410156
01.00570,pt000131,63.256050938955184,-145.42155383040907,1325.159912109375,26.492000579833984,282.8076477050781
01.00570,pt000132,63.256050938955184,-145.4205307115832,1334.693603515625,14.855794906616211,295.9124755859375
01.00570,pt000133,63.256050938955184,-145.41950759275736,1355.9300537109375,23.224817276000977,284.4298400878906
01.00570,pt000134,63.25707405778104,-145.44713180105546,1219.4976806640625,6.856474876403809,223.38525390625
01.00570,pt000135,63.25707405778104,-145.4461086822296,1223.9256591796875,5.224740982055664,163.88111877441406
01.00570,pt000136,63.25707405778104,-145.44508556340375,1223.939453125,4.963843822479248,289.8464050292969
01.00570,pt000137,63.25707405778104,-145.4440624445779,1226.8115234375,5.455788612365723,303.70660400390625
01.00570,pt000138,63.25707405778104,-145.44303932575204,1232.0433349609375,6.802339553833008,273.8177795410156
01.00570,pt000139,63.25707405778104,-145.44201620692618,1238.3934326171875,12.777926445007324,279.05419921875
01.00570,pt000140,63.25707405778104,-145.44099308810033,1253.235107421875,14.049761772155762,274.3184814453125
01.00570,pt000141,63.25707405778104,-145.43996996927447,1274.7076416015625,16.365562438964844,267.3964538574219
01.00570,pt000142,63.25707405778104,-145.43894685044862,1277.278076171875,4.020071029663086,191.21107482910156
01.00570,pt000143,63.25707405778104,-145.43792373162276,1270.8009033203125,14.90024471282959,114.35777282714844
01.00570,pt000144,63.25707405778104,-145.4369006127969,1259.6351318359375,17.143692016601562,147.37380981445312
01.00570,pt000145,63.25707405778104,-145.43587749397105,1259.953369140625,11.92878532409668,273.4853210449219
01.00570,pt000146,63.25707405778104,-145.4348543751452,1269.300537109375,5.282887935638428,270.9403991699219
01.00570,pt000147,63.25707405778104,-145.43383125631934,1273.81298828125,7.629744529724121,241.36416625976562
01.00570,pt000148,63.25707405778104,-145.43280813749348,1284.232177734375,11.093536376953125,226.97596740722656
01.00570,pt000149,63.25707405778104,-145.43178501866763,1283.6732177734375,14.518112182617188,148.4348907470703
01.00570,pt000150,63.25707405778104,-145.43076189984177,1279.8861083984375,9.220601081848145,230.93807983398438
01.00570,pt000151,63.25707405778104,-145.4297387810159,1286.6759033203125,9.576376914978027,232.1261444091797
01.00570,pt000152,63.25707405778104,-145.42871566219006,1291.1710205078125,9.655234336853027,229.4376220703125
01.00570,pt000153,63.25707405778104,-145.4276925433642,1298.4715576171875,10.32994270324707,245.39266967773438
01.00570,pt000154,63.25707405778104,-145.42666942453835,1304.3724365234375,7.369601249694824,205.5799102783203
01.00570,pt000155,63.25707405778104,-145.4256463057125,1306.474609375,8.227420806884766,217.82241821289062
01.00570,pt000156,63.25707405778104,-145.42462318688663,1310.2462158203125,7.249810218811035,189.09844970703125
01.00570,pt000157,63.25707405778104,-145.42360006806078,1310.5067138671875,8.561325073242188,178.20703125
01.00570,pt000158,63.25707405778104,-145.42257694923492,1312.983642578125,8.132107734680176,227.2462615966797
01.00570,pt000159,63.25707405778104,-145.42155383040907,1318.0240478515625,9.598331451416016,254.84475708007812
01.00570,pt000160,63.25707405778104,-145.4205307115832,1322.9947509765625,8.975478172302246,280.92999267578125
01.00570,pt000161,63.25707405778104,-145.41950759275736,1339.6529541015625,20.4263858795166,284.1913146972656
01.00570,pt000162,63.25707405778104,-145.4184844739315,1360.282958984375,22.021236419677734,289.5052490234375
01.00570,pt000163,63.258097176606896,-145.44508556340375,1232.6502685546875,6.4251179695129395,188.1016845703125
01.00570,pt000164,63.258097176606896,-145.4440624445779,1232.3890380859375,8.192831039428711,166.8728485107422
01.00570,pt000165,63.258097176606896,-145.44303932575204,1233.30859375,6.06718111038208,272.1568908691406
01.00570,pt000166,63.258097176606896,-145.44201620692618,1237.098388671875,4.844547271728516,242.66433715820312
01.00570,pt000167,63.258097176606896,-145.44099308810033,1244.7218017578125,13.801358222961426,298.160400390625
01.00570,pt000168,63.258097176606896,-145.43996996927447,1258.8848876953125,22.66130256652832,310.3698425292969
01.00570,pt000169,63.258097176606896,-145.43894685044862,1273.609375,15.696856498718262,292.9961853027344
01.00570,pt000170,63.258097176606896,-145.43792373162276,1281.66259765625,6.877012252807617,207.7811279296875
01.00570,pt000171,63.258097176606896,-145.4369006127969,1278.0023193359375,13.397987365722656,136.40338134765625
01.00570,pt000172,63.258097176606896,-145.43587749397105,1271.4755859375,10.372340202331543,185.36207580566406
01.00570,pt000173,63.258097176606896,-145.4348543751452,1272.82275390625,9.842467308044434,222.0811004638672
01.00570,pt000174,63.258097176606896,-145.43383125631934,1278.1519775390625,15.405218124389648,262.6427307128906
01.00570,pt000175,63.258097176606896,-145.43280813749348,1290.507568359375,10.54900074005127,258.08233642578125
01.00570,pt000176,63.258097176606896,-145.43178501866763,1299.3009033203125,11.839547157287598,275.1924743652344
01.00570,pt000177,63.258097176606896,-145.43076189984177,1301.3759765625,14.836641311645508,156.90350341796875
01.00570,pt000178,63.258097176606896,-145.4297387810159,1301.0859375,11.43050765991211,209.73728942871094
01.00570,pt000179,63.258097176606896,-145.42871566219006,1305.2135009765625,10.702098846435547,214.23948669433594
01.00570,pt000180,63.258097176606896,-145.4276925433642,1312.754638671875,11.87602710723877,215.7159881591797
01.00570,pt000181,63.258097176606896,-145.42666942453835,1318.1383056640625,10.405494689941406,198.60791015625
01.00570,pt000182,63.258097176606896,-145.4256463057125,1320.16748046875,9.784217834472656,199.03564453125
01.00570,pt000183,63.258097176606896,-145.42462318688663,1324.1241455078125,9.874521255493164,203.93191528320312
01.00570,pt000184,63.258097176606896,-145.42360006806078,1326.2337646484375,9.714507102966309,193.8535614013672
01.00570,pt000185,63.258097176606896,-145.42257694923492,1329.4674072265625,11.299227714538574,199.29379272460938
01.00570,pt000186,63.258097176606896,-145.42155383040907,1331.4163818359375,10.157815933227539,183.3806915283203
01.00570,pt000187,63.258097176606896,-145.4205307115832,1331.432861328125,9.491839408874512,183.99876403808594
01.00570,pt000188,63.258097176606896,-145.41950759275736,1333.371826171875,8.424482345581055,258.9278564453125
01.00570,pt000189,63.258097176606896,-145.4184844739315,1343.850341796875,15.368768692016602,300.7857360839844
01.00570,pt000190,63.258097176606896,-145.41746135510564,1355.2030029296875,21.041757583618164,300.42724609375
01.00570,pt000191,63.25912029543275,-145.44303932575204,1244.0269775390625,5.014759063720703,269.1573181152344
01.00570,pt000192,63.25912029543275,-145.44201620692618,1245.66064453125,4.322479724884033,207.08096313476562
01.00570,pt000193,63.25912029543275,-145.44099308810033,1244.0859375,5.460130214691162,166.93722534179688
01.00570,pt000194,63.25912029543275,-145.43996996927447,1246.5257568359375,5.003994941711426,257.3125
01.00570,pt000195,63.25912029543275,-145.43894685044862,1252.4744873046875,13.960150718688965,284.1940612792969
01.00570,pt000196,63.25912029543275,-145.43792373162276,1272.072021484375,19.58618927001953,292.1977844238281
01.00570,pt000197,63.25912029543275,-145.4369006127969,1282.3826904296875,11.286996841430664,271.799560546875
01.00570,pt000198,63.25912029543275,-145.43587749397105,1290.7816162109375,7.048086643218994,238.51123046875
01.00570,pt000199,63.25912029543275,-145.4348543751452,1290.892578125,7.30432653427124,195.16506958007812
01.00570,pt000200,63.25912029543275,-145.43383125631934,1293.7340087890625,8.820542335510254,265.96978759765625
01.00570,pt000201,63.25912029543275,-145.43280813749348,1301.8499755859375,8.515740394592285,237.5953826904297
01.00570,pt000202,63.25912029543275,-145.43178501866763,1308.6781005859375,9.159963607788086,269.6875305175781
01.00570,pt000203,63.25912029543275,-145.43076189984177,1311.9219970703125,8.92141342163086,177.13829040527344
01.00570,pt000204,63.25912029543275,-145.4297387810159,1320.879150390625,10.266236305236816,247.16294860839844
01.00570,pt000205,63.25912029543275,-145.42871566219006,1323.8238525390625,8.82569694519043,212.52511596679688
01.00570,pt000206,63.25912029543275,-145.4276925433642,1331.7645263671875,10.989436149597168,225.94261169433594
01.00570,pt000207,63.25912029543275,-145.42666942453835,1337.6751708984375,9.047155380249023,215.99502563476562
01.00570,pt000208,63.25912029543275,-145.4256463057125,1341.3878173828125,9.83612060546875,210.0736541748047
01.00570,pt000209,63.25912029543275,-145.42462318688663,1345.1541748046875,8.77718448638916,197.0585479736328
01.00570,pt000210,63.25912029543275,-145.42360006806078,1347.3720703125,8.932456016540527,202.6814727783203
01.00570,pt000211,63.25912029543275,-145.42257694923492,1350.9266357421875,8.497638702392578,204.00234985351562
01.00570,pt000212,63.25912029543275,-145.42155383040907,1352.8572998046875,8.83893871307373,185.86146545410156
01.00570,pt000213,63.25912029543275,-145.4205307115832,1352.9571533203125,8.691028594970703,182.33323669433594
01.00570,pt000214,63.25912029543275,-145.41950759275736,1352.787841796875,9.434431076049805,173.97740173339844
01.00570,pt000215,63.25912029543275,-145.4184844739315,1352.743896484375,8.902355194091797,192.37623596191406
01.00570,pt000216,63.25912029543275,-145.41746135510564,1354.6519775390625,8.36754322052002,211.0641326904297
01.00570,pt000217,63.25912029543275,-145.4164382362798,1366.774169921875,29.079538345336914,276.3519287109375
01.00570,pt000218,63.25912029543275,-145.41541511745393,1395.9322509765625,29.099674224853516,275.5930480957031
01.00570,pt000219,63.26014341425861,-145.43996996927447,1258.679931640625,9.616132736206055,164.4407501220703
01.00570,pt000220,63.26014341425861,-145.43894685044862,1257.23828125,6.9340362548828125,178.51705932617188
01.00570,pt000221,63.26014341425861,-145.43792373162276,1259.7474365234375,8.177008628845215,218.4940643310547
01.00570,pt000222,63.26014341425861,-145.4369006127969,1267.5025634765625,16.016244888305664,282.2429504394531
01.00570,pt000223,63.26014341425861,-145.43587749397105,1286.112060546875,14.990205764770508,274.9658203125
01.00570,pt000224,63.26014341425861,-145.4348543751452,1295.0537109375,6.520321846008301,293.8428955078125
01.00570,pt000225,63.26014341425861,-145.43383125631934,1301.3436279296875,8.643335342407227,272.242431640625
01.00570,pt000226,63.26014341425861,-145.43280813749348,1308.570556640625,9.492331504821777,287.2367248535156
01.00570,pt000227,63.26014341425861,-145.43178501866763,1314.448486328125,8.339755058288574,255.19981384277344
01.00570,pt000228,63.26014341425861,-145.43076189984177,1322.7508544921875,8.399118423461914,250.39173889160156
01.00570,pt000229,63.26014341425861,-145.4297387810159,1327.6806640625,8.148412704467773,216.85728454589844
01.00570,pt000230,63.26014341425861,-145.42871566219006,1334.51904296875,10.323202133178711,242.94708251953125
01.00570,pt000231,63.26014341425861,-145.4276925433642,1345.1424560546875,11.487887382507324,249.0915985107422
01.00570,pt000232,63.26014341425861,-145.42666942453835,1353.374267578125,8.16932201385498,217.2253875732422
01.00570,pt000233,63.26014341425861,-145.4256463057125,1357.27587890625,7.522613525390625,213.10243225097656
01.00570,pt000234,63.26014341425861,-145.42462318688663,1360.9376220703125,7.842795372009277,211.20005798339844
01.00570,pt000235,63.26014341425861,-145.42360006806078,1364.0120849609375,7.455037593841553,214.2298583984375
01.00570,pt000236,63.26014341425861,-145.42257694923492,1366.9248046875,6.943528175354004,195.33834838867188
01.00570,pt000237,63.26014341425861,-145.42155383040907,1370.485107421875,7.897115230560303,210.0458984375
01.00570,pt000238,63.26014341425861,-145.4205307115832,1371.4111328125,7.403158664703369,184.8143310546875
01.00570,pt000239,63.26014341425861,-145.41950759275736,1372.673095703125,8.831958770751953,187.90174865722656
01.00570,pt000240,63.26014341425861,-145.4184844739315,1374.0975341796875,9.010211944580078,183.2739715576172
01.00570,pt000241,63.26014341425861,-145.41746135510564,1374.8909912109375,9.751250267028809,179.53033447265625
01.00570,pt000242,63.26014341425861,-145.4164382362798,1375.2799072265625,8.93143367767334,206.2764892578125
01.00570,pt000243,63.26014341425861,-145.41541511745393,1379.2435302734375,8.861614227294922,246.8356170654297
01.00570,pt000244,63.26014341425861,-145.41439199862808,1391.64306640625,19.723983764648438,299.4931640625
01.00570,pt000245,63.26116653308446,-145.43792373162276,1270.030029296875,12.366569519042969,164.5304718017578
01.00570,pt000246,63.26116653308446,-145.4369006127969,1269.83837890625,9.176180839538574,248.9578094482422
01.00570,pt000247,63.26116653308446,-145.43587749397105,1282.251953125,15.062129020690918,279.4851379394531
01.00570,pt000248,63.26116653308446,-145.4348543751452,1293.1768798828125,8.551729202270508,297.05780029296875
01.00570,pt000249,63.26116653308446,-145.43383125631934,1301.3922119140625,20.746482849121094,272.3442687988281
01.00570,pt000250,63.26116653308446,-145.43280813749348,1319.0577392578125,9.666104316711426,182.0811767578125
01.00570,pt000251,63.26116653308446,-145.43178501866763,1318.75927734375,8.66250991821289,184.2066192626953
01.00570,pt000252,63.26116653308446,-145.43076189984177,1326.05078125,10.10364818572998,259.7712097167969
01.00570,pt000253,63.26116653308446,-145.4297387810159,1337.0330810546875,10.1978759765625,241.12844848632812
01.00570,pt000254,63.26116653308446,-145.42871566219006,1338.8680419921875,9.455825805664062,226.30459594726562
01.00570,pt000255,63.26116653308446,-145.4276925433642,1348.6822509765625,12.496944427490234,262.15509033203125
01.00570,pt000256,63.26116653308446,-145.42666942453835,1358.82275390625,8.841267585754395,253.6638946533203
01.00570,pt000257,63.26116653308446,-145.4256463057125,1364.65673828125,8.062666893005371,239.46665954589844
01.00570,pt000258,63.26116653308446,-145.42462318688663,1369.5347900390625,6.7941765785217285,211.5980224609375
01.00570,pt000259,63.26116653308446,-145.42360006806078,1372.7000732421875,7.537437438964844,217.177490234375
01.00570,pt000260,63.26116653308446,-145.42257694923492,1376.9866943359375,7.191197872161865,211.89111328125
01.00570,pt000261,63.26116653308446,-145.42155383040907,1381.603759765625,7.960587978363037,211.720947265625
01.00570,pt000262,63.26116653308446,-145.4205307115832,1382.6116943359375,7.292752742767334,189.91680908203125
01.00570,pt000263,63.26116653308446,-145.41950759275736,1385.1798095703125,8.339094161987305,194.9516143798828
01.00570,pt000264,63.26116653308446,-145.4184844739315,1386.764404296875,8.449411392211914,183.7112274169922
01.00570,pt000265,63.26116653308446,-145.41746135510564,1387.00341796875,7.821242809295654,182.15284729003906
01.00570,pt000266,63.26116653308446,-145.4164382362798,1388.030517578125,8.001187324523926,185.74574279785156
01.00570,pt000267,63.26116653308446,-145.41541511745393,1388.493408203125,7.844216823577881,183.65731811523438
01.00570,pt000268,63.26116653308446,-145.41439199862808,1390.018310546875,6.034322261810303,205.81546020507812
01.00570,pt000269,63.26116653308446,-145.41336887980222,1394.338623046875,10.988188743591309,285.64886474609375
01.00570,pt000270,63.26116653308446,-145.41234576097636,1404.7197265625,22.192983627319336,303.9187927246094
01.00570,pt000271,63.26218965191032,-145.43587749397105,1297.195556640625,17.614606857299805,156.1462860107422
01.00570,pt000272,63.26218965191032,-145.4348543751452,1294.5548095703125,8.535353660583496,193.20257568359375
01.00570,pt000273,63.26218965191032,-145.43383125631934,1298.1265869140625,15.40440845489502,250.214599609375
01.00570,pt000274,63.26218965191032,-145.43280813749348,1317.54736328125,15.000961303710938,282.5079040527344
01.00570,pt000275,63.26218965191032,-145.43178501866763,1327.93408203125,12.871440887451172,280.236328125
01.00570,pt000276,63.26218965191032,-145.43076189984177,1337.0731201171875,7.91062068939209,251.2841796875
01.00570,pt000277,63.26218965191032,-145.4297387810159,1342.15576171875,10.061920166015625,210.84861755371094
01.00570,pt000278,63.26218965191032,-145.42871566219006,1349.748046875,14.865339279174805,281.29229736328125
01.00570,pt000279,63.26218965191032,-145.4276925433642,1361.36962890625,11.520255088806152,183.9177703857422
01.00570,pt000280,63.26218965191032,-145.42666942453835,1364.877197265625,9.641400337219238,227.03189086914062
01.00570,pt000281,63.26218965191032,-145.4256463057125,1370.78125,9.295432090759277,241.3367156982422
01.00570,pt000282,63.26218965191032,-145.42462318688663,1378.74560546875,8.164487838745117,243.48825073242188
01.00570,pt000283,63.26218965191032,-145.42360006806078,1383.562744140625,8.00776195526123,236.8539581298828
01.00570,pt000284,63.26218965191032,-145.42257694923492,1390.092041015625,7.96253776550293,232.2837677001953
01.00570,pt000285,63.26218965191032,-145.42155383040907,1397.1927490234375,8.085958480834961,228.5689697265625
01.00570,pt000286,63.26218965191032,-145.4205307115832,1398.9747314453125,6.024381160736084,204.74295043945312
01.00570,pt000287,63.26218965191032,-145.41950759275736,1402.078369140625,7.394758224487305,205.82260131835938
01.00570,pt000288,63.26218965191032,-145.4184844739315,1404.704345703125,8.217452049255371,191.6453857421875
01.00570,pt000289,63.26218965191032,-145.41746135510564,1406.091064453125,7.754983425140381,187.98297119140625
01.00570,pt000290,63.26218965191032,-145.4164382362798,1407.32373046875,8.315096855163574,183.4460906982422
01.00570,pt000291,63.26218965191032,-145.41541511745393,1407.4388427734375,8.102095603942871,179.88687133789062
01.00570,pt000292,63.26218965191032,-145.41439199862808,1406.585205078125,8.701939582824707,173.0877685546875
01.00570,pt000293,63.26218965191032,-145.41336887980222,1406.439208984375,6.989928722381592,176.48675537109375
01.00570,pt000294,63.26218965191032,-145.41234576097636,1406.135498046875,6.439242362976074,172.34426879882812
01.00570,pt000295,63.26218965191032,-145.4113226421505,1407.888916015625,11.748697280883789,253.57138061523438
01.00570,pt000296,63.26218965191032,-145.41029952332465,1420.4644775390625,35.93864822387695,272.4651794433594
01.00570,pt000297,63.263212770736175,-145.4348543751452,1305.2398681640625,9.02932071685791,179.59054565429688
01.00570,pt000298,63.263212770736175,-145.43383125631934,1305.150146484375,11.34052562713623,205.9787139892578
01.00570,pt000299,63.263212770736175,-145.43280813749348,1316.6363525390625,10.002236366271973,247.10491943359375
01.00570,pt000300,63.263212770736175,-145.43178501866763,1325.1761474609375,14.232416152954102,271.60968017578125
01.00570,pt000301,63.263212770736175,-145.43076189984177,1339.9002685546875,12.015764236450195,276.66766357421875
01.00570,pt000302,63.263212770736175,-145.4297387810159,1349.876220703125,8.063925743103027,248.3741912841797
01.00570,pt000303,63.263212770736175,-145.42871566219006,1352.3021240234375,9.528695106506348,196.1189727783203
01.00570,pt000304,63.263212770736175,-145.4276925433642,1368.1373291015625,17.19709587097168,262.9259338378906
01.00570,pt000305,63.263212770736175,-145.42666942453835,1374.6844482421875,9.88603401184082,190.8389434814453
01.00570,pt000306,63.263212770736175,-145.4256463057125,1377.2869873046875,9.073591232299805,201.23641967773438
01.00570,pt000307,63.263212770736175,-145.42462318688663,1382.5614013671875,7.070157051086426,233.6011505126953
01.00570,pt000308,63.263212770736175,-145.42360006806078,1387.4249267578125,7.482431411743164,251.25535583496094
01.00570,pt000309,63.263212770736175,-145.42257694923492,1394.6904296875,7.542261123657227,244.14149475097656
01.00570,pt000310,63.263212770736175,-145.42155383040907,1402.8553466796875,7.599726676940918,233.4244384765625
01.00570,pt000311,63.263212770736175,-145.4205307115832,1404.3892822265625,5.497237682342529,202.22503662109375
01.00570,pt000312,63.263212770736175,-145.41950759275736,1408.3834228515625,6.050930023193359,215.50677490234375
01.00570,pt000313,63.263212770736175,-145.4184844739315,1411.8961181640625,6.061705589294434,202.2179718017578
01.00570,pt000314,63.263212770736175,-145.41746135510564,1413.8558349609375,6.342497825622559,204.2056121826172
01.00570,pt000315,63.263212770736175,-145.4164382362798,1415.53662109375,6.375344753265381,186.37403869628906
01.00570,pt000316,63.263212770736175,-145.41541511745393,1416.18505859375,6.7226948738098145,185.78582763671875
01.00570,pt000317,63.263212770736175,-145.41439199862808,1415.998779296875,6.914196491241455,174.36080932617188
01.00570,pt000318,63.263212770736175,-145.41336887980222,1413.90087890625,6.494452476501465,164.2421875
01.00570,pt000319,63.263212770736175,-145.41234576097636,1413.3892822265625,5.709075927734375,175.4168701171875
01.00570,pt000320,63.263212770736175,-145.4113226421505,1414.1741943359375,8.134628295898438,236.5084228515625
01.00570,pt000321,63.263212770736175,-145.41029952332465,1421.1962890625,28.560543060302734,260.5913391113281
01.00570,pt000322,63.26423588956203,-145.4348543751452,1339.5047607421875,18.906417846679688,161.9003143310547
01.00570,pt000323,63.26423588956203,-145.43383125631934,1332.853271484375,16.22080421447754,157.53369140625
01.00570,pt000324,63.26423588956203,-145.43280813749348,1334.3365478515625,13.206185340881348,191.3096466064453
01.00570,pt000325,63.26423588956203,-145.43178501866763,1336.6033935546875,11.400856971740723,194.96815490722656
01.00570,pt000326,63.26423588956203,-145.43076189984177,1340.1883544921875,10.518836975097656,207.85218811035156
01.00570,pt000327,63.26423588956203,-145.4297387810159,1351.599365234375,14.768056869506836,279.0967712402344
01.00570,pt000328,63.26423588956203,-145.42871566219006,1362.49365234375,14.777471542358398,275.0427551269531
01.00570,pt000329,63.26423588956203,-145.4276925433642,1376.409912109375,12.281940460205078,234.7830352783203
01.00570,pt000330,63.26423588956203,-145.42666942453835,1387.812255859375,12.23707389831543,279.3968200683594
01.00570,pt000331,63.26423588956203,-145.4256463057125,1395.824462890625,9.898690223693848,258.95208740234375
01.00570,pt000332,63.26423588956203,-145.42462318688663,1399.7384033203125,8.708715438842773,165.90553283691406
01.00570,pt000333,63.26423588956203,-145.42360006806078,1397.788818359375,8.43326187133789,167.68356323242188
01.00570,pt000334,63.26423588956203,-145.42257694923492,1401.9820556640625,8.21447467803955,254.7518310546875
01.00570,pt000335,63.26423588956203,-145.42155383040907,1413.272216796875,9.452770233154297,253.66091918945312
01.00570,pt000336,63.26423588956203,-145.4205307115832,1416.0233154296875,4.334230422973633,223.23114013671875
01.00570,pt000337,63.26423588956203,-145.41950759275736,1420.4102783203125,6.489471912384033,226.91824340820312
01.00570,pt000338,63.26423588956203,-145.4184844739315,1425.2239990234375,5.919331073760986,222.05145263671875
01.00570,pt000339,63.26423588956203,-145.41746135510564,1427.6187744140625,5.839939117431641,217.00396728515625
01.00570,pt000340,63.26423588956203,-145.4164382362798,1431.611572265625,6.714729309082031,211.06166076660156
01.00570,pt000341,63.26423588956203,-145.41541511745393,1433.86279296875,6.975739479064941,205.18313598632812
01.00570,pt000342,63.26423588956203,-145.41439199862808,1434.729248046875,7.372049808502197,180.40599060058594
01.00570,pt000343,63.26423588956203,-145.41336887980222,1433.4019775390625,8.853748321533203,164.99783325195312
01.00570,pt000344,63.26423588956203,-145.41234576097636,1432.2310791015625,8.398509979248047,168.18878173828125
01.00570,pt000345,63.26423588956203,-145.4113226421505,1430.0335693359375,8.086173057556152,169.128173828125
01.00570,pt000346,63.26423588956203,-145.41029952332465,1429.3582763671875,9.807659149169922,233.49208068847656
01.00570,pt000347,63.26423588956203,-145.4092764044988,1445.4447021484375,22.596708297729492,298.1180419921875
01.00570,pt000348,63.265259008387886,-145.43587749397105,1369.4547119140625,8.373856544494629,195.49813842773438
01.00570,pt000349,63.265259008387886,-145.4348543751452,1373.76220703125,14.382634162902832,157.8013153076172
01.00570,pt000350,63.265259008387886,-145.43383125631934,1367.6446533203125,14.950002670288086,156.6307373046875
01.00570,pt000351,63.265259008387886,-145.43280813749348,1367.3154296875,12.487417221069336,181.36270141601562
01.00570,pt000352,63.265259008387886,-145.43178501866763,1367.134033203125,12.498311996459961,176.7118682861328
01.00570,pt000353,63.265259008387886,-145.43076189984177,1367.277587890625,10.734170913696289,192.34332275390625
01.00570,pt000354,63.265259008387886,-145.4297387810159,1371.134521484375,8.757723808288574,203.58071899414062
01.00570,pt000355,63.265259008387886,-145.42871566219006,1372.906005859375,8.605724334716797,195.70372009277344
01.00570,pt000356,63.265259008387886,-145.4276925433642,1380.1453857421875,13.798042297363281,278.6993713378906
01.00570,pt000357,63.265259008387886,-145.42666942453835,1392.21875,7.3450164794921875,187.07186889648438
01.00570,pt000358,63.265259008387886,-145.4256463057125,1393.4156494140625,5.8707661628723145,219.65951538085938
01.00570,pt000359,63.265259008387886,-145.42462318688663,1399.00244140625,7.946085453033447,288.1729736328125
01.00570,pt000360,63.265259008387886,-145.42360006806078,1405.0333251953125,10.108570098876953,300.68231201171875
01.00570,pt000361,63.265259008387886,-145.42257694923492,1411.7044677734375,5.979912281036377,176.40090942382812
01.00570,pt000362,63.265259008387886,-145.42155383040907,1417.1729736328125,7.062982082366943,259.55657958984375
01.00570,pt000363,63.265259008387886,-145.4205307115832,1419.8597412109375,4.188572883605957,246.07691955566406
01.00570,pt000364,63.265259008387886,-145.41950759275736,1425.9677734375,7.23666524887085,258.5401611328125
01.00570,pt000365,63.265259008387886,-145.4184844739315,1433.003173828125,6.866248607635498,239.9098358154297
01.00570,pt000366,63.265259008387886,-145.41746135510564,1436.914306640625,6.178692817687988,236.97471618652344
01.00570,pt000367,63.265259008387886,-145.4164382362798,1441.6541748046875,6.901731491088867,232.5230712890625
01.00570,pt000368,63.265259008387886,-145.41541511745393,1446.27783203125,6.74988317489624,234.04991149902344
01.00570,pt000369,63.265259008387886,-145.41439199862808,1449.4278564453125,6.020534038543701,199.71229553222656
01.00570,pt000370,63.265259008387886,-145.41336887980222,1451.3082275390625,6.119470596313477,194.29425048828125
01.00570,pt000371,63.265259008387886,-145.41234576097636,1451.1373291015625,7.9053955078125,156.89865112304688
01.00570,pt000372,63.265259008387886,-145.4113226421505,1447.8248291015625,8.881241798400879,166.99415588378906
01.00570,pt000373,63.265259008387886,-145.41029952332465,1446.486328125,7.608436584472656,186.82675170898438
01.00570,pt000374,63.265259008387886,-145.4092764044988,1445.808349609375,9.240663528442383,174.19252014160156
01.00570,pt000375,63.265259008387886,-145.40825328567294,1453.4168701171875,19.341318130493164,239.58924865722656
01.00570,pt000376,63.26628212721374,-145.4369006127969,1383.4871826171875,9.483738899230957,167.66006469726562
01.00570,pt000377,63.26628212721374,-145.43587749397105,1383.10205078125,12.791044235229492,214.29092407226562
01.00570,pt000378,63.26628212721374,-145.4348543751452,1390.459716796875,11.11484432220459,166.32118225097656
01.00570,pt000379,63.26628212721374,-145.43383125631934,1388.5272216796875,13.570061683654785,162.6360626220703
01.00570,pt000380,63.26628212721374,-145.43280813749348,1387.040283203125,12.991082191467285,178.9112548828125
01.00570,pt000381,63.26628212721374,-145.43178501866763,1386.127685546875,13.082088470458984,172.24220275878906
01.00570,pt000382,63.26628212721374,-145.43076189984177,1383.987060546875,12.325702667236328,171.374267578125
01.00570,pt000383,63.26628212721374,-145.4297387810159,1380.520263671875,9.314266204833984,163.3860626220703
01.00570,pt000384,63.26628212721374,-145.42871566219006,1379.9105224609375,5.4057111740112305,235.68356323242188
01.00570,pt000385,63.26628212721374,-145.4276925433642,1383.9305419921875,6.233591556549072,271.31060791015625
01.00570,pt000386,63.26628212721374,-145.42666942453835,1389.96630859375,8.940705299377441,297.0702209472656
01.00570,pt000387,63.26628212721374,-145.4256463057125,1398.302734375,11.427266120910645,285.7653503417969
01.00570,pt000388,63.26628212721374,-145.42462318688663,1401.48974609375,3.9075818061828613,205.81565856933594
01.00570,pt000389,63.26628212721374,-145.42360006806078,1402.953125,3.497138738632202,265.4416198730469
01.00570,pt000390,63.26628212721374,-145.42257694923492,1408.4744873046875,8.448810577392578,284.53106689453125
01.00570,pt000391,63.26628212721374,-145.42155383040907,1420.6571044921875,9.396133422851562,256.00714111328125
01.00570,pt000392,63.26628212721374,-145.4205307115832,1423.1131591796875,4.018288612365723,241.9829864501953
01.00570,pt000393,63.26628212721374,-145.41950759275736,1429.1788330078125,7.474200248718262,248.09251403808594
01.00570,pt000394,63.26628212721374,-145.4184844739315,1436.4564208984375,7.812981605529785,250.7745819091797
01.00570,pt000395,63.26628212721374,-145.41746135510564,1441.283203125,7.029136657714844,249.83770751953125
01.00570,pt000396,63.26628212721374,-145.4164382362798,1447.22265625,7.244148254394531,239.1881866455078
01.00570,pt000397,63.26628212721374,-145.41541511745393,1452.2041015625,7.274040699005127,240.38401794433594
01.00570,pt000398,63.26628212721374,-145.41439199862808,1456.5938720703125,5.750851154327393,220.24429321289062
01.00570,pt000399,63.26628212721374,-145.41336887980222,1459.8839111328125,5.537130832672119,203.9947509765625
01.00570,pt000400,63.26628212721374,-145.41234576097636,1461.0240478515625,5.625193119049072,185.1959991455078
01.00570,pt000401,63.26628212721374,-145.4113226421505,1461.6505126953125,8.619160652160645,167.99557495117188
01.00570,pt000402,63.26628212721374,-145.41029952332465,1460.4105224609375,10.805899620056152,165.92990112304688
01.00570,pt000403,63.26628212721374,-145.4092764044988,1457.4161376953125,6.621077537536621,213.71035766601562
01.00570,pt000404,63.26628212721374,-145.40825328567294,1466.9324951171875,14.940500259399414,248.00929260253906
01.00570,pt000405,63.26628212721374,-145.40723016684709,1478.1236572265625,18.149147033691406,253.35166931152344
01.00570,pt000406,63.26628212721374,-145.40620704802123,1501.4398193359375,25.881378173828125,277.1307678222656
01.00570,pt000407,63.2673052460396,-145.43792373162276,1410.519287109375,14.212932586669922,170.56448364257812
01.00570,pt000408,63.2673052460396,-145.4369006127969,1412.4757080078125,14.298979759216309,188.2265625
01.00570,pt000409,63.2673052460396,-145.43587749397105,1413.9185791015625,16.309831619262695,196.30633544921875
01.00570,pt000410,63.2673052460396,-145.4348543751452,1418.1614990234375,15.34030532836914,175.50921630859375
01.00570,pt000411,63.2673052460396,-145.43383125631934,1417.2630615234375,13.550126075744629,175.8296356201172
01.00570,pt000412,63.2673052460396,-145.43280813749348,1416.4288330078125,12.395956993103027,171.0134735107422
01.00570,pt000413,63.2673052460396,-145.43178501866763,1415.05078125,12.057276725769043,168.4803009033203
01.00570,pt000414,63.2673052460396,-145.43076189984177,1411.4019775390625,12.081120491027832,162.0560302734375
01.00570,pt000415,63.2673052460396,-145.4297387810159,1405.26171875,13.101683616638184,146.6390380859375
01.00570,pt000416,63.2673052460396,-145.42871566219006,1399.6397705078125,13.264604568481445,140.35964965820312
01.00570,pt000417,63.2673052460396,-145.4276925433642,1390.121337890625,7.550650119781494,144.66249084472656
01.00570,pt000418,63.2673052460396,-145.42666942453835,1393.54248046875,3.957275629043579,175.23846435546875
01.00570,pt000419,63.2673052460396,-145.4256463057125,1391.0089111328125,6.079763889312744,111.97435760498047
01.00570,pt000420,63.2673052460396,-145.42462318688663,1395.35546875,16.17859649658203,310.9682312011719
01.00570,pt000421,63.2673052460396,-145.42155383040907,1425.547607421875,18.85226058959961,263.5093078613281
01.00570,pt000422,63.2673052460396,-145.4205307115832,1431.7066650390625,10.02142333984375,223.4542694091797
01.00570,pt000423,63.2673052460396,-145.41950759275736,1441.4820556640625,13.40861988067627,217.46424865722656
01.00570,pt000424,63.2673052460396,-145.4184844739315,1448.8626708984375,10.970600128173828,210.98883056640625
01.00570,pt000425,63.2673052460396,-145.41746135510564,1452.55078125,9.977860450744629,212.26795959472656
01.00570,pt000426,63.2673052460396,-145.4164382362798,1458.5780029296875,10.781288146972656,225.7952423095703
01.00570,pt000427,63.2673052460396,-145.41541511745393,1464.5279541015625,9.039786338806152,222.541259765625
01.00570,pt000428,63.2673052460396,-145.41439199862808,1467.9842529296875,6.922861099243164,208.6090545654297
01.00570,pt000429,63.2673052460396,-145.41336887980222,1471.213134765625,6.4027228355407715,206.46182250976562
01.00570,pt000430,63.2673052460396,-145.41234576097636,1473.295654296875,6.047077655792236,205.60968017578125
01.00570,pt000431,63.2673052460396,-145.4113226421505,1475.9232177734375,5.943509578704834,201.93003845214844
01.00570,pt000432,63.2673052460396,-145.41029952332465,1477.2021484375,5.933932781219482,163.26087951660156
01.00570,pt000433,63.2673052460396,-145.4092764044988,1472.955078125,7.9393134117126465,162.9142303466797
01.00570,pt000434,63.2673052460396,-145.40825328567294,1471.6392822265625,7.226100921630859,234.87130737304688
01.00570,pt000435,63.2673052460396,-145.40723016684709,1479.6539306640625,14.144627571105957,264.4698181152344
01.00570,pt000436,63.2673052460396,-145.40620704802123,1495.440673828125,12.866470336914062,272.9416809082031
01.00570,pt000437,63.268328364865454,-145.43792373162276,1434.8135986328125,16.07884407043457,187.87864685058594
01.00570,pt000438,63.268328364865454,-145.4369006127969,1436.620361328125,15.583736419677734,185.40966796875
01.00570,pt000439,63.268328364865454,-145.43587749397105,1438.3785400390625,14.809151649475098,182.3001251220703
01.00570,pt000440,63.268328364865454,-145.4348543751452,1439.3330078125,11.058027267456055,176.4291534423828
01.00570,pt000441,63.268328364865454,-145.43383125631934,1438.1380615234375,12.378893852233887,167.38543701171875
01.00570,pt000442,63.268328364865454,-145.43280813749348,1434.889404296875,11.233884811401367,167.4127655029297
01.00570,pt000443,63.268328364865454,-145.43178501866763,1432.6007080078125,10.441397666931152,163.14537048339844
01.00570,pt000444,63.268328364865454,-145.43076189984177,1427.7188720703125,10.653395652770996,151.27871704101562
01.00570,pt000445,63.268328364865454,-145.4297387810159,1421.1610107421875,12.257206916809082,139.80245971679688
01.00570,pt000446,63.268328364865454,-145.42871566219006,1414.4017333984375,13.308450698852539,126.74177551269531
01.00570,pt000447,63.268328364865454,-145.4276925433642,1400.18994140625,12.68510627746582,128.85678100585938
01.00570,pt000448,63.268328364865454,-145.42666942453835,1397.876953125,4.6004533767700195,143.2048797607422
01.00570,pt000449,63.268328364865454,-145.4256463057125,1395.849609375,5.469471454620361,160.12692260742188
01.00570,pt000450,63.268328364865454,-145.42462318688663,1393.09326171875,9.810286521911621,161.43093872070312
01.00570,pt000451,63.268328364865454,-145.42360006806078,1395.1717529296875,11.404861450195312,212.85867309570312
01.00570,pt000452,63.268328364865454,-145.4205307115832,1444.3958740234375,15.993821144104004,230.10264587402344
01.00570,pt000453,63.268328364865454,-145.41950759275736,1461.7540283203125,19.603836059570312,211.30479431152344
01.00570,pt000454,63.268328364865454,-145.4184844739315,1467.988525390625,15.001484870910645,185.4335174560547
01.00570,pt000455,63.268328364865454,-145.41746135510564,1469.3084716796875,12.60245132446289,189.94268798828125
01.00570,pt000456,63.268328364865454,-145.4164382362798,1472.484130859375,10.576105117797852,203.71585083007812
01.00570,pt000457,63.268328364865454,-145.41541511745393,1476.258544921875,9.257835388183594,205.94764709472656
01.00570,pt000458,63.268328364865454,-145.41439199862808,1478.58154296875,6.987541198730469,189.58116149902344
01.00570,pt000459,63.268328364865454,-145.41336887980222,1479.9527587890625,5.73615837097168,195.84954833984375
01.00570,pt000460,63.268328364865454,-145.41234576097636,1481.1513671875,5.200072765350342,204.20367431640625
01.00570,pt000461,63.268328364865454,-145.4113226421505,1483.8111572265625,4.967590808868408,208.37648010253906
01.00570,pt000462,63.268328364865454,-145.41029952332465,1485.334716796875,4.790397644042969,175.3757781982422
01.00570,pt000463,63.268328364865454,-145.4092764044988,1482.8087158203125,6.911832332611084,156.14764404296875
01.00570,pt000464,63.268328364865454,-145.40825328567294,1479.479248046875,4.672896385192871,197.2338104248047
01.00570,pt000465,63.268328364865454,-145.40723016684709,1483.2548828125,10.968496322631836,261.9229431152344
01.00570,pt000466,63.268328364865454,-145.40620704802123,1497.960205078125,11.72231388092041,265.5793151855469
01.00570,pt000467,63.26935148369131,-145.43894685044862,1464.653076171875,24.4017333984375,119.89360809326172
01.00570,pt000468,63.26935148369131,-145.43792373162276,1464.7215576171875,16.04454803466797,191.82736206054688
01.00570,pt000469,63.26935148369131,-145.4369006127969,1466.2127685546875,15.92794132232666,180.82179260253906
01.00570,pt000470,63.26935148369131,-145.43587749397105,1465.28076171875,13.951898574829102,168.2134246826172
01.00570,pt000471,63.26935148369131,-145.4348543751452,1462.7088623046875,13.247215270996094,168.97267150878906
01.00570,pt000472,63.26935148369131,-145.43383125631934,1459.8031005859375,14.009703636169434,148.28976440429688
01.00570,pt000473,63.26935148369131,-145.43280813749348,1451.8223876953125,9.455644607543945,143.45164489746094
01.00570,pt000474,63.26935148369131,-145.43178501866763,1447.7059326171875,9.370444297790527,139.2191162109375
01.00570,pt000475,63.26935148369131,-145.43076189984177,1440.8721923828125,8.540426254272461,132.19554138183594
01.00570,pt000476,63.26935148369131,-145.4297387810159,1433.29833984375,10.549290657043457,122.73988342285156
01.00570,pt000477,63.26935148369131,-145.42871566219006,1425.738525390625,11.771529197692871,112.4544448852539
01.00570,pt000478,63.26935148369131,-145.4276925433642,1411.4085693359375,13.35282039642334,120.15812683105469
01.00570,pt000479,63.26935148369131,-145.42666942453835,1406.531494140625,5.558987140655518,193.86260986328125
01.00570,pt000480,63.26935148369131,-145.4256463057125,1408.4088134765625,10.165657043457031,215.62265014648438
01.00570,pt000481,63.26935148369131,-145.42462318688663,1418.417724609375,17.28904151916504,213.95660400390625
01.00570,pt000482,63.26935148369131,-145.42360006806078,1423.6107177734375,19.867897033691406,194.6951904296875
01.00570,pt000483,63.26935148369131,-145.4205307115832,1474.405517578125,17.566204071044922,211.0605010986328
01.00570,pt000484,63.26935148369131,-145.41950759275736,1487.79052734375,16.542970657348633,214.97296142578125
01.00570,pt000485,63.26935148369131,-145.4184844739315,1493.4486083984375,11.1587495803833,177.88311767578125
01.00570,pt000486,63.26935148369131,-145.41746135510564,1493.4512939453125,11.978202819824219,177.99737548828125
01.00570,pt000487,63.26935148369131,-145.4164382362798,1492.1312255859375,11.245694160461426,176.7549285888672
01.00570,pt000488,63.26935148369131,-145.41541511745393,1492.267822265625,8.665351867675781,184.33090209960938
01.00570,pt000489,63.26935148369131,-145.41439199862808,1491.576904296875,7.2317962646484375,169.33822631835938
01.00570,pt000490,63.26935148369131,-145.41336887980222,1490.6348876953125,6.575643062591553,182.0185546875
01.00570,pt000491,63.26935148369131,-145.41234576097636,1490.9752197265625,5.876433372497559,179.3599090576172
01.00570,pt000492,63.26935148369131,-145.4113226421505,1491.5150146484375,5.037515640258789,212.24114990234375
01.00570,pt000493,63.26935148369131,-145.41029952332465,1493.121826171875,4.607334613800049,214.81993103027344
01.00570,pt000494,63.26935148369131,-145.4092764044988,1492.8560791015625,5.823343753814697,141.09368896484375
01.00570,pt000495,63.26935148369131,-145.40825328567294,1488.398681640625,6.4713215827941895,130.74574279785156
01.00570,pt000496,63.26935148369131,-145.40723016684709,1486.724365234375,6.3610734939575195,220.4102325439453
01.00570,pt000497,63.26935148369131,-145.40620704802123,1500.5416259765625,12.873958587646484,285.7859191894531
01.00570,pt000498,63.270374602517165,-145.43894685044862,1496.91650390625,24.542909622192383,129.9580841064453
01.00570,pt000499,63.270374602517165,-145.43792373162276,1497.4937744140625,19.033737182617188,186.57464599609375
01.00570,pt000500,63.270374602517165,-145.4369006127969,1497.564453125,16.881851196289062,169.53253173828125
01.00570,pt000501,63.270374602517165,-145.43587749397105,1493.6171875,14.980668067932129,153.25875854492188
01.00570,pt000502,63.270374602517165,-145.4348543751452,1488.4400634765625,11.904915809631348,149.31002807617188
01.00570,pt000503,63.270374602517165,-145.43383125631934,1482.125,18.921884536743164,109.49494934082031
01.00570,pt000504,63.270374602517165,-145.43280813749348,1464.015625,11.463433265686035,73.96187591552734
01.00570,pt000505,63.270374602517165,-145.43178501866763,1455.788330078125,13.14171028137207,69.93553161621094
01.00570,pt000506,63.270374602517165,-145.43076189984177,1442.79052734375,9.942683219909668,70.1112060546875
01.00570,pt000507,63.270374602517165,-145.4297387810159,1436.3338623046875,8.019414901733398,57.48112106323242
01.00570,pt000508,63.270374602517165,-145.42871566219006,1430.103515625,10.374317169189453,122.81966400146484
01.00570,pt000509,63.270374602517165,-145.42462318688663,1446.688720703125,21.704484939575195,232.25494384765625
01.00570,pt000510,63.270374602517165,-145.42360006806078,1460.1605224609375,21.172588348388672,242.36447143554688
01.00570,pt000511,63.270374602517165,-145.42257694923492,1478.03173828125,18.538698196411133,235.9683837890625
01.00570,pt000512,63.270374602517165,-145.42155383040907,1491.5428466796875,15.394000053405762,214.05325317382812
01.00570,pt000513,63.270374602517165,-145.4205307115832,1495.3729248046875,11.58309268951416,214.6375732421875
01.00570,pt000514,63.270374602517165,-145.41950759275736,1506.8524169921875,12.989113807678223,234.6464385986328
01.00570,pt000515,63.270374602517165,-145.4184844739315,1513.218017578125,7.180787086486816,185.46006774902344
01.00570,pt000516,63.270374602517165,-145.41746135510564,1513.4976806640625,6.72824239730835,175.07864379882812
01.00570,pt000517,63.270374602517165,-145.4164382362798,1512.703125,7.0528059005737305,157.9521942138672
01.00570,pt000518,63.270374602517165,-145.41541511745393,1510.326416015625,6.91432523727417,153.6434326171875
01.00570,pt000519,63.270374602517165,-145.41439199862808,1508.47119140625,7.378263473510742,164.56959533691406
01.00570,pt000520,63.270374602517165,-145.41336887980222,1505.4993896484375,6.704554557800293,159.0537109375
01.00570,pt000521,63.270374602517165,-145.41234576097636,1504.5521240234375,5.993701457977295,164.03236389160156
01.00570,pt000522,63.270374602517165,-145.4113226421505,1503.733154296875,5.310484886169434,188.3453826904297
01.00570,pt000523,63.270374602517165,-145.41029952332465,1504.25439453125,5.303700923919678,180.0194549560547
01.00570,pt000524,63.270374602517165,-145.4092764044988,1504.197265625,5.6152544021606445,150.29270935058594
01.00570,pt000525,63.270374602517165,-145.40825328567294,1499.7171630859375,5.635026931762695,136.78460693359375
01.00570,pt000526,63.270374602517165,-145.40723016684709,1497.6490478515625,6.742415904998779,168.62657165527344
01.00570,pt000527,63.270374602517165,-145.40620704802123,1508.4866943359375,20.08431053161621,243.80508422851562
01.00570,pt000528,63.27139772134302,-145.43996996927447,1551.8048095703125,28.413002014160156,139.50221252441406
01.00570,pt000529,63.27139772134302,-145.43894685044862,1541.9530029296875,33.707130432128906,171.98265075683594
01.00570,pt000530,63.27139772134302,-145.43792373162276,1540.7127685546875,31.563875198364258,171.939697265625
01.00570,pt000531,63.27139772134302,-145.4369006127969,1534.24169921875,29.511629104614258,151.4435577392578
01.00570,pt000532,63.27139772134302,-145.43587749397105,1517.104736328125,23.889780044555664,112.0147933959961
01.00570,pt000533,63.27139772134302,-145.4348543751452,1502.224609375,13.55811595916748,102.8874740600586
01.00570,pt000534,63.27139772134302,-145.43383125631934,1488.55029296875,33.069488525390625,90.70230865478516
01.00570,pt000535,63.27139772134302,-145.43280813749348,1455.11328125,15.503209114074707,108.2961654663086
01.00570,pt000536,63.27139772134302,-145.42257694923492,1493.744384765625,19.960237503051758,221.0382843017578
01.00570,pt000537,63.27139772134302,-145.42155383040907,1511.685302734375,16.602481842041016,233.16378784179688
01.00570,pt000538,63.27139772134302,-145.4205307115832,1514.7200927734375,11.365313529968262,194.0657196044922
01.00570,pt000539,63.27139772134302,-145.41950759275736,1519.5098876953125,10.199159622192383,211.6216583251953
01.00570,pt000540,63.27139772134302,-145.4184844739315,1523.0010986328125,6.444694519042969,180.32492065429688
01.00570,pt000541,63.27139772134302,-145.41746135510564,1522.700927734375,6.2383880615234375,168.99513244628906
01.00570,pt000542,63.27139772134302,-145.4164382362798,1521.3541259765625,6.107385635375977,158.80311584472656
01.00570,pt000543,63.27139772134302,-145.41541511745393,1519.654296875,6.0454421043396,155.53993225097656
01.00570,pt000544,63.27139772134302,-145.41439199862808,1518.1505126953125,6.152057647705078,165.56326293945312
01.00570,pt000545,63.27139772134302,-145.41336887980222,1514.8642578125,7.014508247375488,147.6505126953125
01.00570,pt000546,63.27139772134302,-145.41234576097636,1512.578125,6.220569610595703,152.52066040039062
01.00570,pt000547,63.27139772134302,-145.4113226421505,1510.71044921875,4.928235054016113,191.53402709960938
01.00570,pt000548,63.27139772134302,-145.41029952332465,1511.6934814453125,4.928944110870361,204.75111389160156
01.00570,pt000549,63.27139772134302,-145.4092764044988,1512.304931640625,6.693990230560303,161.3776092529297
01.00570,pt000550,63.27139772134302,-145.40825328567294,1508.3720703125,8.082021713256836,164.0831298828125
01.00570,pt000551,63.27139772134302,-145.40723016684709,1507.791259765625,10.478104591369629,194.0758514404297
01.00570,pt000552,63.27139772134302,-145.40620704802123,1522.9716796875,23.90913963317871,250.0028076171875
01.00570,pt000553,63.27139772134302,-145.3744903644197,2267.118408203125,41.57913589477539,248.4323272705078
01.00570,pt000554,63.27139772134302,-145.37346724559384,2293.674072265625,17.511795043945312,256.9939270019531
01.00570,pt000555,63.27139772134302,-145.372444126768,2298.918701171875,11.283668518066406,225.54159545898438
01.00570,pt000556,63.27139772134302,-145.37142100794213,2303.964111328125,18.644556045532227,224.9288330078125
01.00570,pt000557,63.27139772134302,-145.37039788911628,2311.77734375,17.29608154296875,87.05400848388672
01.00570,pt000558,63.27242084016888,-145.44099308810033,1655.2928466796875,32.813411712646484,135.5175323486328
01.00570,pt000559,63.27242084016888,-145.43996996927447,1640.338134765625,35.96612548828125,151.69174194335938
01.00570,pt000560,63.27242084016888,-145.43894685044862,1627.3924560546875,30.424211502075195,151.44154357910156
01.00570,pt000561,63.27242084016888,-145.43792373162276,1616.2003173828125,27.351490020751953,156.53089904785156
01.00570,pt000562,63.27242084016888,-145.4369006127969,1606.7374267578125,30.70296287536621,143.4867706298828
01.00570,pt000563,63.27242084016888,-145.43587749397105,1578.19482421875,44.718074798583984,153.8756561279297
01.00570,pt000564,63.27242084016888,-145.42462318688663,1551.1409912109375,13.928214073181152,170.49127197265625
01.00570,pt000565,63.27242084016888,-145.42360006806078,1547.97802734375,18.644180297851562,156.1861114501953
01.00570,pt000566,63.27242084016888,-145.42257694923492,1534.46484375,16.371097564697266,148.36911010742188
01.00570,pt000567,63.27242084016888,-145.42155383040907,1535.1566162109375,7.999096870422363,193.52088928222656
01.00570,pt000568,63.27242084016888,-145.4205307115832,1535.3905029296875,6.6553826332092285,185.87110900878906
01.00570,pt000569,63.27242084016888,-145.41950759275736,1536.4913330078125,5.793582439422607,185.23484802246094
01.00570,pt000570,63.27242084016888,-145.4184844739315,1536.0531005859375,5.203264236450195,156.94912719726562
01.00570,pt000571,63.27242084016888,-145.41746135510564,1534.5948486328125,5.442273139953613,155.41140747070312
01.00570,pt000572,63.27242084016888,-145.4164382362798,1533.3070068359375,5.166054725646973,175.9381561279297
01.00570,pt000573,63.27242084016888,-145.41541511745393,1532.7169189453125,5.351502418518066,172.91461181640625
01.00570,pt000574,63.27242084016888,-145.41439199862808,1531.3392333984375,5.751465797424316,156.47341918945312
01.00570,pt000575,63.27242084016888,-145.41336887980222,1528.340087890625,6.640154838562012,149.1327667236328
01.00570,pt000576,63.27242084016888,-145.41234576097636,1525.591796875,6.5689778327941895,151.1592559814453
01.00570,pt000577,63.27242084016888,-145.4113226421505,1522.83154296875,5.6306939125061035,176.02967834472656
01.00570,pt000578,63.27242084016888,-145.41029952332465,1523.0528564453125,6.158308029174805,211.59967041015625
01.00570,pt000579,63.27242084016888,-145.4092764044988,1527.0546875,5.5893874168396,211.17063903808594
01.00570,pt000580,63.27242084016888,-145.40825328567294,1526.7860107421875,6.915673732757568,179.61846923828125
01.00570,pt000581,63.27242084016888,-145.40723016684709,1529.139892578125,9.737543106079102,233.694091796875
01.00570,pt000582,63.27242084016888,-145.40620704802123,1546.936279296875,23.81913948059082,257.28076171875
01.00570,pt000583,63.27242084016888,-145.3765366020714,2275.39306640625,8.712072372436523,195.8100128173828
01.00570,pt000584,63.27242084016888,-145.37551348324556,2276.017822265625,6.563443660736084,198.7677459716797
01.00570,pt000585,63.27242084016888,-145.3744903644197,2277.456298828125,12.860177040100098,4.5931925773620605
01.00570,pt000586,63.27242084016888,-145.37346724559384,2276.993408203125,19.41135025024414,359.0914001464844
01.00570,pt000587,63.27242084016888,-145.372444126768,2275.45458984375,25.5317325592041,5.293997287750244
01.00570,pt000588,63.27242084016888,-145.37142100794213,2273.89404296875,35.915191650390625,358.6961975097656
01.00570,pt000589,63.27242084016888,-145.37039788911628,2279.939208984375,37.31388473510742,342.72930908203125
01.00570,pt000590,63.27344395899473,-145.4532705140106,1864.2911376953125,22.070589065551758,58.33262634277344
01.00570,pt000591,63.27344395899473,-145.44303932575204,1701.4605712890625,26.335308074951172,126.3741455078125
01.00570,pt000592,63.27344395899473,-145.44201620692618,1690.9588623046875,18.7926082611084,149.1852264404297
01.00570,pt000593,63.27344395899473,-145.44099308810033,1683.7882080078125,12.593254089355469,151.71945190429688
01.00570,pt000594,63.27344395899473,-145.43996996927447,1677.5653076171875,12.284515380859375,142.32432556152344
01.00570,pt000595,63.27344395899473,-145.43894685044862,1673.7874755859375,16.27116584777832,161.2830810546875
01.00570,pt000596,63.27344395899473,-145.43792373162276,1667.8192138671875,17.33621597290039,152.892333984375
01.00570,pt000597,63.27344395899473,-145.4369006127969,1661.537109375,18.94480323791504,152.60726928710938
01.00570,pt000598,63.27344395899473,-145.43587749397105,1651.4879150390625,24.756288528442383,161.63015747070312
01.00570,pt000599,63.27344395899473,-145.4348543751452,1649.2646484375,29.184301376342773,183.7337188720703
01.00570,pt000600,63.27344395899473,-145.43383125631934,1649.52783203125,28.271772384643555,177.8309326171875
01.00570,pt000601,63.27344395899473,-145.43280813749348,1641.489013671875,20.813945770263672,174.14666748046875
01.00570,pt000602,63.27344395899473,-145.43178501866763,1639.4248046875,17.65057373046875,172.6727752685547
01.00570,pt000603,63.27344395899473,-145.43076189984177,1634.61962890625,15.558370590209961,169.8379669189453
01.00570,pt000604,63.27344395899473,-145.4297387810159,1625.69189453125,15.540010452270508,145.3272705078125
01.00570,pt000605,63.27344395899473,-145.42871566219006,1617.166748046875,14.974589347839355,131.08485412597656
01.00570,pt000606,63.27344395899473,-145.4276925433642,1600.482421875,18.77082633972168,109.25780487060547
01.00570,pt000607,63.27344395899473,-145.42666942453835,1585.869873046875,13.444842338562012,113.14554595947266
01.00570,pt000608,63.27344395899473,-145.4256463057125,1576.5758056640625,12.801552772521973,113.49449157714844
01.00570,pt000609,63.27344395899473,-145.42462318688663,1566.6219482421875,9.63365650177002,112.97271728515625
01.00570,pt000610,63.27344395899473,-145.42360006806078,1560.3255615234375,8.51379680633545,98.98148345947266
01.00570,pt000611,63.27344395899473,-145.42257694923492,1552.9609375,6.423842906951904,112.7826156616211
01.00570,pt000612,63.27344395899473,-145.42155383040907,1546.8343505859375,5.647797584533691,118.68013000488281
01.00570,pt000613,63.27344395899473,-145.4205307115832,1545.95947265625,4.223386764526367,191.56361389160156
01.00570,pt000614,63.27344395899473,-145.41950759275736,1546.4124755859375,4.139747142791748,179.02085876464844
01.00570,pt000615,63.27344395899473,-145.4184844739315,1545.9818115234375,4.032369613647461,164.689697265625
01.00570,pt000616,63.27344395899473,-145.41746135510564,1545.3143310546875,4.492323398590088,168.46002197265625
01.00570,pt000617,63.27344395899473,-145.4164382362798,1544.744384765625,4.506083011627197,169.286865234375
01.00570,pt000618,63.27344395899473,-145.41541511745393,1544.4112548828125,5.0456624031066895,175.73773193359375
01.00570,pt000619,63.27344395899473,-145.41439199862808,1543.0577392578125,5.517433166503906,151.3982696533203
01.00570,pt000620,63.27344395899473,-145.41336887980222,1540.2783203125,5.993288993835449,150.68568420410156
01.00570,pt000621,63.27344395899473,-145.41234576097636,1537.887939453125,6.165671348571777,148.8538360595703
01.00570,pt000622,63.27344395899473,-145.4113226421505,1535.45458984375,5.764112949371338,186.35800170898438
01.00570,pt000623,63.27344395899473,-145.41029952332465,1536.1112060546875,5.866570949554443,189.346435546875
01.00570,pt000624,63.27344395899473,-145.4092764044988,1537.8338623046875,7.049304008483887,223.42625427246094
01.00570,pt000625,63.27344395899473,-145.40825328567294,1540.47314453125,7.423645496368408,155.0126953125
01.00570,pt000626,63.27344395899473,-145.40723016684709,1538.8841552734375,8.672355651855469,208.39080810546875
01.00570,pt000627,63.27344395899473,-145.40620704802123,1557.3856201171875,22.795928955078125,253.2966766357422
01.00570,pt000628,63.27344395899473,-145.37755972089727,2286.09765625,12.470433235168457,86.17861938476562
01.00570,pt000629,63.27344395899473,-145.3765366020714,2271.290283203125,12.372068405151367,67.91431427001953
01.00570,pt000630,63.27344395899473,-145.37551348324556,2268.2666015625,12.266059875488281,71.16941833496094
01.00570,pt000631,63.27344395899473,-145.3744903644197,2234.79736328125,31.159656524658203,78.00070190429688
01.00570,pt000632,63.27344395899473,-145.37346724559384,2218.4208984375,21.255218505859375,52.69578170776367
01.00570,pt000633,63.27344395899473,-145.372444126768,2207.647705078125,22.7230281829834,56.55830764770508
01.00570,pt000634,63.27344395899473,-145.37142100794213,2189.77734375,17.472692489624023,66.74462890625
01.00570,pt000635,63.27344395899473,-145.37039788911628,2185.6044921875,17.55820083618164,9.179746627807617
01.00570,pt000636,63.27344395899473,-145.36937477029042,2195.32861328125,40.53044509887695,293.3837585449219
01.00570,pt000637,63.27446707782059,-145.45940922696573,1952.03759765625,35.421810150146484,341.0476989746094
01.00570,pt000638,63.27446707782059,-145.45633987048816,1896.7071533203125,49.81251907348633,58.55195617675781
01.00570,pt000639,63.27446707782059,-145.4553167516623,1867.8990478515625,39.39500427246094,58.331504821777344
01.00570,pt000640,63.27446707782059,-145.45429363283645,1845.19287109375,27.047670364379883,46.43962860107422
01.00570,pt000641,63.27446707782059,-145.4532705140106,1832.2977294921875,26.44341468811035,24.690940856933594
01.00570,pt000642,63.27446707782059,-145.45224739518474,1823.05517578125,28.94930648803711,42.841896057128906
01.00570,pt000643,63.27446707782059,-145.4512242763589,1800.62158203125,22.672489166259766,52.12589645385742
01.00570,pt000644,63.27446707782059,-145.45020115753303,1793.7598876953125,14.280294418334961,20.027751922607422
01.00570,pt000645,63.27446707782059,-145.44917803870717,1788.7491455078125,15.475451469421387,51.18513488769531
01.00570,pt000646,63.27446707782059,-145.44815491988132,1777.8853759765625,7.870150089263916,78.035888671875
01.00570,pt000647,63.27446707782059,-145.44713180105546,1774.3465576171875,5.95957088470459,74.00348663330078
01.00570,pt000648,63.27446707782059,-145.4461086822296,1768.4368896484375,9.353318214416504,85.63704681396484
01.00570,pt000649,63.27446707782059,-145.44508556340375,1758.389404296875,16.215805053710938,97.18856048583984
01.00570,pt000650,63.27446707782059,-145.4440624445779,1742.4595947265625,17.67748260498047,105.73069763183594
01.00570,pt000651,63.27446707782059,-145.44303932575204,1723.1767578125,20.7926082611084,114.16603088378906
01.00570,pt000652,63.27446707782059,-145.44201620692618,1711.5670166015625,15.383477210998535,140.71530151367188
01.00570,pt000653,63.27446707782059,-145.44099308810033,1701.39794921875,12.614341735839844,121.97528839111328
01.00570,pt000654,63.27446707782059,-145.43996996927447,1694.98193359375,9.129401206970215,142.08828735351562
01.00570,pt000655,63.27446707782059,-145.43894685044862,1690.7459716796875,8.21300220489502,128.08978271484375
01.00570,pt000656,63.27446707782059,-145.43792373162276,1684.096435546875,9.370997428894043,120.60127258300781
01.00570,pt000657,63.27446707782059,-145.4369006127969,1682.6685791015625,9.95065975189209,181.7974090576172
01.00570,pt000658,63.27446707782059,-145.43587749397105,1680.3914794921875,10.376127243041992,136.76351928710938
01.00570,pt000659,63.27446707782059,-145.4348543751452,1675.36669921875,7.438790321350098,144.96783447265625
01.00570,pt000660,63.27446707782059,-145.43383125631934,1670.54248046875,16.144227981567383,114.85964965820312
01.00570,pt000661,63.27446707782059,-145.43280813749348,1654.917724609375,9.020122528076172,103.94123840332031
01.00570,pt000662,63.27446707782059,-145.43178501866763,1648.811279296875,9.112752914428711,94.74835205078125
01.00570,pt000663,63.27446707782059,-145.43076189984177,1639.53076171875,9.665634155273438,87.31612396240234
01.00570,pt000664,63.27446707782059,-145.4297387810159,1628.615478515625,10.666391372680664,88.40078735351562
01.00570,pt000665,63.27446707782059,-145.42871566219006,1621.162109375,11.847895622253418,93.07189178466797
01.00570,pt000666,63.27446707782059,-145.4276925433642,1603.480224609375,18.207670211791992,92.0911865234375
01.00570,pt000667,63.27446707782059,-145.42666942453835,1588.951171875,11.91775894165039,95.01918029785156
01.00570,pt000668,63.27446707782059,-145.4256463057125,1580.6177978515625,12.300561904907227,95.69244384765625
01.00570,pt000669,63.27446707782059,-145.42462318688663,1567.9996337890625,11.428553581237793,87.09127044677734
01.00570,pt000670,63.27446707782059,-145.42360006806078,1560.6409912109375,9.091609954833984,84.5116195678711
01.00570,pt000671,63.27446707782059,-145.42257694923492,1553.9893798828125,4.540848731994629,93.64994812011719
01.00570,pt000672,63.27446707782059,-145.42155383040907,1550.9398193359375,1.722586750984192,122.64065551757812
01.00570,pt000673,63.27446707782059,-145.4205307115832,1550.94287109375,1.6313855648040771,181.96241760253906
01.00570,pt000674,63.27446707782059,-145.41950759275736,1551.06591796875,1.8574835062026978,192.56369018554688
01.00570,pt000675,63.27446707782059,-145.4184844739315,1550.9798583984375,2.25274920463562,164.3654022216797
01.00570,pt000676,63.27446707782059,-145.41746135510564,1550.63330078125,2.4489243030548096,177.9149169921875
01.00570,pt000677,63.27446707782059,-145.4164382362798,1550.637939453125,2.527724504470825,192.5232696533203
01.00570,pt000678,63.27446707782059,-145.41541511745393,1551.117431640625,2.6700425148010254,182.51307678222656
01.00570,pt000679,63.27446707782059,-145.41439199862808,1549.68505859375,3.682185411453247,144.95761108398438
01.00570,pt000680,63.27446707782059,-145.41336887980222,1546.7366943359375,3.909297227859497,129.51658630371094
01.00570,pt000681,63.27446707782059,-145.41234576097636,1544.8970947265625,4.033270835876465,134.80052185058594
01.00570,pt000682,63.27446707782059,-145.4113226421505,1542.7156982421875,3.2802295684814453,196.02879333496094
01.00570,pt000683,63.27446707782059,-145.41029952332465,1543.5413818359375,3.994317054748535,222.62889099121094
01.00570,pt000684,63.27446707782059,-145.4092764044988,1545.860595703125,4.4695329666137695,219.63870239257812
01.00570,pt000685,63.27446707782059,-145.40825328567294,1549.5791015625,5.105268478393555,132.2018280029297
01.00570,pt000686,63.27446707782059,-145.40723016684709,1546.1702880859375,7.685244560241699,142.09205627441406
01.00570,pt000687,63.27446707782059,-145.40620704802123,1561.7440185546875,21.831024169921875,267.4725036621094
01.00570,pt000688,63.27446707782059,-145.38472155267826,2250.7431640625,35.775794982910156,212.569580078125
01.00570,pt000689,63.27446707782059,-145.3836984338524,2265.987060546875,24.802978515625,212.939697265625
01.00570,pt000690,63.27446707782059,-145.38267531502655,2265.50537109375,23.518218994140625,173.3263397216797
01.00570,pt000691,63.27446707782059,-145.3816521962007,2273.924072265625,33.38528060913086,197.84307861328125
01.00570,pt000692,63.27446707782059,-145.38062907737483,2293.72802734375,41.261260986328125,220.3467559814453
01.00570,pt000693,63.27446707782059,-145.37960595854898,2317.044189453125,23.11465835571289,192.66119384765625
01.00570,pt000694,63.27446707782059,-145.37858283972312,2301.605224609375,20.380800247192383,113.83949279785156
01.00570,pt000695,63.27446707782059,-145.37755972089727,2288.28857421875,18.67351531982422,95.29888916015625
01.00570,pt000696,63.27446707782059,-145.3765366020714,2267.746826171875,14.449435234069824,72.3499755859375
01.00570,pt000697,63.27446707782059,-145.37551348324556,2263.596435546875,13.592841148376465,74.06675720214844
01.00570,pt000698,63.27446707782059,-145.3744903644197,2218.42626953125,38.422203063964844,66.28845977783203
01.00570,pt000699,63.27446707782059,-145.37346724559384,2201.748779296875,16.324750900268555,36.29882049560547
01.00570,pt000700,63.27446707782059,-145.372444126768,2194.68115234375,16.886375427246094,47.650047302246094
01.00570,pt000701,63.27446707782059,-145.37142100794213,2178.860595703125,18.152137756347656,56.79799270629883
01.00570,pt000702,63.27446707782059,-145.37039788911628,2170.177734375,17.536684036254883,25.705032348632812
01.00570,pt000703,63.27446707782059,-145.36937477029042,2165.7294921875,26.32740592956543,307.08551025390625
01.00570,pt000704,63.27446707782059,-145.36835165146456,2210.1201171875,53.93467330932617,312.67529296875
01.00570,pt000705,63.27446707782059,-145.3673285326387,2252.595458984375,46.1856803894043,307.7640380859375
01.00570,pt000706,63.275490196646444,-145.46861729639843,1895.91650390625,11.65204906463623,312.7148132324219
01.00570,pt000707,63.275490196646444,-145.46759417757258,1905.0380859375,21.69930076599121,348.2484130859375
01.00570,pt000708,63.275490196646444,-145.46657105874672,1908.8443603515625,30.817554473876953,3.2963311672210693
01.00570,pt000709,63.275490196646444,-145.46554793992087,1906.0789794921875,33.591609954833984,10.243070602416992
01.00570,pt000710,63.275490196646444,-145.464524821095,1898.8526611328125,33.08872604370117,6.429830551147461
01.00570,pt000711,63.275490196646444,-145.46350170226916,1897.55224609375,34.072330474853516,16.904827117919922
01.00570,pt000712,63.275490196646444,-145.4624785834433,1884.4874267578125,35.409828186035156,14.15395450592041
01.00570,pt000713,63.275490196646444,-145.46145546461744,1874.3685302734375,31.52604866027832,23.111255645751953
01.00570,pt000714,63.275490196646444,-145.4604323457916,1866.0791015625,28.739072799682617,26.600961685180664
01.00570,pt000715,63.275490196646444,-145.45940922696573,1851.4449462890625,21.67546272277832,38.0595588684082
01.00570,pt000716,63.275490196646444,-145.45838610813988,1844.7657470703125,16.515647888183594,33.40000534057617
01.00570,pt000717,63.275490196646444,-145.45736298931402,1834.918212890625,17.01999855041504,59.052310943603516
01.00570,pt000718,63.275490196646444,-145.45633987048816,1821.43896484375,10.01429557800293,64.88802337646484
01.00570,pt000719,63.275490196646444,-145.4553167516623,1815.89697265625,9.214625358581543,65.43280029296875
01.00570,pt000720,63.275490196646444,-145.45429363283645,1807.873046875,8.153596878051758,76.27593994140625
01.00570,pt000721,63.275490196646444,-145.4532705140106,1800.5235595703125,6.796455383300781,85.58185577392578
01.00570,pt000722,63.275490196646444,-145.45224739518474,1796.30029296875,5.878267765045166,102.52318572998047
01.00570,pt000723,63.275490196646444,-145.4512242763589,1789.30078125,6.665407180786133,104.61365509033203
01.00570,pt000724,63.275490196646444,-145.45020115753303,1786.431884765625,2.3556671142578125,130.17697143554688
01.00570,pt000725,63.275490196646444,-145.44917803870717,1784.0079345703125,4.719569683074951,114.1952133178711
01.00570,pt000726,63.275490196646444,-145.44815491988132,1779.2476806640625,4.614745616912842,101.21293640136719
01.00570,pt000727,63.275490196646444,-145.44713180105546,1776.1690673828125,4.883208751678467,102.82032012939453
01.00570,pt000728,63.275490196646444,-145.4461086822296,1770.5498046875,7.657796859741211,95.44904327392578
01.00570,pt000729,63.275490196646444,-145.44508556340375,1763.1553955078125,11.19832992553711,89.53697204589844
01.00570,pt000730,63.275490196646444,-145.4440624445779,1752.8153076171875,10.316865921020508,90.25493621826172
01.00570,pt000731,63.275490196646444,-145.44303932575204,1741.147216796875,11.798617362976074,101.20965576171875
01.00570,pt000732,63.275490196646444,-145.44201620692618,1733.0894775390625,12.425155639648438,110.97239685058594
01.00570,pt000733,63.275490196646444,-145.44099308810033,1722.864990234375,10.892020225524902,133.01800537109375
01.00570,pt000734,63.275490196646444,-145.43996996927447,1716.6552734375,10.317136764526367,142.4646453857422
01.00570,pt000735,63.275490196646444,-145.43894685044862,1712.546630859375,7.717520236968994,135.23744201660156
01.00570,pt000736,63.275490196646444,-145.43792373162276,1708.9742431640625,6.714035987854004,141.40963745117188
01.00570,pt000737,63.275490196646444,-145.4369006127969,1705.043212890625,8.882213592529297,107.97722625732422
01.00570,pt000738,63.275490196646444,-145.43587749397105,1693.4306640625,15.200621604919434,86.5975341796875
01.00570,pt000739,63.275490196646444,-145.4348543751452,1681.1103515625,11.257165908813477,69.95498657226562
01.00570,pt000740,63.275490196646444,-145.43383125631934,1668.9820556640625,30.813383102416992,75.71627807617188
01.00570,pt000741,63.275490196646444,-145.43280813749348,1640.012939453125,15.847672462463379,35.516544342041016
01.00570,pt000742,63.275490196646444,-145.43178501866763,1635.00048828125,13.17185115814209,27.95077133178711
01.00570,pt000743,63.275490196646444,-145.43076189984177,1629.4405517578125,9.914595603942871,33.1217155456543
01.00570,pt000744,63.275490196646444,-145.4297387810159,1622.191162109375,8.271738052368164,50.578094482421875
01.00570,pt000745,63.275490196646444,-145.42871566219006,1617.4705810546875,8.524910926818848,72.33255004882812
01.00570,pt000746,63.275490196646444,-145.4276925433642,1604.0128173828125,15.980578422546387,85.46981048583984
01.00570,pt000747,63.275490196646444,-145.42666942453835,1589.7369384765625,12.851165771484375,80.6195297241211
01.00570,pt000748,63.275490196646444,-145.4256463057125,1580.4989013671875,14.622024536132812,84.4735107421875
01.00570,pt000749,63.275490196646444,-145.42462318688663,1564.43505859375,13.52637004852295,80.45478820800781
01.00570,pt000750,63.275490196646444,-145.42360006806078,1557.07080078125,7.698358058929443,77.50543212890625
01.00570,pt000751,63.275490196646444,-145.42257694923492,1554.349853515625,3.1206605434417725,202.39512634277344
01.00570,pt000752,63.275490196646444,-145.42155383040907,1558.369140625,5.063365936279297,217.49417114257812
01.00570,pt000753,63.275490196646444,-145.4205307115832,1558.6607666015625,3.6150076389312744,185.4732208251953
01.00570,pt000754,63.275490196646444,-145.41950759275736,1558.9989013671875,4.291513442993164,183.10455322265625
01.00570,pt000755,63.275490196646444,-145.4184844739315,1559.099853515625,4.868656158447266,191.73072814941406
01.00570,pt000756,63.275490196646444,-145.41746135510564,1559.8133544921875,4.962581634521484,183.82469177246094
01.00570,pt000757,63.275490196646444,-145.4164382362798,1559.871826171875,5.256460666656494,192.45887756347656
01.00570,pt000758,63.275490196646444,-145.41541511745393,1560.771728515625,4.995726585388184,189.730712890625
01.00570,pt000759,63.275490196646444,-145.41439199862808,1560.262939453125,5.553694725036621,165.0401153564453
01.00570,pt000760,63.275490196646444,-145.41336887980222,1557.7391357421875,6.187406063079834,156.55477905273438
01.00570,pt000761,63.275490196646444,-145.41234576097636,1556.3302001953125,6.164266109466553,169.6548614501953
01.00570,pt000762,63.275490196646444,-145.4113226421505,1555.6754150390625,6.510599613189697,194.98257446289062
01.00570,pt000763,63.275490196646444,-145.41029952332465,1557.0596923828125,7.671886920928955,212.58216857910156
01.00570,pt000764,63.275490196646444,-145.4092764044988,1561.4739990234375,7.635922908782959,201.03890991210938
01.00570,pt000765,63.275490196646444,-145.40825328567294,1564.5032958984375,7.9140305519104,185.21786499023438
01.00570,pt000766,63.275490196646444,-145.40723016684709,1563.8680419921875,7.773260593414307,170.03074645996094
01.00570,pt000767,63.275490196646444,-145.40620704802123,1570.673583984375,16.731504440307617,250.13140869140625
01.00570,pt000768,63.275490196646444,-145.3857446715041,2234.046630859375,38.56278610229492,255.74966430664062
01.00570,pt000769,63.275490196646444,-145.38472155267826,2274.64111328125,31.700439453125,273.08160400390625
01.00570,pt000770,63.275490196646444,-145.3836984338524,2294.858154296875,17.83907127380371,259.0682373046875
01.00570,pt000771,63.275490196646444,-145.38267531502655,2295.607177734375,13.394577026367188,12.723658561706543
01.00570,pt000772,63.275490196646444,-145.3816521962007,2297.13427734375,24.160919189453125,336.0115051269531
01.00570,pt000773,63.275490196646444,-145.38062907737483,2312.04833984375,34.600730895996094,315.4026794433594
01.00570,pt000774,63.275490196646444,-145.37960595854898,2328.97412109375,16.392654418945312,10.686676979064941
01.00570,pt000775,63.275490196646444,-145.37858283972312,2313.2802734375,20.448589324951172,75.0123062133789
01.00570,pt000776,63.275490196646444,-145.37755972089727,2297.960205078125,23.94287872314453,87.40540313720703
01.00570,pt000777,63.275490196646444,-145.3765366020714,2265.330078125,24.374982833862305,66.62548828125
01.00570,pt000778,63.275490196646444,-145.37551348324556,2257.889892578125,24.996938705444336,70.8567886352539
01.00570,pt000779,63.275490196646444,-145.3744903644197,2185.018310546875,45.59667205810547,78.06523132324219
01.00570,pt000780,63.275490196646444,-145.37346724559384,2166.965576171875,21.25118637084961,39.20596694946289
01.00570,pt000781,63.275490196646444,-145.372444126768,2155.77490234375,24.34921646118164,46.59563064575195
01.00570,pt000782,63.275490196646444,-145.37142100794213,2137.833740234375,19.145362854003906,39.509254455566406
01.00570,pt000783,63.275490196646444,-145.37039788911628,2131.9228515625,12.564156532287598,18.306299209594727
01.00570,pt000784,63.275490196646444,-145.36937477029042,2130.167236328125,9.796704292297363,331.0192565917969
01.00570,pt000785,63.275490196646444,-145.36835165146456,2136.720947265625,15.824066162109375,322.30426025390625
01.00570,pt000786,63.275490196646444,-145.3673285326387,2146.097900390625,29.90096664428711,315.1410827636719
01.00570,pt000787,63.275490196646444,-145.36630541381285,2183.509033203125,51.09775161743164,330.70623779296875
01.00570,pt000788,63.275490196646444,-145.365282294987,2216.5087890625,47.579429626464844,337.0699157714844
01.00570,pt000789,63.275490196646444,-145.36425917616114,2227.142822265625,38.184059143066406,344.92608642578125
01.00570,pt000790,63.275490196646444,-145.36323605733529,2233.12255859375,30.187347412109375,325.7401428222656
01.00570,pt000791,63.275490196646444,-145.36221293850943,2253.802978515625,24.652481079101562,181.07046508789062
01.00570,pt000792,63.2765133154723,-145.47680224700528,1911.135009765625,9.417354583740234,16.18096351623535
01.00570,pt000793,63.2765133154723,-145.47577912817943,1913.55810546875,6.970227241516113,354.93463134765625
01.00570,pt000794,63.2765133154723,-145.47475600935357,1907.004638671875,8.615775108337402,64.62129211425781
01.00570,pt000795,63.2765133154723,-145.4737328905277,1903.4735107421875,5.313551425933838,54.0087890625
01.00570,pt000796,63.2765133154723,-145.47270977170186,1900.450439453125,4.5712571144104,39.595123291015625
01.00570,pt000797,63.2765133154723,-145.471686652876,1898.2030029296875,4.85845947265625,47.55519104003906
01.00570,pt000798,63.2765133154723,-145.47066353405015,1894.0625,6.30912971496582,44.85524368286133
01.00570,pt000799,63.2765133154723,-145.4696404152243,1889.0841064453125,6.599201202392578,53.736839294433594
01.00570,pt000800,63.2765133154723,-145.46861729639843,1885.0360107421875,7.158513069152832,44.64077377319336
01.00570,pt000801,63.2765133154723,-145.46759417757258,1881.3778076171875,7.719554424285889,49.29038619995117
01.00570,pt000802,63.2765133154723,-145.46657105874672,1875.6265869140625,9.075220108032227,47.056312561035156
01.00570,pt000803,63.2765133154723,-145.46554793992087,1872.2437744140625,9.454286575317383,43.91404342651367
01.00570,pt000804,63.2765133154723,-145.464524821095,1867.7095947265625,8.786569595336914,18.153467178344727
01.00570,pt000805,63.2765133154723,-145.46350170226916,1866.8314208984375,10.149287223815918,42.33528518676758
01.00570,pt000806,63.2765133154723,-145.4624785834433,1858.2335205078125,10.31557559967041,45.55268859863281
01.00570,pt000807,63.2765133154723,-145.46145546461744,1851.667236328125,7.831932067871094,52.91035842895508
01.00570,pt000808,63.2765133154723,-145.4604323457916,1848.0086669921875,7.4310383796691895,48.97685241699219
01.00570,pt000809,63.2765133154723,-145.45940922696573,1841.5657958984375,7.220492362976074,67.38890838623047
01.00570,pt000810,63.2765133154723,-145.45838610813988,1837.2425537109375,6.761752128601074,69.03378295898438
01.00570,pt000811,63.2765133154723,-145.45736298931402,1829.8524169921875,9.880278587341309,84.05561065673828
01.00570,pt000812,63.2765133154723,-145.45633987048816,1820.2999267578125,6.5137038230896,98.07115936279297
01.00570,pt000813,63.2765133154723,-145.4553167516623,1816.0894775390625,6.28855037689209,106.2398452758789
01.00570,pt000814,63.2765133154723,-145.45429363283645,1809.8775634765625,6.340950965881348,111.76268005371094
01.00570,pt000815,63.2765133154723,-145.4532705140106,1803.783203125,6.728193283081055,116.03821563720703
01.00570,pt000816,63.2765133154723,-145.45224739518474,1799.76953125,6.12910270690918,119.10065460205078
01.00570,pt000817,63.2765133154723,-145.4512242763589,1792.5684814453125,7.7604241371154785,110.05130767822266
01.00570,pt000818,63.2765133154723,-145.45020115753303,1789.020263671875,3.5900015830993652,138.73492431640625
01.00570,pt000819,63.2765133154723,-145.44917803870717,1786.521728515625,5.179343223571777,118.22605895996094
01.00570,pt000820,63.2765133154723,-145.44815491988132,1781.696044921875,5.439665794372559,120.21544647216797
01.00570,pt000821,63.2765133154723,-145.44713180105546,1777.9288330078125,6.170534133911133,114.57660675048828
01.00570,pt000822,63.2765133154723,-145.4461086822296,1771.491943359375,8.68837833404541,106.88909149169922
01.00570,pt000823,63.2765133154723,-145.44508556340375,1763.3251953125,12.100520133972168,91.09796905517578
01.00570,pt000824,63.2765133154723,-145.4440624445779,1752.632080078125,10.113086700439453,86.78028106689453
01.00570,pt000825,63.2765133154723,-145.44303932575204,1742.1136474609375,9.375473022460938,84.02326202392578
01.00570,pt000826,63.2765133154723,-145.44201620692618,1736.008056640625,8.61642837524414,82.28836822509766
01.00570,pt000827,63.2765133154723,-145.44099308810033,1728.1693115234375,6.549679279327393,87.07201385498047
01.00570,pt000828,63.2765133154723,-145.43996996927447,1722.3177490234375,6.86316442489624,82.63362121582031
01.00570,pt000829,63.2765133154723,-145.43894685044862,1717.2342529296875,6.175107955932617,81.59578704833984
01.00570,pt000830,63.2765133154723,-145.43792373162276,1711.443603515625,7.6318159103393555,79.74767303466797
01.00570,pt000831,63.2765133154723,-145.4369006127969,1705.06689453125,10.509886741638184,105.3958511352539
01.00570,pt000832,63.2765133154723,-145.43587749397105,1692.5556640625,16.319656372070312,128.54254150390625
01.00570,pt000833,63.2765133154723,-145.4348543751452,1681.5570068359375,15.952131271362305,145.58053588867188
01.00570,pt000834,63.2765133154723,-145.43383125631934,1668.8897705078125,38.775848388671875,116.2867202758789
01.00570,pt000835,63.2765133154723,-145.43280813749348,1627.7166748046875,16.75849723815918,132.9795379638672
01.00570,pt000836,63.2765133154723,-145.43178501866763,1622.260009765625,8.56363582611084,136.514404296875
01.00570,pt000837,63.2765133154723,-145.43076189984177,1620.0352783203125,3.084832191467285,155.77806091308594
01.00570,pt000838,63.2765133154723,-145.4297387810159,1617.2156982421875,5.501355171203613,56.85960006713867
01.00570,pt000839,63.2765133154723,-145.42871566219006,1613.40625,7.915335655212402,55.627899169921875
01.00570,pt000840,63.2765133154723,-145.4276925433642,1600.523681640625,17.265323638916016,68.22550201416016
01.00570,pt000841,63.2765133154723,-145.42666942453835,1584.9554443359375,14.948844909667969,69.1605224609375
01.00570,pt000842,63.2765133154723,-145.4256463057125,1574.6446533203125,15.461655616760254,80.35618591308594
01.00570,pt000843,63.2765133154723,-145.42462318688663,1560.1917724609375,9.8217134475708,98.57866668701172
01.00570,pt000844,63.2765133154723,-145.42360006806078,1557.0196533203125,4.099544048309326,157.52374267578125
01.00570,pt000845,63.2765133154723,-145.42257694923492,1559.9879150390625,6.019070148468018,230.347900390625
01.00570,pt000846,63.2765133154723,-145.42155383040907,1564.948974609375,5.299712181091309,211.48193359375
01.00570,pt000847,63.2765133154723,-145.4205307115832,1564.9765625,4.642918109893799,186.25584411621094
01.00570,pt000848,63.2765133154723,-145.41950759275736,1565.5924072265625,4.644782066345215,189.0802764892578
01.00570,pt000849,63.2765133154723,-145.4184844739315,1566.27880859375,4.739955425262451,193.87892150878906
01.00570,pt000850,63.2765133154723,-145.41746135510564,1567.0745849609375,5.018385410308838,187.1130828857422
01.00570,pt000851,63.2765133154723,-145.4164382362798,1567.5174560546875,5.444899082183838,198.04208374023438
01.00570,pt000852,63.2765133154723,-145.41541511745393,1568.9539794921875,5.831844329833984,196.08445739746094
01.00570,pt000853,63.2765133154723,-145.41439199862808,1569.0716552734375,6.377992153167725,174.49473571777344
01.00570,pt000854,63.2765133154723,-145.41336887980222,1567.4713134765625,6.799360275268555,162.2271728515625
01.00570,pt000855,63.2765133154723,-145.41234576097636,1566.165771484375,6.917308330535889,176.72247314453125
01.00570,pt000856,63.2765133154723,-145.4113226421505,1565.8294677734375,7.303554058074951,192.21746826171875
01.00570,pt000857,63.2765133154723,-145.41029952332465,1567.1724853515625,8.505267143249512,212.03712463378906
01.00570,pt000858,63.2765133154723,-145.4092764044988,1571.0833740234375,6.818783760070801,184.452880859375
01.00570,pt000859,63.2765133154723,-145.40825328567294,1573.580078125,4.607763767242432,219.0978240966797
01.00570,pt000860,63.2765133154723,-145.40723016684709,1574.0733642578125,5.465762615203857,180.5706024169922
01.00570,pt000861,63.2765133154723,-145.40620704802123,1577.719970703125,12.037713050842285,250.85296630859375
01.00570,pt000862,63.2765133154723,-145.38676779032997,2214.1875,47.76344299316406,267.9325256347656
01.00570,pt000863,63.2765133154723,-145.3857446715041,2249.891845703125,25.429983139038086,252.689453125
01.00570,pt000864,63.2765133154723,-145.38472155267826,2267.09033203125,19.10312843322754,7.470067977905273
01.00570,pt000865,63.2765133154723,-145.3836984338524,2262.01806640625,35.95233917236328,33.39497756958008
01.00570,pt000866,63.2765133154723,-145.38267531502655,2238.76611328125,35.20201873779297,21.82644271850586
01.00570,pt000867,63.2765133154723,-145.3816521962007,2232.57763671875,29.57849884033203,356.14044189453125
01.00570,pt000868,63.2765133154723,-145.37858283972312,2293.31103515625,21.514955520629883,7.1588029861450195
01.00570,pt000869,63.2765133154723,-145.37755972089727,2285.530517578125,24.767757415771484,60.607078552246094
01.00570,pt000870,63.2765133154723,-145.3765366020714,2248.912109375,29.345558166503906,60.29037857055664
01.00570,pt000871,63.2765133154723,-145.3744903644197,2163.458740234375,47.26107406616211,78.5445785522461
01.00570,pt000872,63.2765133154723,-145.37346724559384,2141.802001953125,19.836345672607422,38.9565544128418
01.00570,pt000873,63.2765133154723,-145.372444126768,2133.916015625,16.857412338256836,40.281856536865234
01.00570,pt000874,63.2765133154723,-145.37142100794213,2123.860107421875,9.68199634552002,42.384300231933594
01.00570,pt000875,63.2765133154723,-145.37039788911628,2120.9990234375,7.862987041473389,19.43743324279785
01.00570,pt000876,63.2765133154723,-145.36937477029042,2119.429443359375,8.823803901672363,359.2248840332031
01.00570,pt000877,63.2765133154723,-145.36835165146456,2121.136962890625,12.269181251525879,347.1329345703125
01.00570,pt000878,63.2765133154723,-145.3673285326387,2122.950927734375,13.228843688964844,342.32867431640625
01.00570,pt000879,63.2765133154723,-145.36630541381285,2129.065673828125,16.340652465820312,335.585693359375
01.00570,pt000880,63.2765133154723,-145.365282294987,2141.07958984375,30.621248245239258,325.0146789550781
01.00570,pt000881,63.2765133154723,-145.36425917616114,2157.962158203125,36.43185043334961,314.2698974609375
01.00570,pt000882,63.2765133154723,-145.36323605733529,2208.1484375,58.07665252685547,281.3100280761719
01.00570,pt000883,63.277536434298156,-145.47987160348285,1922.5791015625,9.236295700073242,82.40254211425781
01.00570,pt000884,63.277536434298156,-145.478848484657,1917.9776611328125,9.179328918457031,76.31602478027344
01.00570,pt000885,63.277536434298156,-145.47782536583114,1911.65625,2.542733907699585,99.04612731933594
01.00570,pt000886,63.277536434298156,-145.47680224700528,1910.6800537109375,1.1281551122665405,108.99591064453125
01.00570,pt000887,63.277536434298156,-145.47577912817943,1908.6925048828125,3.7694575786590576,80.85230255126953
01.00570,pt000888,63.277536434298156,-145.47475600935357,1902.479248046875,5.7965006828308105,74.73310852050781
01.00570,pt000889,63.277536434298156,-145.4737328905277,1899.99365234375,3.9596619606018066,72.89715576171875
01.00570,pt000890,63.277536434298156,-145.47270977170186,1895.9302978515625,3.7511327266693115,70.5095443725586
01.00570,pt000891,63.277536434298156,-145.471686652876,1893.583251953125,3.853517770767212,73.42280578613281
01.00570,pt000892,63.277536434298156,-145.47066353405015,1889.59912109375,4.014084815979004,85.1208724975586
01.00570,pt000893,63.277536434298156,-145.4696404152243,1885.490966796875,5.067439079284668,87.10646057128906
01.00570,pt000894,63.277536434298156,-145.46861729639843,1880.968994140625,5.7633867263793945,94.31121826171875
01.00570,pt000895,63.277536434298156,-145.46759417757258,1876.708740234375,4.231522560119629,89.00064086914062
01.00570,pt000896,63.277536434298156,-145.46657105874672,1872.118896484375,4.813587188720703,88.03793334960938
01.00570,pt000897,63.277536434298156,-145.46554793992087,1868.73193359375,5.171497344970703,93.2257080078125
01.00570,pt000898,63.277536434298156,-145.464524821095,1863.6468505859375,2.908212661743164,91.42232513427734
01.00570,pt000899,63.277536434298156,-145.46350170226916,1861.9842529296875,5.888323783874512,90.30894470214844
01.00570,pt000900,63.277536434298156,-145.4624785834433,1853.4896240234375,6.613663673400879,87.25448608398438
01.00570,pt000901,63.277536434298156,-145.46145546461744,1848.1591796875,4.969346046447754,91.82666778564453
01.00570,pt000902,63.277536434298156,-145.4604323457916,1844.7840576171875,4.718592643737793,87.87699127197266
01.00570,pt000903,63.277536434298156,-145.45940922696573,1839.899658203125,4.901636123657227,87.52665710449219
01.00570,pt000904,63.277536434298156,-145.45838610813988,1836.6102294921875,4.856627464294434,93.37928009033203
01.00570,pt000905,63.277536434298156,-145.45736298931402,1831.323974609375,7.211057186126709,95.1927261352539
01.00570,pt000906,63.277536434298156,-145.45633987048816,1824.15869140625,5.439553737640381,114.20040130615234
01.00570,pt000907,63.277536434298156,-145.4553167516623,1821.14697265625,5.403838634490967,125.28721618652344
01.00570,pt000908,63.277536434298156,-145.45429363283645,1816.6434326171875,5.705308437347412,130.6531219482422
01.00570,pt000909,63.277536434298156,-145.4532705140106,1811.490478515625,6.075124740600586,123.8524398803711
01.00570,pt000910,63.277536434298156,-145.45224739518474,1807.7601318359375,6.1862640380859375,117.36917114257812
01.00570,pt000911,63.277536434298156,-145.4512242763589,1799.020751953125,9.493319511413574,97.11373138427734
01.00570,pt000912,63.277536434298156,-145.45020115753303,1794.489501953125,3.2086172103881836,101.08638763427734
01.00570,pt000913,63.277536434298156,-145.44917803870717,1790.9644775390625,6.117250442504883,87.13241577148438
01.00570,pt000914,63.277536434298156,-145.44815491988132,1784.9451904296875,5.901371479034424,84.12150573730469
01.00570,pt000915,63.277536434298156,-145.44713180105546,1780.7216796875,6.752964973449707,80.9231185913086
01.00570,pt000916,63.277536434298156,-145.4461086822296,1772.35888671875,12.601327896118164,76.32339477539062
01.00570,pt000917,63.277536434298156,-145.44508556340375,1759.961669921875,18.179508209228516,71.76567077636719
01.00570,pt000918,63.277536434298156,-145.4440624445779,1745.8480224609375,13.114632606506348,61.557979583740234
01.00570,pt000919,63.277536434298156,-145.44303932575204,1734.9136962890625,10.282221794128418,59.51463317871094
01.00570,pt000920,63.277536434298156,-145.44201620692618,1729.501953125,7.729325294494629,57.27916717529297
01.00570,pt000921,63.277536434298156,-145.44099308810033,1723.667724609375,5.3638129234313965,65.22223663330078
01.00570,pt000922,63.277536434298156,-145.43996996927447,1719.179931640625,6.414132118225098,78.50179290771484
01.00570,pt000923,63.277536434298156,-145.43894685044862,1714.24267578125,6.147642135620117,71.996337890625
01.00570,pt000924,63.277536434298156,-145.43792373162276,1709.7027587890625,5.5888872146606445,56.569400787353516
01.00570,pt000925,63.277536434298156,-145.4369006127969,1706.3353271484375,6.255833625793457,58.79792785644531
01.00570,pt000926,63.277536434298156,-145.43587749397105,1699.7672119140625,8.010183334350586,82.98487854003906
01.00570,pt000927,63.277536434298156,-145.4348543751452,1693.742431640625,5.380520343780518,69.97940826416016
01.00570,pt000928,63.277536434298156,-145.43383125631934,1687.971435546875,19.825952529907227,87.91597747802734
01.00570,pt000929,63.277536434298156,-145.43280813749348,1662.281982421875,19.835695266723633,99.86399841308594
01.00570,pt000930,63.277536434298156,-145.43178501866763,1648.028564453125,21.217166900634766,102.55006408691406
01.00570,pt000931,63.277536434298156,-145.43076189984177,1626.1488037109375,17.93446922302246,103.22357940673828
01.00570,pt000932,63.277536434298156,-145.42360006806078,1562.4388427734375,7.688167572021484,110.40904235839844
01.00570,pt000933,63.277536434298156,-145.42257694923492,1569.249755859375,7.972171783447266,238.19491577148438
01.00570,pt000934,63.277536434298156,-145.42155383040907,1576.3519287109375,6.798102855682373,222.54269409179688
01.00570,pt000935,63.277536434298156,-145.4205307115832,1576.791015625,5.397697925567627,178.0840301513672
01.00570,pt000936,63.277536434298156,-145.41950759275736,1576.947265625,5.501418590545654,189.9136199951172
01.00570,pt000937,63.277536434298156,-145.4184844739315,1577.774658203125,5.447874069213867,194.51731872558594
01.00570,pt000938,63.277536434298156,-145.41746135510564,1578.849609375,5.373197078704834,195.33450317382812
01.00570,pt000939,63.277536434298156,-145.4164382362798,1580.1474609375,6.15565824508667,203.10205078125
01.00570,pt000940,63.277536434298156,-145.41541511745393,1582.1275634765625,6.170755863189697,202.3227996826172
01.00570,pt000941,63.277536434298156,-145.41439199862808,1583.0343017578125,6.431199073791504,181.57595825195312
01.00570,pt000942,63.277536434298156,-145.41336887980222,1582.4776611328125,6.8934550285339355,174.4601593017578
01.00570,pt000943,63.277536434298156,-145.41234576097636,1581.8306884765625,6.8461127281188965,173.65882873535156
01.00570,pt000944,63.277536434298156,-145.4113226421505,1581.926025390625,7.043056964874268,192.1028289794922
01.00570,pt000945,63.277536434298156,-145.41029952332465,1582.9827880859375,7.435153007507324,210.86566162109375
01.00570,pt000946,63.277536434298156,-145.4092764044988,1586.7320556640625,6.700253963470459,193.57662963867188
01.00570,pt000947,63.277536434298156,-145.40825328567294,1588.1207275390625,7.677031993865967,181.90609741210938
01.00570,pt000948,63.277536434298156,-145.40723016684709,1588.1727294921875,6.937735557556152,179.11691284179688
01.00570,pt000949,63.277536434298156,-145.40620704802123,1588.8502197265625,6.5238776206970215,199.88706970214844
01.00570,pt000950,63.277536434298156,-145.40518392919537,1591.5517578125,10.806398391723633,244.0537872314453
01.00570,pt000951,63.277536434298156,-145.3908602656334,2063.8681640625,32.814212799072266,326.47625732421875
01.00570,pt000952,63.277536434298156,-145.38983714680754,2101.1728515625,32.58588409423828,308.0943908691406
01.00570,pt000953,63.277536434298156,-145.38881402798168,2118.135986328125,28.017227172851562,307.88134765625
01.00570,pt000954,63.277536434298156,-145.38779090915583,2139.305908203125,33.31652069091797,315.2937316894531
01.00570,pt000955,63.277536434298156,-145.38676779032997,2173.919921875,43.89754104614258,301.7530517578125
01.00570,pt000956,63.277536434298156,-145.3857446715041,2201.884521484375,39.04124450683594,344.50128173828125
01.00570,pt000957,63.277536434298156,-145.38472155267826,2196.19384765625,36.01042556762695,38.6297721862793
01.00570,pt000958,63.277536434298156,-145.3836984338524,2178.0615234375,31.014251708984375,32.709529876708984
01.00570,pt000959,63.277536434298156,-145.38267531502655,2175.611328125,21.14143180847168,343.71337890625
01.00570,pt000960,63.277536434298156,-145.3816521962007,2182.92431640625,22.63040542602539,330.3232727050781
01.00570,pt000961,63.277536434298156,-145.38062907737483,2196.757568359375,36.48746871948242,299.18267822265625
01.00570,pt000962,63.277536434298156,-145.37960595854898,2226.340087890625,42.022518157958984,327.22625732421875
01.00570,pt000963,63.277536434298156,-145.37858283972312,2236.7353515625,39.03737258911133,354.5271301269531
01.00570,pt000964,63.277536434298156,-145.37755972089727,2233.26220703125,41.175533294677734,24.518136978149414
01.00570,pt000965,63.277536434298156,-145.3744903644197,2120.59716796875,44.19259262084961,60.25636291503906
01.00570,pt000966,63.277536434298156,-145.37346724559384,2099.568359375,21.91284942626953,25.43362808227539
01.00570,pt000967,63.277536434298156,-145.372444126768,2096.3798828125,17.340917587280273,13.86793327331543
01.00570,pt000968,63.277536434298156,-145.37142100794213,2095.712158203125,13.08769702911377,2.0646021366119385
01.00570,pt000969,63.277536434298156,-145.37039788911628,2095.06103515625,11.317178726196289,14.053632736206055
01.00570,pt000970,63.277536434298156,-145.36937477029042,2092.44580078125,11.345597267150879,356.6408996582031
01.00570,pt000971,63.277536434298156,-145.36835165146456,2094.026611328125,11.066192626953125,343.9563293457031
01.00570,pt000972,63.277536434298156,-145.3673285326387,2095.9853515625,11.008349418640137,339.8539123535156
01.00570,pt000973,63.277536434298156,-145.36630541381285,2101.32958984375,13.677614212036133,321.173828125
01.00570,pt000974,63.277536434298156,-145.365282294987,2116.3388671875,23.072656631469727,287.8852233886719
01.00570,pt000975,63.277536434298156,-145.36425917616114,2132.591064453125,25.848838806152344,285.23150634765625
01.00570,pt000976,63.277536434298156,-145.36118981968357,2284.527587890625,24.191144943237305,336.7958984375
01.00570,pt000977,63.277536434298156,-145.36016670085772,2290.8623046875,26.388322830200195,356.004150390625
01.00570,pt000978,63.277536434298156,-145.35914358203186,2293.422607421875,23.997407913208008,339.9123840332031
01.00570,pt000979,63.277536434298156,-145.358120463206,2308.419189453125,16.278377532958984,305.52960205078125
01.00570,pt000980,63.277536434298156,-145.35709734438015,2314.2626953125,10.3431978225708,265.2449645996094
01.00570,pt000981,63.277536434298156,-145.3560742255543,2316.503662109375,17.102571487426758,160.33619689941406
01.00570,pt000982,63.277536434298156,-145.35198175025087,2306.50927734375,40.670589447021484,166.01077270507812
01.00570,pt000983,63.277536434298156,-145.34788927494745,2275.197265625,38.767127990722656,202.05580139160156
01.00570,pt000984,63.277536434298156,-145.3468661561216,2281.020263671875,41.15642166137695,178.1200408935547
01.00570,pt000985,63.27855955312401,-145.48294095996042,1941.7021484375,25.517297744750977,66.9206314086914
01.00570,pt000986,63.27855955312401,-145.48191784113456,1936.1397705078125,5.14614200592041,89.10836791992188
01.00570,pt000987,63.27855955312401,-145.4808947223087,1935.610107421875,10.999156951904297,90.76457214355469
01.00570,pt000988,63.27855955312401,-145.47987160348285,1923.6646728515625,5.452796936035156,121.73432159423828
01.00570,pt000989,63.27855955312401,-145.478848484657,1921.1236572265625,6.267882347106934,118.40364837646484
01.00570,pt000990,63.27855955312401,-145.47782536583114,1915.7349853515625,5.279888153076172,116.11028289794922
01.00570,pt000991,63.27855955312401,-145.47680224700528,1912.6358642578125,5.103012561798096,109.55723571777344
01.00570,pt000992,63.27855955312401,-145.47577912817943,1907.49755859375,4.845149040222168,102.66426849365234
01.00570,pt000993,63.27855955312401,-145.47475600935357,1900.716796875,6.250349521636963,95.10843658447266
01.00570,pt000994,63.27855955312401,-145.4737328905277,1898.0799560546875,3.492332696914673,96.07392883300781
01.00570,pt000995,63.27855955312401,-145.47270977170186,1894.614013671875,3.4240145683288574,92.47457885742188
01.00570,pt000996,63.27855955312401,-145.471686652876,1892.2327880859375,3.318351984024048,89.70679473876953
01.00570,pt000997,63.27855955312401,-145.47066353405015,1889.2109375,2.8912365436553955,82.9009780883789
01.00570,pt000998,63.27855955312401,-145.4696404152243,1885.8997802734375,4.772449016571045,89.35941314697266
01.00570,pt000999,63.27855955312401,-145.46861729639843,1881.5140380859375,6.013091087341309,77.50135803222656
01.00570,pt001000,63.27855955312401,-145.46759417757258,1876.81103515625,5.213916301727295,67.7761001586914
01.00570,pt001001,63.27855955312401,-145.46657105874672,1871.36865234375,5.787041664123535,66.88200378417969
01.00570,pt001002,63.27855955312401,-145.46554793992087,1867.4036865234375,6.247952938079834,71.06188201904297
01.00570,pt001003,63.27855955312401,-145.464524821095,1861.64794921875,3.452019214630127,75.1693115234375
01.00570,pt001004,63.27855955312401,-145.46350170226916,1859.97509765625,5.896572589874268,83.71117401123047
01.00570,pt001005,63.27855955312401,-145.4624785834433,1852.12744140625,5.827823162078857,109.18830108642578
01.00570,pt001006,63.27855955312401,-145.46145546461744,1847.9287109375,4.294118404388428,132.39678955078125
01.00570,pt001007,63.27855955312401,-145.4604323457916,1845.55224609375,4.056743144989014,138.13792419433594
01.00570,pt001008,63.27855955312401,-145.45940922696573,1842.4251708984375,4.082421779632568,121.35958862304688
01.00570,pt001009,63.27855955312401,-145.45838610813988,1840.1190185546875,4.063024044036865,109.55199432373047
01.00570,pt001010,63.27855955312401,-145.45736298931402,1835.643310546875,6.816625595092773,93.0145492553711
01.00570,pt001011,63.27855955312401,-145.45633987048816,1828.4737548828125,5.042141437530518,95.72176361083984
01.00570,pt001012,63.27855955312401,-145.4553167516623,1825.2850341796875,4.742646217346191,107.39688110351562
01.00570,pt001013,63.27855955312401,-145.45429363283645,1821.7152099609375,4.998300075531006,145.61341857910156
01.00570,pt001014,63.27855955312401,-145.4532705140106,1819.3121337890625,7.298865795135498,166.65428161621094
01.00570,pt001015,63.27855955312401,-145.45224739518474,1817.08154296875,8.430262565612793,141.8929901123047
01.00570,pt001016,63.27855955312401,-145.4512242763589,1803.5521240234375,17.780275344848633,99.2027816772461
01.00570,pt001017,63.27855955312401,-145.45020115753303,1794.158447265625,6.942383289337158,103.78266906738281
01.00570,pt001018,63.27855955312401,-145.44917803870717,1788.2457275390625,9.045393943786621,97.35523986816406
01.00570,pt001019,63.27855955312401,-145.44815491988132,1781.2774658203125,8.429605484008789,101.92398071289062
01.00570,pt001020,63.27855955312401,-145.44713180105546,1774.009521484375,12.56135368347168,91.6076431274414
01.00570,pt001021,63.27855955312401,-145.4461086822296,1761.937255859375,15.988441467285156,101.74301147460938
01.00570,pt001022,63.27855955312401,-145.44508556340375,1748.0068359375,20.770570755004883,123.75944519042969
01.00570,pt001023,63.27855955312401,-145.4440624445779,1736.213623046875,11.653239250183105,144.04696655273438
01.00570,pt001024,63.27855955312401,-145.44303932575204,1728.314697265625,8.549758911132812,126.7821044921875
01.00570,pt001025,63.27855955312401,-145.44201620692618,1723.695556640625,7.76132345199585,127.35047912597656
01.00570,pt001026,63.27855955312401,-145.44099308810033,1718.1778564453125,7.24013090133667,153.81637573242188
01.00570,pt001027,63.27855955312401,-145.43996996927447,1714.805908203125,7.505136966705322,147.17491149902344
01.00570,pt001028,63.27855955312401,-145.43894685044862,1710.64111328125,7.518143653869629,146.51309204101562
01.00570,pt001029,63.27855955312401,-145.43792373162276,1707.859130859375,7.794523239135742,171.38836669921875
01.00570,pt001030,63.27855955312401,-145.4369006127969,1707.0877685546875,12.400553703308105,186.5328826904297
01.00570,pt001031,63.27855955312401,-145.43587749397105,1707.6805419921875,23.507953643798828,182.0846405029297
01.00570,pt001032,63.27855955312401,-145.4348543751452,1705.7596435546875,28.24777603149414,177.24314880371094
01.00570,pt001033,63.27855955312401,-145.42257694923492,1578.4515380859375,6.9316887855529785,204.84466552734375
01.00570,pt001034,63.27855955312401,-145.42155383040907,1586.669677734375,6.675621032714844,246.04115295410156
01.00570,pt001035,63.27855955312401,-145.4205307115832,1587.417724609375,4.264716148376465,191.96653747558594
01.00570,pt001036,63.27855955312401,-145.41950759275736,1588.329833984375,4.468414783477783,189.5639190673828
01.00570,pt001037,63.27855955312401,-145.4184844739315,1589.0294189453125,4.828523635864258,193.73329162597656
01.00570,pt001038,63.27855955312401,-145.41746135510564,1589.9666748046875,5.083432197570801,205.85040283203125
01.00570,pt001039,63.27855955312401,-145.4164382362798,1592.048828125,6.001557350158691,213.37428283691406
01.00570,pt001040,63.27855955312401,-145.41541511745393,1594.8551025390625,6.4296159744262695,212.2144317626953
01.00570,pt001041,63.27855955312401,-145.41439199862808,1597.1490478515625,6.220254421234131,198.5462646484375
01.00570,pt001042,63.27855955312401,-145.41336887980222,1597.7164306640625,6.271970272064209,183.25453186035156
01.00570,pt001043,63.27855955312401,-145.41234576097636,1597.4248046875,6.561556339263916,175.0210418701172
01.00570,pt001044,63.27855955312401,-145.4113226421505,1596.9810791015625,6.247493743896484,169.24276733398438
01.00570,pt001045,63.27855955312401,-145.41029952332465,1596.7000732421875,5.376928329467773,181.59339904785156
01.00570,pt001046,63.27855955312401,-145.4092764044988,1598.35595703125,4.249515533447266,216.5045623779297
01.00570,pt001047,63.27855955312401,-145.40825328567294,1600.9296875,4.030481338500977,202.91439819335938
01.00570,pt001048,63.27855955312401,-145.40723016684709,1600.9486083984375,4.466533184051514,174.82150268554688
01.00570,pt001049,63.27855955312401,-145.40620704802123,1599.870849609375,4.064697742462158,153.19345092773438
01.00570,pt001050,63.27855955312401,-145.40518392919537,1599.416259765625,5.645784854888916,202.1361541748047
01.00570,pt001051,63.27855955312401,-145.3929065032851,1927.0657958984375,41.7017936706543,281.7054138183594
01.00570,pt001052,63.27855955312401,-145.39188338445925,1983.9736328125,29.386518478393555,290.8603820800781
01.00570,pt001053,63.27855955312401,-145.3908602656334,1990.7127685546875,24.00559425354004,291.4808654785156
01.00570,pt001054,63.27855955312401,-145.38983714680754,2030.224365234375,28.39366912841797,271.4499816894531
01.00570,pt001055,63.27855955312401,-145.38881402798168,2038.5283203125,27.613182067871094,348.723876953125
01.00570,pt001056,63.27855955312401,-145.38779090915583,2037.370361328125,34.03983688354492,358.0337829589844
01.00570,pt001057,63.27855955312401,-145.38676779032997,2054.42041015625,45.462711334228516,328.6335754394531
01.00570,pt001058,63.27855955312401,-145.3857446715041,2075.920654296875,47.20817184448242,349.0193176269531
01.00570,pt001059,63.27855955312401,-145.38472155267826,2084.294921875,49.542564392089844,356.9995422363281
01.00570,pt001060,63.27855955312401,-145.3836984338524,2087.784912109375,49.18024826049805,350.8988342285156
01.00570,pt001061,63.27855955312401,-145.38267531502655,2094.524169921875,43.140865325927734,356.2928771972656
01.00570,pt001062,63.27855955312401,-145.3816521962007,2081.061279296875,43.761146545410156,29.454341888427734
01.00570,pt001063,63.27855955312401,-145.3765366020714,2067.033935546875,43.08562469482422,2.084191083908081
01.00570,pt001064,63.27855955312401,-145.37551348324556,2065.124267578125,39.51019287109375,3.8677446842193604
01.00570,pt001065,63.27855955312401,-145.3744903644197,2053.9638671875,21.39105224609375,11.739646911621094
01.00570,pt001066,63.27855955312401,-145.37346724559384,2054.96337890625,18.2954044342041,353.2947082519531
01.00570,pt001067,63.27855955312401,-145.372444126768,2056.26513671875,21.01811981201172,359.4604187011719
01.00570,pt001068,63.27855955312401,-145.37142100794213,2060.394287109375,23.04332160949707,344.0457763671875
01.00570,pt001069,63.27855955312401,-145.37039788911628,2065.922119140625,19.423072814941406,340.5060729980469
01.00570,pt001070,63.27855955312401,-145.36937477029042,2068.3330078125,14.298232078552246,24.450244903564453
01.00570,pt001071,63.27855955312401,-145.36835165146456,2062.961181640625,15.175505638122559,3.276496171951294
01.00570,pt001072,63.27855955312401,-145.3673285326387,2062.978271484375,16.255517959594727,358.30010986328125
01.00570,pt001073,63.27855955312401,-145.36630541381285,2063.182861328125,17.40912437438965,6.948733329772949
01.00570,pt001074,63.27855955312401,-145.365282294987,2061.315673828125,17.175357818603516,352.1829833984375
01.00570,pt001075,63.27855955312401,-145.36425917616114,2069.510009765625,32.89738464355469,331.724365234375
01.00570,pt001076,63.27855955312401,-145.36016670085772,2204.896484375,40.55067443847656,6.56157112121582
01.00570,pt001077,63.27855955312401,-145.35914358203186,2200.730224609375,40.6728515625,11.001139640808105
01.00570,pt001078,63.27855955312401,-145.358120463206,2211.73388671875,44.7011604309082,325.33880615234375
01.00570,pt001079,63.27855955312401,-145.35709734438015,2238.156005859375,53.4296875,304.7707824707031
01.00570,pt001080,63.27855955312401,-145.3560742255543,2304.707275390625,43.10979461669922,291.9499206542969
01.00570,pt001081,63.27855955312401,-145.35505110672844,2351.0234375,31.244037628173828,282.5808410644531
01.00570,pt001082,63.27855955312401,-145.35402798790258,2367.484130859375,25.799930572509766,271.1046447753906
01.00570,pt001083,63.27855955312401,-145.35300486907673,2385.302001953125,22.795900344848633,238.1371307373047
01.00570,pt001084,63.27855955312401,-145.35198175025087,2399.484619140625,24.791475296020508,327.9002990722656
01.00570,pt001085,63.27855955312401,-145.35095863142502,2403.74560546875,23.75946617126465,285.5493469238281
01.00570,pt001086,63.27855955312401,-145.3489123937733,2383.08251953125,38.763755798339844,167.21047973632812
01.00570,pt001087,63.27855955312401,-145.34788927494745,2387.37890625,38.271148681640625,185.86083984375
01.00570,pt001088,63.27855955312401,-145.3468661561216,2389.798828125,29.196664810180664,178.10784912109375
01.00570,pt001089,63.27958267194987,-145.48498719761213,1972.2935791015625,25.550785064697266,70.80200958251953
01.00570,pt001090,63.27958267194987,-145.48396407878627,1947.57958984375,17.014053344726562,72.37325286865234
01.00570,pt001091,63.27958267194987,-145.48294095996042,1940.0291748046875,3.6778900623321533,191.6475372314453
01.00570,pt001092,63.27958267194987,-145.48191784113456,1941.7215576171875,4.389562129974365,212.09693908691406
01.00570,pt001093,63.27958267194987,-145.4808947223087,1937.9061279296875,9.990618705749512,97.2325439453125
01.00570,pt001094,63.27958267194987,-145.47987160348285,1928.9332275390625,4.7340006828308105,121.04151916503906
01.00570,pt001095,63.27958267194987,-145.478848484657,1926.80029296875,6.017107963562012,105.78539276123047
01.00570,pt001096,63.27958267194987,-145.47782536583114,1920.4931640625,6.703594207763672,109.98847198486328
01.00570,pt001097,63.27958267194987,-145.47680224700528,1916.4437255859375,6.651599407196045,107.00958251953125
01.00570,pt001098,63.27958267194987,-145.47577912817943,1910.02392578125,6.342267036437988,104.65420532226562
01.00570,pt001099,63.27958267194987,-145.47475600935357,1902.011474609375,7.3433098793029785,94.10702514648438
01.00570,pt001100,63.27958267194987,-145.4737328905277,1898.578125,4.410789489746094,94.67048645019531
01.00570,pt001101,63.27958267194987,-145.47270977170186,1894.6011962890625,3.6964974403381348,89.32201385498047
01.00570,pt001102,63.27958267194987,-145.471686652876,1892.0677490234375,3.751563549041748,81.41661834716797
01.00570,pt001103,63.27958267194987,-145.47066353405015,1888.1495361328125,4.338915824890137,80.2608642578125
01.00570,pt001104,63.27958267194987,-145.4696404152243,1883.508056640625,6.03384256362915,78.07080841064453
01.00570,pt001105,63.27958267194987,-145.46861729639843,1878.478515625,6.809403896331787,80.26105499267578
01.00570,pt001106,63.27958267194987,-145.46759417757258,1873.560791015625,4.920699596405029,77.53482818603516
01.00570,pt001107,63.27958267194987,-145.46657105874672,1868.9683837890625,4.504904747009277,84.43971252441406
01.00570,pt001108,63.27958267194987,-145.46554793992087,1865.802001953125,4.321433067321777,87.7621078491211
01.00570,pt001109,63.27958267194987,-145.464524821095,1862.1590576171875,3.1425445079803467,148.55690002441406
01.00570,pt001110,63.27958267194987,-145.46350170226916,1861.1865234375,4.525069713592529,126.39081573486328
01.00570,pt001111,63.27958267194987,-145.4624785834433,1856.002685546875,5.468244552612305,134.85494995117188
01.00570,pt001112,63.27958267194987,-145.46145546461744,1852.5390625,4.567567825317383,127.58663940429688
01.00570,pt001113,63.27958267194987,-145.4604323457916,1850.0732421875,4.652554035186768,120.16643524169922
01.00570,pt001114,63.27958267194987,-145.45940922696573,1845.4549560546875,5.197629928588867,113.70796966552734
01.00570,pt001115,63.27958267194987,-145.45838610813988,1842.21728515625,5.133573532104492,118.79520416259766
01.00570,pt001116,63.27958267194987,-145.45736298931402,1837.9423828125,6.767651557922363,158.16392517089844
01.00570,pt001117,63.27958267194987,-145.45633987048816,1835.2550048828125,9.76768970489502,173.54562377929688
01.00570,pt001118,63.27958267194987,-145.4553167516623,1833.9954833984375,10.406547546386719,171.2057647705078
01.00570,pt001119,63.27958267194987,-145.45429363283645,1832.6016845703125,10.668376922607422,178.9732666015625
01.00570,pt001120,63.27958267194987,-145.4532705140106,1832.626953125,10.994733810424805,174.8160858154297
01.00570,pt001121,63.27958267194987,-145.45224739518474,1830.32958984375,12.274678230285645,166.40347290039062
01.00570,pt001122,63.27958267194987,-145.4512242763589,1820.1007080078125,22.514135360717773,144.2501678466797
01.00570,pt001123,63.27958267194987,-145.45020115753303,1810.9324951171875,21.45176124572754,165.68948364257812
01.00570,pt001124,63.27958267194987,-145.44917803870717,1804.08984375,21.818639755249023,159.62110900878906
01.00570,pt001125,63.27958267194987,-145.42257694923492,1583.89599609375,4.107250690460205,254.18812561035156
01.00570,pt001126,63.27958267194987,-145.42155383040907,1591.8428955078125,6.5810699462890625,244.77804565429688
01.00570,pt001127,63.27958267194987,-145.4205307115832,1593.251220703125,3.8794472217559814,198.66371154785156
01.00570,pt001128,63.27958267194987,-145.41950759275736,1594.482177734375,4.456998348236084,200.2897186279297
01.00570,pt001129,63.27958267194987,-145.4184844739315,1596.410400390625,4.72839879989624,200.17605590820312
01.00570,pt001130,63.27958267194987,-145.41746135510564,1597.2474365234375,5.073657989501953,200.88619995117188
01.00570,pt001131,63.27958267194987,-145.4164382362798,1600.02294921875,6.124630928039551,219.8529815673828
01.00570,pt001132,63.27958267194987,-145.41541511745393,1603.03173828125,6.164426326751709,219.86807250976562
01.00570,pt001133,63.27958267194987,-145.41439199862808,1605.314697265625,5.516108512878418,201.9327392578125
01.00570,pt001134,63.27958267194987,-145.41336887980222,1606.768310546875,5.541747093200684,186.596435546875
01.00570,pt001135,63.27958267194987,-145.41234576097636,1606.916259765625,6.01679801940918,177.16697692871094
01.00570,pt001136,63.27958267194987,-145.4113226421505,1606.033203125,6.3329339027404785,165.4659423828125
01.00570,pt001137,63.27958267194987,-145.41029952332465,1604.999267578125,5.805201053619385,160.63917541503906
01.00570,pt001138,63.27958267194987,-145.4092764044988,1604.4505615234375,4.229483127593994,179.81781005859375
01.00570,pt001139,63.27958267194987,-145.40825328567294,1605.7950439453125,3.485650062561035,209.26536560058594
01.00570,pt001140,63.27958267194987,-145.40723016684709,1606.674072265625,3.680967330932617,197.1930389404297
01.00570,pt001141,63.27958267194987,-145.40620704802123,1605.859619140625,3.8972859382629395,173.23028564453125
01.00570,pt001142,63.27958267194987,-145.40518392919537,1605.7125244140625,5.612129211425781,172.0330352783203
01.00570,pt001143,63.27958267194987,-145.40416081036952,1610.548583984375,15.831816673278809,241.0784454345703
01.00570,pt001144,63.27958267194987,-145.38983714680754,2019.149658203125,26.281455993652344,4.969017028808594
01.00570,pt001145,63.27958267194987,-145.38881402798168,2004.5421142578125,32.964900970458984,27.73687744140625
01.00570,pt001146,63.27958267194987,-145.38779090915583,1990.4024658203125,25.81595802307129,18.67053985595703
01.00570,pt001147,63.27958267194987,-145.38676779032997,1982.872314453125,29.140674591064453,32.433040618896484
01.00570,pt001148,63.27958267194987,-145.3857446715041,1980.2889404296875,35.92072296142578,359.225830078125
01.00570,pt001149,63.27958267194987,-145.38267531502655,1992.907470703125,32.52557373046875,352.6963195800781
01.00570,pt001150,63.27958267194987,-145.3816521962007,2000.35986328125,34.00715637207031,3.4200940132141113
01.00570,pt001151,63.27958267194987,-145.38062907737483,1990.682861328125,27.837705612182617,13.596501350402832
01.00570,pt001152,63.27958267194987,-145.37960595854898,1982.541259765625,12.90036392211914,28.21346092224121
01.00570,pt001153,63.27958267194987,-145.37858283972312,1981.689697265625,17.704957962036133,351.6826171875
01.00570,pt001154,63.27958267194987,-145.37755972089727,1986.2177734375,20.341001510620117,314.75946044921875
01.00570,pt001155,63.27958267194987,-145.3765366020714,2000.08203125,21.1799259185791,323.4468688964844
01.00570,pt001156,63.27958267194987,-145.37551348324556,2003.4210205078125,19.92731475830078,324.1556701660156
01.00570,pt001157,63.27958267194987,-145.3744903644197,2021.652099609375,20.67232322692871,319.50537109375
01.00570,pt001158,63.27958267194987,-145.37346724559384,2023.9747314453125,15.510503768920898,13.66589641571045
01.00570,pt001159,63.27958267194987,-145.372444126768,2020.5799560546875,16.250202178955078,17.359716415405273
01.00570,pt001160,63.27958267194987,-145.37142100794213,2027.30859375,18.17143440246582,297.1318359375
01.00570,pt001161,63.27958267194987,-145.37039788911628,2037.354736328125,16.606706619262695,304.3507995605469
01.00570,pt001162,63.27958267194987,-145.36937477029042,2044.4893798828125,11.319356918334961,5.334896564483643
01.00570,pt001163,63.27958267194987,-145.36835165146456,2042.7720947265625,8.8521146774292,312.89697265625
01.00570,pt001164,63.27958267194987,-145.3673285326387,2045.3341064453125,6.896968841552734,318.36199951171875
01.00570,pt001165,63.27958267194987,-145.36630541381285,2045.483642578125,4.991080284118652,344.18450927734375
01.00570,pt001166,63.27958267194987,-145.365282294987,2046.9830322265625,4.639231204986572,326.7583312988281
01.00570,pt001167,63.27958267194987,-145.36425917616114,2048.835693359375,6.511108875274658,307.440673828125
01.00570,pt001168,63.27958267194987,-145.36323605733529,2062.35302734375,31.170101165771484,275.70703125
01.00570,pt001169,63.27958267194987,-145.36221293850943,2093.466796875,38.18413162231445,286.03179931640625
01.00570,pt001170,63.27958267194987,-145.36118981968357,2122.509521484375,25.41459083557129,301.7577209472656
01.00570,pt001171,63.27958267194987,-145.36016670085772,2146.969482421875,25.530969619750977,333.461669921875
01.00570,pt001172,63.27958267194987,-145.35914358203186,2151.374267578125,18.08421516418457,338.69873046875
01.00570,pt001173,63.27958267194987,-145.358120463206,2169.856201171875,31.398433685302734,313.2317199707031
01.00570,pt001174,63.27958267194987,-145.35709734438015,2193.7734375,49.724388122558594,289.5848083496094
01.00570,pt001175,63.27958267194987,-145.35505110672844,2312.058349609375,38.97408676147461,310.0610046386719
01.00570,pt001176,63.27958267194987,-145.35402798790258,2332.533203125,35.68209457397461,318.0928649902344
01.00570,pt001177,63.27958267194987,-145.35300486907673,2348.19775390625,31.23043441772461,344.7073059082031
01.00570,pt001178,63.27958267194987,-145.35198175025087,2343.795166015625,30.675809860229492,10.094417572021484
01.00570,pt001179,63.27958267194987,-145.35095863142502,2351.233154296875,34.47675323486328,331.08203125
01.00570,pt001180,63.27958267194987,-145.34993551259916,2370.036865234375,35.678680419921875,328.6092224121094
01.00570,pt001181,63.27958267194987,-145.3489123937733,2385.01318359375,34.603641510009766,324.99285888671875
01.00570,pt001182,63.27958267194987,-145.34788927494745,2413.023193359375,24.196414947509766,329.13397216796875
01.00570,pt001183,63.27958267194987,-145.3468661561216,2408.668212890625,8.97964859008789,46.030364990234375
01.00570,pt001184,63.27958267194987,-145.34584303729574,2403.24609375,29.841360092163086,65.9604721069336
01.00570,pt001185,63.280605790775724,-145.48703343526384,1968.287841796875,25.990497589111328,217.4092254638672
01.00570,pt001186,63.280605790775724,-145.48601031643798,1966.2996826171875,14.282252311706543,72.17244720458984
01.00570,pt001187,63.280605790775724,-145.48498719761213,1956.443359375,11.474945068359375,84.23641967773438
01.00570,pt001188,63.280605790775724,-145.48396407878627,1950.22216796875,5.265697479248047,156.71095275878906
01.00570,pt001189,63.280605790775724,-145.48294095996042,1949.8343505859375,4.591954231262207,183.58827209472656
01.00570,pt001190,63.280605790775724,-145.48191784113456,1949.536376953125,4.094541072845459,167.82383728027344
01.00570,pt001191,63.280605790775724,-145.4808947223087,1944.8128662109375,8.884819030761719,112.24063110351562
01.00570,pt001192,63.280605790775724,-145.47987160348285,1937.675537109375,5.681334018707275,146.49441528320312
01.00570,pt001193,63.280605790775724,-145.478848484657,1935.7498779296875,6.941249847412109,132.13084411621094
01.00570,pt001194,63.280605790775724,-145.47782536583114,1929.653564453125,8.15242862701416,128.21572875976562
01.00570,pt001195,63.280605790775724,-145.47680224700528,1924.9093017578125,9.10136890411377,122.70398712158203
01.00570,pt001196,63.280605790775724,-145.47577912817943,1916.06005859375,8.861374855041504,111.62137603759766
01.00570,pt001197,63.280605790775724,-145.47475600935357,1903.9293212890625,11.612701416015625,89.76599884033203
01.00570,pt001198,63.280605790775724,-145.4737328905277,1898.7376708984375,7.063501358032227,83.74079132080078
01.00570,pt001199,63.280605790775724,-145.47270977170186,1892.0552978515625,6.34081506729126,71.85997772216797
01.00570,pt001200,63.280605790775724,-145.471686652876,1888.2828369140625,6.006769180297852,60.45296096801758
01.00570,pt001201,63.280605790775724,-145.47066353405015,1883.0028076171875,5.197335243225098,61.388999938964844
01.00570,pt001202,63.280605790775724,-145.4696404152243,1879.14501953125,4.085733890533447,77.63695526123047
01.00570,pt001203,63.280605790775724,-145.46861729639843,1876.1129150390625,3.692868947982788,101.74705505371094
01.00570,pt001204,63.280605790775724,-145.46759417757258,1873.786865234375,3.231651544570923,138.89617919921875
01.00570,pt001205,63.280605790775724,-145.46657105874672,1872.0108642578125,4.061485290527344,156.05760192871094
01.00570,pt001206,63.280605790775724,-145.46554793992087,1870.5260009765625,4.168811798095703,145.9973907470703
01.00570,pt001207,63.280605790775724,-145.464524821095,1867.8779296875,3.0967185497283936,149.68284606933594
01.00570,pt001208,63.280605790775724,-145.46350170226916,1866.9317626953125,4.505932331085205,121.28352355957031
01.00570,pt001209,63.280605790775724,-145.4624785834433,1862.1148681640625,5.357015132904053,138.62860107421875
01.00570,pt001210,63.280605790775724,-145.46145546461744,1858.460205078125,5.746911525726318,147.88453674316406
01.00570,pt001211,63.280605790775724,-145.4604323457916,1856.51806640625,6.520387172698975,160.1986083984375
01.00570,pt001212,63.280605790775724,-145.45940922696573,1853.6842041015625,8.324197769165039,160.9162139892578
01.00570,pt001213,63.280605790775724,-145.45838610813988,1852.479736328125,8.80047607421875,176.61630249023438
01.00570,pt001214,63.280605790775724,-145.45736298931402,1854.1541748046875,9.358220100402832,197.6116485595703
01.00570,pt001215,63.280605790775724,-145.45633987048816,1855.5155029296875,8.331108093261719,176.26010131835938
01.00570,pt001216,63.280605790775724,-145.4553167516623,1854.346435546875,8.980143547058105,167.77798461914062
01.00570,pt001217,63.280605790775724,-145.45429363283645,1852.3406982421875,10.131209373474121,170.4110565185547
01.00570,pt001218,63.280605790775724,-145.4532705140106,1853.8570556640625,11.769794464111328,192.0323486328125
01.00570,pt001219,63.280605790775724,-145.45224739518474,1855.1248779296875,12.585223197937012,182.64877319335938
01.00570,pt001220,63.280605790775724,-145.4512242763589,1851.3826904296875,15.791732788085938,156.3588409423828
01.00570,pt001221,63.280605790775724,-145.45020115753303,1848.2083740234375,17.291147232055664,173.11842346191406
01.00570,pt001222,63.280605790775724,-145.43280813749348,1783.670654296875,36.777732849121094,50.94916534423828
01.00570,pt001223,63.280605790775724,-145.43178501866763,1761.2403564453125,34.1670036315918,49.77475357055664
01.00570,pt001224,63.280605790775724,-145.43076189984177,1728.6844482421875,25.33957862854004,77.04961395263672
01.00570,pt001225,63.280605790775724,-145.4297387810159,1705.3626708984375,22.780376434326172,108.57533264160156
01.00570,pt001226,63.280605790775724,-145.42871566219006,1690.4254150390625,24.024616241455078,137.1703338623047
01.00570,pt001227,63.280605790775724,-145.4276925433642,1667.456298828125,24.093610763549805,119.36538696289062
01.00570,pt001228,63.280605790775724,-145.42666942453835,1656.536376953125,14.488444328308105,165.90142822265625
01.00570,pt001229,63.280605790775724,-145.42155383040907,1598.8345947265625,8.219099998474121,226.38723754882812
01.00570,pt001230,63.280605790775724,-145.4205307115832,1600.62109375,5.464805603027344,194.7005157470703
01.00570,pt001231,63.280605790775724,-145.41950759275736,1602.6622314453125,5.230863094329834,196.46533203125
01.00570,pt001232,63.280605790775724,-145.4184844739315,1604.4927978515625,5.178507328033447,203.25392150878906
01.00570,pt001233,63.280605790775724,-145.41746135510564,1606.0179443359375,5.133121013641357,208.19619750976562
01.00570,pt001234,63.280605790775724,-145.4164382362798,1609.018798828125,6.69291353225708,219.3542022705078
01.00570,pt001235,63.280605790775724,-145.41541511745393,1612.5570068359375,6.105672836303711,218.17893981933594
01.00570,pt001236,63.280605790775724,-145.41439199862808,1615.027587890625,5.1320085525512695,205.20404052734375
01.00570,pt001237,63.280605790775724,-145.41336887980222,1616.3924560546875,4.668075084686279,187.15985107421875
01.00570,pt001238,63.280605790775724,-145.41234576097636,1616.830810546875,4.92083740234375,183.15586853027344
01.00570,pt001239,63.280605790775724,-145.4113226421505,1616.6357421875,5.3849687576293945,166.80520629882812
01.00570,pt001240,63.280605790775724,-145.41029952332465,1615.506103515625,5.958626747131348,150.45985412597656
01.00570,pt001241,63.280605790775724,-145.4092764044988,1611.8282470703125,4.824925422668457,154.79013061523438
01.00570,pt001242,63.280605790775724,-145.40825328567294,1611.5523681640625,3.9350593090057373,206.95677185058594
01.00570,pt001243,63.280605790775724,-145.40723016684709,1612.97509765625,3.6727616786956787,209.65231323242188
01.00570,pt001244,63.280605790775724,-145.40620704802123,1612.4097900390625,5.640267372131348,149.763671875
01.00570,pt001245,63.280605790775724,-145.40518392919537,1610.380126953125,5.3503851890563965,164.9449920654297
01.00570,pt001246,63.280605790775724,-145.40416081036952,1614.3072509765625,13.603384971618652,259.7496643066406
01.00570,pt001247,63.280605790775724,-145.3908602656334,1967.702880859375,7.497715473175049,200.0054473876953
01.00570,pt001248,63.280605790775724,-145.38983714680754,1963.1165771484375,22.94515037536621,55.343406677246094
01.00570,pt001249,63.280605790775724,-145.38881402798168,1949.9609375,20.5594425201416,47.06529998779297
01.00570,pt001250,63.280605790775724,-145.38779090915583,1944.979736328125,15.72237491607666,359.50347900390625
01.00570,pt001251,63.280605790775724,-145.38676779032997,1948.446533203125,12.30709171295166,341.7915954589844
01.00570,pt001252,63.280605790775724,-145.3857446715041,1949.7926025390625,8.813615798950195,327.09576416015625
01.00570,pt001253,63.280605790775724,-145.38472155267826,1953.5777587890625,10.616846084594727,346.3659362792969
01.00570,pt001254,63.280605790775724,-145.3836984338524,1955.158203125,11.148393630981445,359.4982604980469
01.00570,pt001255,63.280605790775724,-145.3816521962007,1955.8173828125,10.028135299682617,310.7997131347656
01.00570,pt001256,63.280605790775724,-145.38062907737483,1961.9517822265625,11.53786563873291,306.9621887207031
01.00570,pt001257,63.280605790775724,-145.37960595854898,1967.41650390625,8.564059257507324,340.3670349121094
01.00570,pt001258,63.280605790775724,-145.37858283972312,1970.1392822265625,6.8353424072265625,335.0828857421875
01.00570,pt001259,63.280605790775724,-145.37755972089727,1973.4912109375,8.559531211853027,289.4599304199219
01.00570,pt001260,63.280605790775724,-145.3765366020714,1984.007568359375,7.934047222137451,282.1502380371094
01.00570,pt001261,63.280605790775724,-145.37551348324556,1986.142578125,5.071688175201416,285.6201477050781
01.00570,pt001262,63.280605790775724,-145.3744903644197,1996.7630615234375,10.327306747436523,279.5455322265625
01.00570,pt001263,63.280605790775724,-145.37346724559384,2004.7724609375,9.167311668395996,257.6974182128906
01.00570,pt001264,63.280605790775724,-145.372444126768,2011.0989990234375,9.51112174987793,250.2405242919922
01.00570,pt001265,63.280605790775724,-145.37142100794213,2019.597412109375,7.3304290771484375,253.64378356933594
01.00570,pt001266,63.280605790775724,-145.37039788911628,2024.2783203125,6.976166725158691,287.2172546386719
01.00570,pt001267,63.280605790775724,-145.36937477029042,2029.9237060546875,5.336450576782227,298.40472412109375
01.00570,pt001268,63.280605790775724,-145.36835165146456,2034.3387451171875,3.859604835510254,310.3180847167969
01.00570,pt001269,63.280605790775724,-145.3673285326387,2035.834716796875,3.3425943851470947,313.9128112792969
01.00570,pt001270,63.280605790775724,-145.36630541381285,2037.1492919921875,4.959438800811768,358.1638488769531
01.00570,pt001271,63.280605790775724,-145.365282294987,2040.6807861328125,11.997879981994629,251.280517578125
01.00570,pt001272,63.280605790775724,-145.36425917616114,2052.17724609375,22.417081832885742,234.92466735839844
01.00570,pt001273,63.280605790775724,-145.36323605733529,2073.905517578125,26.35352325439453,232.4347686767578
01.00570,pt001274,63.280605790775724,-145.36221293850943,2088.216796875,16.98351287841797,215.70396423339844
01.00570,pt001275,63.280605790775724,-145.36118981968357,2093.655029296875,5.360257148742676,231.441162109375
01.00570,pt001276,63.280605790775724,-145.36016670085772,2098.82177734375,9.73089599609375,347.0875244140625
01.00570,pt001277,63.280605790775724,-145.35914358203186,2100.875,12.980558395385742,352.2603454589844
01.00570,pt001278,63.280605790775724,-145.358120463206,2102.7373046875,15.444573402404785,333.2748107910156
01.00570,pt001279,63.280605790775724,-145.35505110672844,2210.2734375,31.695619583129883,316.9974670410156
01.00570,pt001280,63.280605790775724,-145.35402798790258,2222.4462890625,33.0091667175293,331.11895751953125
01.00570,pt001281,63.280605790775724,-145.35300486907673,2238.646484375,33.41222381591797,337.694580078125
01.00570,pt001282,63.280605790775724,-145.35198175025087,2251.741455078125,27.84208106994629,340.9873962402344
01.00570,pt001283,63.280605790775724,-145.35095863142502,2258.3134765625,25.20502281188965,338.25341796875
01.00570,pt001284,63.280605790775724,-145.34993551259916,2272.03857421875,30.7962646484375,327.89178466796875
01.00570,pt001285,63.280605790775724,-145.3489123937733,2286.906982421875,35.203208923339844,322.38629150390625
01.00570,pt001286,63.280605790775724,-145.34788927494745,2321.211669921875,43.06935119628906,308.78680419921875
01.00570,pt001287,63.280605790775724,-145.3468661561216,2363.562744140625,30.4162540435791,325.78515625
01.00570,pt001288,63.280605790775724,-145.34584303729574,2363.78857421875,30.209136962890625,359.6690673828125
01.00570,pt001289,63.28162890960158,-145.4880565540897,2001.6038818359375,16.146602630615234,116.55408477783203
01.00570,pt001290,63.28162890960158,-145.48703343526384,1988.3756103515625,24.66158676147461,80.94041442871094
01.00570,pt001291,63.28162890960158,-145.48601031643798,1964.839599609375,11.051468849182129,115.47988891601562
01.00570,pt001292,63.28162890960158,-145.48498719761213,1960.7532958984375,6.453019618988037,134.49562072753906
01.00570,pt001293,63.28162890960158,-145.48396407878627,1957.7564697265625,5.129136085510254,160.6082000732422
01.00570,pt001294,63.28162890960158,-145.48294095996042,1955.951171875,4.400155067443848,155.15000915527344
01.00570,pt001295,63.28162890960158,-145.48191784113456,1954.4776611328125,4.11715030670166,140.25347900390625
01.00570,pt001296,63.28162890960158,-145.4808947223087,1949.3505859375,7.574982166290283,104.72594451904297
01.00570,pt001297,63.28162890960158,-145.47987160348285,1943.1727294921875,3.2225189208984375,115.88652801513672
01.00570,pt001298,63.28162890960158,-145.478848484657,1941.31103515625,5.007386684417725,109.4662094116211
01.00570,pt001299,63.28162890960158,-145.47782536583114,1935.3223876953125,6.996210098266602,111.15348052978516
01.00570,pt001300,63.28162890960158,-145.47680224700528,1930.6348876953125,8.75087833404541,119.65635681152344
01.00570,pt001301,63.28162890960158,-145.47577912817943,1921.4796142578125,10.716339111328125,114.91407775878906
01.00570,pt001302,63.28162890960158,-145.47475600935357,1904.6593017578125,16.697629928588867,91.85426330566406
01.00570,pt001303,63.28162890960158,-145.4737328905277,1897.057373046875,9.985233306884766,93.02742004394531
01.00570,pt001304,63.28162890960158,-145.47270977170186,1888.7452392578125,6.469613552093506,85.90145111083984
01.00570,pt001305,63.28162890960158,-145.471686652876,1885.375,4.920714855194092,116.0744400024414
01.00570,pt001306,63.28162890960158,-145.47066353405015,1882.191650390625,3.4919357299804688,140.97589111328125
01.00570,pt001307,63.28162890960158,-145.4696404152243,1880.5343017578125,3.4527475833892822,169.98342895507812
01.00570,pt001308,63.28162890960158,-145.46861729639843,1879.9290771484375,4.06050443649292,171.4520263671875
01.00570,pt001309,63.28162890960158,-145.46759417757258,1879.3682861328125,4.076957702636719,167.86300659179688
01.00570,pt001310,63.28162890960158,-145.46657105874672,1877.32470703125,4.510802745819092,136.54457092285156
01.00570,pt001311,63.28162890960158,-145.46554793992087,1875.27099609375,4.744214057922363,138.19638061523438
01.00570,pt001312,63.28162890960158,-145.464524821095,1872.825927734375,5.242893695831299,164.48342895507812
01.00570,pt001313,63.28162890960158,-145.46350170226916,1872.2791748046875,5.76511287689209,150.76475524902344
01.00570,pt001314,63.28162890960158,-145.4624785834433,1868.9857177734375,6.7499847412109375,164.08236694335938
01.00570,pt001315,63.28162890960158,-145.46145546461744,1867.741455078125,7.733191013336182,189.5180206298828
01.00570,pt001316,63.28162890960158,-145.4604323457916,1868.69970703125,9.155924797058105,187.0718994140625
01.00570,pt001317,63.28162890960158,-145.45940922696573,1869.2388916015625,11.253376960754395,181.30470275878906
01.00570,pt001318,63.28162890960158,-145.45838610813988,1868.9637451171875,12.26530647277832,175.27218627929688
01.00570,pt001319,63.28162890960158,-145.45736298931402,1866.3958740234375,11.818788528442383,144.18601989746094
01.00570,pt001320,63.28162890960158,-145.45633987048816,1860.0618896484375,2.454025983810425,335.4564514160156
01.00570,pt001321,63.28162890960158,-145.4553167516623,1862.0047607421875,4.854981899261475,235.19252014160156
01.00570,pt001322,63.28162890960158,-145.45429363283645,1866.5384521484375,8.839517593383789,219.02963256835938
01.00570,pt001323,63.28162890960158,-145.4532705140106,1870.73681640625,9.853239059448242,202.34164428710938
01.00570,pt001324,63.28162890960158,-145.45224739518474,1872.4678955078125,9.677094459533691,183.32647705078125
01.00570,pt001325,63.28162890960158,-145.4512242763589,1871.4185791015625,12.379748344421387,180.93203735351562
01.00570,pt001326,63.28162890960158,-145.45020115753303,1872.5438232421875,15.880366325378418,185.12600708007812
01.00570,pt001327,63.28162890960158,-145.4369006127969,1885.9991455078125,34.77590560913086,55.25376892089844
01.00570,pt001328,63.28162890960158,-145.43587749397105,1846.232421875,38.801612854003906,57.35317611694336
01.00570,pt001329,63.28162890960158,-145.4348543751452,1819.29345703125,23.248960494995117,41.688602447509766
01.00570,pt001330,63.28162890960158,-145.43383125631934,1801.818603515625,35.18269729614258,79.57243347167969
01.00570,pt001331,63.28162890960158,-145.43280813749348,1767.335205078125,20.925941467285156,93.71639251708984
01.00570,pt001332,63.28162890960158,-145.43178501866763,1753.2913818359375,19.05494499206543,105.01358032226562
01.00570,pt001333,63.28162890960158,-145.43076189984177,1737.7540283203125,15.917069435119629,130.00015258789062
01.00570,pt001334,63.28162890960158,-145.4297387810159,1728.4163818359375,19.56192970275879,155.9220428466797
01.00570,pt001335,63.28162890960158,-145.42871566219006,1718.280517578125,23.153074264526367,121.95452117919922
01.00570,pt001336,63.28162890960158,-145.42360006806078,1655.58154296875,23.706928253173828,92.77847290039062
01.00570,pt001337,63.28162890960158,-145.42257694923492,1627.3531494140625,26.128847122192383,114.60655212402344
01.00570,pt001338,63.28162890960158,-145.42155383040907,1611.93896484375,11.606268882751465,143.86276245117188
01.00570,pt001339,63.28162890960158,-145.4205307115832,1611.3701171875,7.85123872756958,181.6748046875
01.00570,pt001340,63.28162890960158,-145.41950759275736,1611.903564453125,5.66386604309082,185.1484832763672
01.00570,pt001341,63.28162890960158,-145.4184844739315,1612.6365966796875,5.3090314865112305,194.70584106445312
01.00570,pt001342,63.28162890960158,-145.41746135510564,1613.5341796875,5.360752105712891,207.26123046875
01.00570,pt001343,63.28162890960158,-145.4164382362798,1616.7738037109375,6.270499229431152,221.7768096923828
01.00570,pt001344,63.28162890960158,-145.41541511745393,1620.1865234375,6.078049659729004,225.06915283203125
01.00570,pt001345,63.28162890960158,-145.41439199862808,1622.8294677734375,5.54679536819458,202.67971801757812
01.00570,pt001346,63.28162890960158,-145.41336887980222,1624.7427978515625,5.267452716827393,196.85081481933594
01.00570,pt001347,63.28162890960158,-145.41234576097636,1625.019775390625,5.276486396789551,178.9945831298828
01.00570,pt001348,63.28162890960158,-145.4113226421505,1625.0234375,5.5582122802734375,167.890869140625
01.00570,pt001349,63.28162890960158,-145.41029952332465,1623.86181640625,6.644691467285156,149.48695373535156
01.00570,pt001350,63.28162890960158,-145.4092764044988,1620.1038818359375,6.480309009552002,155.4592742919922
01.00570,pt001351,63.28162890960158,-145.40825328567294,1618.672607421875,4.83242130279541,177.1934356689453
01.00570,pt001352,63.28162890960158,-145.40723016684709,1618.714599609375,4.469372272491455,186.15589904785156
01.00570,pt001353,63.28162890960158,-145.40620704802123,1620.061767578125,4.544393539428711,178.1145782470703
01.00570,pt001354,63.28162890960158,-145.40518392919537,1618.76708984375,6.065582752227783,152.3221435546875
01.00570,pt001355,63.28162890960158,-145.40416081036952,1619.80029296875,11.370871543884277,210.81521606445312
01.00570,pt001356,63.28162890960158,-145.38983714680754,1938.65625,34.448726654052734,42.78963088989258
01.00570,pt001357,63.28162890960158,-145.38881402798168,1926.2044677734375,23.691890716552734,36.33319091796875
01.00570,pt001358,63.28162890960158,-145.38779090915583,1919.882080078125,18.296218872070312,7.355648994445801
01.00570,pt001359,63.28162890960158,-145.38676779032997,1921.6290283203125,20.91217803955078,351.2522277832031
01.00570,pt001360,63.28162890960158,-145.3857446715041,1923.58984375,20.314313888549805,342.9949645996094
01.00570,pt001361,63.28162890960158,-145.38472155267826,1930.88037109375,16.207277297973633,338.97955322265625
01.00570,pt001362,63.28162890960158,-145.3836984338524,1934.5201416015625,13.754816055297852,336.11529541015625
01.00570,pt001363,63.28162890960158,-145.38267531502655,1941.0128173828125,12.774600982666016,324.9151306152344
01.00570,pt001364,63.28162890960158,-145.3816521962007,1948.044677734375,8.641735076904297,325.7763671875
01.00570,pt001365,63.28162890960158,-145.38062907737483,1950.42822265625,6.873850345611572,335.3681640625
01.00570,pt001366,63.28162890960158,-145.37960595854898,1953.767822265625,7.9719953536987305,332.4045715332031
01.00570,pt001367,63.28162890960158,-145.37858283972312,1958.739990234375,10.613362312316895,313.7156677246094
01.00570,pt001368,63.28162890960158,-145.37755972089727,1966.6744384765625,14.156604766845703,285.1861267089844
01.00570,pt001369,63.28162890960158,-145.3765366020714,1982.53076171875,10.825918197631836,281.6387634277344
01.00570,pt001370,63.28162890960158,-145.37551348324556,1985.6046142578125,6.731634140014648,283.6651611328125
01.00570,pt001371,63.28162890960158,-145.3744903644197,2000.0504150390625,11.586262702941895,266.761962890625
01.00570,pt001372,63.28162890960158,-145.37346724559384,2007.3502197265625,7.49105167388916,273.6102600097656
01.00570,pt001373,63.28162890960158,-145.372444126768,2012.716552734375,7.5020928382873535,283.27935791015625
01.00570,pt001374,63.28162890960158,-145.37142100794213,2019.284912109375,5.651479721069336,281.8731384277344
01.00570,pt001375,63.28162890960158,-145.37039788911628,2022.795166015625,5.230794906616211,273.01953125
01.00570,pt001376,63.28162890960158,-145.36937477029042,2027.959716796875,4.378847599029541,283.3110046386719
01.00570,pt001377,63.28162890960158,-145.36835165146456,2030.3638916015625,3.662572145462036,11.427725791931152
01.00570,pt001378,63.28162890960158,-145.3673285326387,2029.87548828125,4.1381144523620605,1.2963424921035767
01.00570,pt001379,63.28162890960158,-145.36630541381285,2035.8895263671875,14.899612426757812,243.8804168701172
01.00570,pt001380,63.28162890960158,-145.365282294987,2056.2822265625,20.891460418701172,252.98191833496094
01.00570,pt001381,63.28162890960158,-145.36425917616114,2069.326416015625,16.484033584594727,265.40435791015625
01.00570,pt001382,63.28162890960158,-145.36323605733529,2082.751953125,14.519231796264648,305.48663330078125
01.00570,pt001383,63.28162890960158,-145.36221293850943,2092.201171875,11.35755729675293,291.548583984375
01.00570,pt001384,63.28162890960158,-145.36118981968357,2096.888427734375,4.5548014640808105,39.44835662841797
01.00570,pt001385,63.28162890960158,-145.36016670085772,2094.70849609375,3.932184934616089,80.30826568603516
01.00570,pt001386,63.28162890960158,-145.35914358203186,2093.534912109375,2.3868303298950195,185.97296142578125
01.00570,pt001387,63.28162890960158,-145.358120463206,2100.277587890625,17.37450408935547,244.3574676513672
01.00570,pt001388,63.28162890960158,-145.35709734438015,2118.610595703125,36.96506881713867,257.6441345214844
01.00570,pt001389,63.28162890960158,-145.3560742255543,2162.155029296875,24.318410873413086,279.007080078125
01.00570,pt001390,63.28162890960158,-145.35505110672844,2184.276611328125,20.129728317260742,279.8925476074219
01.00570,pt001391,63.28162890960158,-145.35402798790258,2196.615234375,16.55125617980957,279.2613830566406
01.00570,pt001392,63.28162890960158,-145.35300486907673,2213.064453125,17.578359603881836,268.50897216796875
01.00570,pt001393,63.28162890960158,-145.35198175025087,2229.6259765625,14.379729270935059,265.6152038574219
01.00570,pt001394,63.28162890960158,-145.35095863142502,2240.2080078125,14.48829460144043,281.70880126953125
01.00570,pt001395,63.28162890960158,-145.34993551259916,2251.1259765625,11.2752046585083,274.1468505859375
01.00570,pt001396,63.28162890960158,-145.3489123937733,2260.313232421875,17.068603515625,284.3457946777344
01.00570,pt001397,63.28162890960158,-145.34788927494745,2285.77099609375,38.26931381225586,291.7772216796875
01.00570,pt001398,63.28162890960158,-145.3468661561216,2337.158935546875,22.92217445373535,281.51239013671875
01.00570,pt001399,63.28162890960158,-145.34584303729574,2341.02783203125,9.108613014221191,299.785400390625
01.00570,pt001400,63.282652028427435,-145.48907967291555,2019.957275390625,26.989500045776367,70.876708984375
01.00570,pt001401,63.282652028427435,-145.4880565540897,1995.3731689453125,18.360559463500977,86.74131774902344
01.00570,pt001402,63.282652028427435,-145.48703343526384,1984.52978515625,13.894078254699707,100.75569152832031
01.00570,pt001403,63.282652028427435,-145.48601031643798,1974.20654296875,7.108047962188721,140.25975036621094
01.00570,pt001404,63.282652028427435,-145.48498719761213,1972.0142822265625,6.378065586090088,150.0902557373047
01.00570,pt001405,63.282652028427435,-145.48396407878627,1969.7340087890625,6.651594638824463,161.60496520996094
01.00570,pt001406,63.282652028427435,-145.48294095996042,1967.41748046875,8.027190208435059,151.53482055664062
01.00570,pt001407,63.282652028427435,-145.48191784113456,1964.4638671875,9.06814956665039,145.0904998779297
01.00570,pt001408,63.282652028427435,-145.4808947223087,1957.89599609375,12.409470558166504,130.13490295410156
01.00570,pt001409,63.282652028427435,-145.47987160348285,1952.2327880859375,11.053082466125488,166.55018615722656
01.00570,pt001410,63.282652028427435,-145.478848484657,1951.443603515625,10.820025444030762,174.98464965820312
01.00570,pt001411,63.282652028427435,-145.47782536583114,1950.7535400390625,12.006007194519043,172.03887939453125
01.00570,pt001412,63.282652028427435,-145.47680224700528,1949.7958984375,13.851924896240234,165.93612670898438
01.00570,pt001413,63.282652028427435,-145.47577912817943,1944.3748779296875,17.493377685546875,154.12350463867188
01.00570,pt001414,63.282652028427435,-145.47475600935357,1930.0084228515625,23.289159774780273,140.17800903320312
01.00570,pt001415,63.282652028427435,-145.4737328905277,1921.7227783203125,20.43267059326172,148.22866821289062
01.00570,pt001416,63.282652028427435,-145.47270977170186,1908.541748046875,17.31069564819336,140.79327392578125
01.00570,pt001417,63.282652028427435,-145.471686652876,1902.2279052734375,13.5324068069458,150.44886779785156
01.00570,pt001418,63.282652028427435,-145.47066353405015,1895.822021484375,9.149181365966797,154.28469848632812
01.00570,pt001419,63.282652028427435,-145.4696404152243,1891.8404541015625,6.366090297698975,146.94842529296875
01.00570,pt001420,63.282652028427435,-145.46861729639843,1889.5799560546875,4.878843307495117,155.18240356445312
01.00570,pt001421,63.282652028427435,-145.46759417757258,1890.0953369140625,7.747236728668213,185.89794921875
01.00570,pt001422,63.282652028427435,-145.46657105874672,1891.8092041015625,10.769930839538574,185.35415649414062
01.00570,pt001423,63.282652028427435,-145.46554793992087,1892.656005859375,11.860191345214844,183.45730590820312
01.00570,pt001424,63.282652028427435,-145.464524821095,1892.7901611328125,12.545343399047852,179.3670196533203
01.00570,pt001425,63.282652028427435,-145.46350170226916,1892.4041748046875,12.825777053833008,172.7580108642578
01.00570,pt001426,63.282652028427435,-145.4624785834433,1891.1456298828125,13.684540748596191,177.53805541992188
01.00570,pt001427,63.282652028427435,-145.46145546461744,1890.921875,13.114245414733887,186.07574462890625
01.00570,pt001428,63.282652028427435,-145.4604323457916,1891.5111083984375,11.967705726623535,187.81570434570312
01.00570,pt001429,63.282652028427435,-145.45940922696573,1893.1343994140625,10.250584602355957,199.787353515625
01.00570,pt001430,63.282652028427435,-145.45838610813988,1895.4329833984375,9.706722259521484,198.45950317382812
01.00570,pt001431,63.282652028427435,-145.45736298931402,1896.3778076171875,13.866286277770996,168.00650024414062
01.00570,pt001432,63.282652028427435,-145.45633987048816,1894.010986328125,20.697092056274414,172.40240478515625
01.00570,pt001433,63.282652028427435,-145.4553167516623,1892.1456298828125,21.144535064697266,176.9414825439453
01.00570,pt001434,63.282652028427435,-145.45429363283645,1892.536865234375,20.408287048339844,184.08135986328125
01.00570,pt001435,63.282652028427435,-145.4532705140106,1897.177001953125,19.340620040893555,197.04100036621094
01.00570,pt001436,63.282652028427435,-145.45224739518474,1900.7608642578125,18.739700317382812,195.07965087890625
01.00570,pt001437,63.282652028427435,-145.4512242763589,1908.8560791015625,22.59218406677246,211.89248657226562
01.00570,pt001438,63.282652028427435,-145.45020115753303,1918.036865234375,20.050575256347656,200.23776245117188
01.00570,pt001439,63.282652028427435,-145.43894685044862,1878.442138671875,35.58292007446289,65.78821563720703
01.00570,pt001440,63.282652028427435,-145.43792373162276,1853.649169921875,18.721986770629883,89.67218017578125
01.00570,pt001441,63.282652028427435,-145.4369006127969,1842.8238525390625,14.799371719360352,100.0816879272461
01.00570,pt001442,63.282652028427435,-145.43587749397105,1828.24755859375,16.23946762084961,99.11967468261719
01.00570,pt001443,63.282652028427435,-145.4348543751452,1816.8302001953125,10.870272636413574,112.05785369873047
01.00570,pt001444,63.282652028427435,-145.43383125631934,1806.092529296875,25.628026962280273,101.25566101074219
01.00570,pt001445,63.282652028427435,-145.43280813749348,1783.6929931640625,10.186710357666016,127.86438751220703
01.00570,pt001446,63.282652028427435,-145.43178501866763,1779.124755859375,9.563714027404785,138.73854064941406
01.00570,pt001447,63.282652028427435,-145.43076189984177,1773.1593017578125,14.40682601928711,152.02549743652344
01.00570,pt001448,63.282652028427435,-145.4297387810159,1757.287109375,26.86928367614746,112.79425811767578
01.00570,pt001449,63.282652028427435,-145.42666942453835,1679.80859375,9.883444786071777,94.20319366455078
01.00570,pt001450,63.282652028427435,-145.4256463057125,1674.0899658203125,8.797294616699219,119.29987335205078
01.00570,pt001451,63.282652028427435,-145.42462318688663,1667.7578125,9.641955375671387,140.1228790283203
01.00570,pt001452,63.282652028427435,-145.42360006806078,1662.6796875,10.816826820373535,134.68899536132812
01.00570,pt001453,63.282652028427435,-145.42257694923492,1652.8179931640625,15.873149871826172,121.57864379882812
01.00570,pt001454,63.282652028427435,-145.42155383040907,1630.3973388671875,17.064790725708008,109.72815704345703
01.00570,pt001455,63.282652028427435,-145.4205307115832,1626.62548828125,7.078483581542969,163.2171630859375
01.00570,pt001456,63.282652028427435,-145.41950759275736,1624.841064453125,6.098287582397461,180.01498413085938
01.00570,pt001457,63.282652028427435,-145.4184844739315,1624.7803955078125,5.989205837249756,189.63619995117188
01.00570,pt001458,63.282652028427435,-145.41746135510564,1625.7191162109375,5.858496189117432,200.91416931152344
01.00570,pt001459,63.282652028427435,-145.4164382362798,1627.7794189453125,5.9748334884643555,215.2818145751953
01.00570,pt001460,63.282652028427435,-145.41541511745393,1630.863525390625,6.1209564208984375,219.87913513183594
01.00570,pt001461,63.282652028427435,-145.41439199862808,1633.682861328125,5.051868915557861,209.46995544433594
01.00570,pt001462,63.282652028427435,-145.41336887980222,1635.69287109375,5.100966453552246,194.73582458496094
01.00570,pt001463,63.282652028427435,-145.41234576097636,1636.5113525390625,4.973122596740723,190.53961181640625
01.00570,pt001464,63.282652028427435,-145.4113226421505,1637.0306396484375,5.232431888580322,171.64080810546875
01.00570,pt001465,63.282652028427435,-145.41029952332465,1636.6585693359375,5.90582275390625,161.23587036132812
01.00570,pt001466,63.282652028427435,-145.4092764044988,1634.664306640625,7.035690784454346,165.65821838378906
01.00570,pt001467,63.282652028427435,-145.40825328567294,1632.2071533203125,7.825656414031982,157.2622833251953
01.00570,pt001468,63.282652028427435,-145.40723016684709,1630.6322021484375,7.272737503051758,168.84622192382812
01.00570,pt001469,63.282652028427435,-145.40620704802123,1631.1827392578125,6.336534023284912,191.8765869140625
01.00570,pt001470,63.282652028427435,-145.40518392919537,1631.50537109375,6.549036979675293,168.8486328125
01.00570,pt001471,63.282652028427435,-145.39495274093682,1943.7857666015625,19.240156173706055,205.67515563964844
01.00570,pt001472,63.282652028427435,-145.39392962211096,1942.5672607421875,18.729007720947266,345.4797668457031
01.00570,pt001473,63.282652028427435,-145.3929065032851,1934.2308349609375,37.360877990722656,47.27766418457031
01.00570,pt001474,63.282652028427435,-145.39188338445925,1893.61083984375,35.79930877685547,25.103347778320312
01.00570,pt001475,63.282652028427435,-145.3908602656334,1888.671630859375,31.39325523376465,19.38593292236328
01.00570,pt001476,63.282652028427435,-145.38983714680754,1873.4010009765625,20.703914642333984,13.340779304504395
01.00570,pt001477,63.282652028427435,-145.38881402798168,1875.0723876953125,19.984214782714844,351.4149475097656
01.00570,pt001478,63.282652028427435,-145.38779090915583,1873.749755859375,21.562177658081055,12.581809043884277
01.00570,pt001479,63.282652028427435,-145.38676779032997,1871.0548095703125,18.656665802001953,353.8927001953125
01.00570,pt001480,63.282652028427435,-145.3857446715041,1878.3974609375,23.227672576904297,331.1505432128906
01.00570,pt001481,63.282652028427435,-145.38472155267826,1888.2188720703125,24.62442970275879,343.3168029785156
01.00570,pt001482,63.282652028427435,-145.3836984338524,1892.9327392578125,26.14339828491211,341.8717956542969
01.00570,pt001483,63.282652028427435,-145.38267531502655,1899.823974609375,29.849430084228516,340.66766357421875
01.00570,pt001484,63.282652028427435,-145.3816521962007,1911.5218505859375,28.727001190185547,337.07135009765625
01.00570,pt001485,63.282652028427435,-145.38062907737483,1922.5726318359375,26.826847076416016,323.347900390625
01.00570,pt001486,63.282652028427435,-145.37960595854898,1935.5496826171875,18.03097152709961,336.1536865234375
01.00570,pt001487,63.282652028427435,-145.37858283972312,1940.0577392578125,18.295995712280273,345.65972900390625
01.00570,pt001488,63.282652028427435,-145.37755972089727,1945.989013671875,22.812686920166016,321.32635498046875
01.00570,pt001489,63.282652028427435,-145.3765366020714,1965.582763671875,18.322368621826172,322.7378845214844
01.00570,pt001490,63.282652028427435,-145.37551348324556,1969.77099609375,13.905109405517578,324.4840087890625
01.00570,pt001491,63.282652028427435,-145.3744903644197,1991.06201171875,16.531644821166992,286.6349792480469
01.00570,pt001492,63.282652028427435,-145.37346724559384,1996.1519775390625,10.475184440612793,331.69146728515625
01.00570,pt001493,63.282652028427435,-145.372444126768,1998.105712890625,13.554872512817383,340.3250427246094
01.00570,pt001494,63.282652028427435,-145.37142100794213,2001.3546142578125,16.103055953979492,348.6055603027344
01.00570,pt001495,63.282652028427435,-145.37039788911628,2005.802490234375,20.020082473754883,328.8833312988281
01.00570,pt001496,63.282652028427435,-145.36937477029042,2013.75048828125,20.66457748413086,332.70697021484375
01.00570,pt001497,63.282652028427435,-145.36835165146456,2025.0146484375,11.761550903320312,322.1240539550781
01.00570,pt001498,63.282652028427435,-145.3673285326387,2027.1143798828125,8.295669555664062,348.8046569824219
01.00570,pt001499,63.282652028427435,-145.36630541381285,2033.13720703125,16.412921905517578,288.94268798828125
01.00570,pt001500,63.282652028427435,-145.365282294987,2055.361572265625,19.52327537536621,256.61102294921875
01.00570,pt001501,63.282652028427435,-145.36425917616114,2066.996337890625,12.92119026184082,257.0550537109375
01.00570,pt001502,63.282652028427435,-145.36323605733529,2072.55029296875,11.612586975097656,348.85955810546875
01.00570,pt001503,63.282652028427435,-145.36221293850943,2069.279296875,16.895465850830078,8.207537651062012
01.00570,pt001504,63.282652028427435,-145.36118981968357,2067.2177734375,17.579397201538086,353.13720703125
01.00570,pt001505,63.282652028427435,-145.36016670085772,2073.736572265625,17.458444595336914,309.8147888183594
01.00570,pt001506,63.282652028427435,-145.35914358203186,2084.91552734375,17.68869400024414,286.90478515625
01.00570,pt001507,63.282652028427435,-145.358120463206,2103.009765625,17.452651977539062,278.1650695800781
01.00570,pt001508,63.282652028427435,-145.35709734438015,2117.504150390625,28.535335540771484,272.37945556640625
01.00570,pt001509,63.282652028427435,-145.3560742255543,2149.491455078125,22.557064056396484,287.9927673339844
01.00570,pt001510,63.282652028427435,-145.35505110672844,2174.637451171875,23.83879852294922,285.649658203125
01.00570,pt001511,63.282652028427435,-145.35402798790258,2190.239013671875,19.738658905029297,287.28271484375
01.00570,pt001512,63.282652028427435,-145.35300486907673,2206.07177734375,16.592348098754883,289.792724609375
01.00570,pt001513,63.282652028427435,-145.35198175025087,2225.279541015625,22.212684631347656,272.5558776855469
01.00570,pt001514,63.282652028427435,-145.35095863142502,2243.68408203125,31.025449752807617,230.47488403320312
01.00570,pt001515,63.282652028427435,-145.34993551259916,2266.60546875,35.90133285522461,220.82418823242188
01.00570,pt001516,63.282652028427435,-145.3489123937733,2285.89990234375,40.351715087890625,222.7474822998047
01.00570,pt001517,63.282652028427435,-145.34788927494745,2316.95751953125,42.73432540893555,227.8597869873047
01.00570,pt001518,63.282652028427435,-145.3468661561216,2350.4462890625,18.548891067504883,241.00790405273438
01.00570,pt001519,63.28367514725329,-145.48907967291555,2019.8375244140625,25.87650489807129,110.03125762939453
01.00570,pt001520,63.28367514725329,-145.4880565540897,2000.05078125,13.878236770629883,112.1572494506836
01.00570,pt001521,63.28367514725329,-145.48703343526384,1994.0040283203125,9.388246536254883,138.74520874023438
01.00570,pt001522,63.28367514725329,-145.48601031643798,1989.5755615234375,8.416733741760254,170.16615295410156
01.00570,pt001523,63.28367514725329,-145.48498719761213,1988.6507568359375,8.192885398864746,171.94740295410156
01.00570,pt001524,63.28367514725329,-145.48396407878627,1987.9183349609375,8.388535499572754,182.35507202148438
01.00570,pt001525,63.28367514725329,-145.48294095996042,1988.8397216796875,8.76467514038086,186.7736053466797
01.00570,pt001526,63.28367514725329,-145.48191784113456,1988.7236328125,9.932419776916504,176.2602081298828
01.00570,pt001527,63.28367514725329,-145.4808947223087,1985.1968994140625,11.200597763061523,156.0731201171875
01.00570,pt001528,63.28367514725329,-145.47987160348285,1981.5950927734375,10.90132999420166,171.24203491210938
01.00570,pt001529,63.28367514725329,-145.478848484657,1981.0213623046875,10.919644355773926,176.59674072265625
01.00570,pt001530,63.28367514725329,-145.47782536583114,1980.7735595703125,10.408929824829102,179.52859497070312
01.00570,pt001531,63.28367514725329,-145.47680224700528,1980.615234375,11.131755828857422,170.9299774169922
01.00570,pt001532,63.28367514725329,-145.47577912817943,1976.330810546875,13.776615142822266,150.1751708984375
01.00570,pt001533,63.28367514725329,-145.47475600935357,1957.2607421875,24.424861907958984,103.47318267822266
01.00570,pt001534,63.28367514725329,-145.4737328905277,1942.477294921875,19.871299743652344,92.08993530273438
01.00570,pt001535,63.28367514725329,-145.47270977170186,1924.2509765625,13.235583305358887,78.81532287597656
01.00570,pt001536,63.28367514725329,-145.471686652876,1917.3162841796875,8.94218635559082,110.0394515991211
01.00570,pt001537,63.28367514725329,-145.47066353405015,1909.878173828125,9.53795337677002,139.40631103515625
01.00570,pt001538,63.28367514725329,-145.4696404152243,1903.41455078125,8.607728004455566,183.9179229736328
01.00570,pt001539,63.28367514725329,-145.46861729639843,1905.1595458984375,12.465007781982422,215.5800323486328
01.00570,pt001540,63.28367514725329,-145.46759417757258,1913.9300537109375,15.405865669250488,212.34800720214844
01.00570,pt001541,63.28367514725329,-145.46657105874672,1921.732177734375,15.024996757507324,201.93714904785156
01.00570,pt001542,63.28367514725329,-145.46554793992087,1924.563720703125,14.241890907287598,193.26429748535156
01.00570,pt001543,63.28367514725329,-145.464524821095,1926.291259765625,13.851486206054688,182.92886352539062
01.00570,pt001544,63.28367514725329,-145.46350170226916,1926.9100341796875,14.268716812133789,189.23741149902344
01.00570,pt001545,63.28367514725329,-145.4624785834433,1928.6231689453125,15.237213134765625,178.34478759765625
01.00570,pt001546,63.28367514725329,-145.46145546461744,1927.393310546875,15.67956829071045,171.24984741210938
01.00570,pt001547,63.28367514725329,-145.4604323457916,1925.6961669921875,15.394632339477539,168.44117736816406
01.00570,pt001548,63.28367514725329,-145.45940922696573,1922.434814453125,14.903948783874512,165.46315002441406
01.00570,pt001549,63.28367514725329,-145.45838610813988,1920.5582275390625,13.579110145568848,177.0484161376953
01.00570,pt001550,63.28367514725329,-145.45736298931402,1926.3558349609375,15.920175552368164,221.4055938720703
01.00570,pt001551,63.28367514725329,-145.45633987048816,1935.2862548828125,15.784685134887695,197.3235321044922
01.00570,pt001552,63.28367514725329,-145.4553167516623,1937.8134765625,15.704558372497559,189.0755157470703
01.00570,pt001553,63.28367514725329,-145.45429363283645,1939.946044921875,15.34065055847168,187.61920166015625
01.00570,pt001554,63.28367514725329,-145.4532705140106,1940.907958984375,14.58145523071289,181.06996154785156
01.00570,pt001555,63.28367514725329,-145.45224739518474,1940.726806640625,13.781118392944336,176.2508087158203
01.00570,pt001556,63.28367514725329,-145.4512242763589,1942.3094482421875,14.79109001159668,222.1341094970703
01.00570,pt001557,63.28367514725329,-145.45020115753303,1951.317138671875,12.97398567199707,218.47105407714844
01.00570,pt001558,63.28367514725329,-145.44508556340375,1937.081787109375,34.80500411987305,54.5093879699707
01.00570,pt001559,63.28367514725329,-145.4440624445779,1918.4234619140625,18.11385154724121,50.2572135925293
01.00570,pt001560,63.28367514725329,-145.44303932575204,1907.04296875,13.357439041137695,58.875518798828125
01.00570,pt001561,63.28367514725329,-145.44201620692618,1900.83984375,9.427498817443848,68.88182830810547
01.00570,pt001562,63.28367514725329,-145.44099308810033,1893.7005615234375,5.758891582489014,108.01744079589844
01.00570,pt001563,63.28367514725329,-145.43996996927447,1887.072265625,14.197810173034668,100.86164093017578
01.00570,pt001564,63.28367514725329,-145.43894685044862,1874.6932373046875,13.42756175994873,100.71941375732422
01.00570,pt001565,63.28367514725329,-145.43792373162276,1865.4354248046875,8.3170804977417,103.602294921875
01.00570,pt001566,63.28367514725329,-145.4369006127969,1860.1326904296875,8.718513488769531,122.42367553710938
01.00570,pt001567,63.28367514725329,-145.43587749397105,1851.183349609375,13.601808547973633,114.53666687011719
01.00570,pt001568,63.28367514725329,-145.4348543751452,1841.6346435546875,13.265104293823242,134.18771362304688
01.00570,pt001569,63.28367514725329,-145.43383125631934,1830.7054443359375,37.26592254638672,109.5663070678711
01.00570,pt001570,63.28367514725329,-145.43280813749348,1791.7191162109375,18.691162109375,151.04522705078125
01.00570,pt001571,63.28367514725329,-145.43178501866763,1787.8853759765625,11.163623809814453,151.35800170898438
01.00570,pt001572,63.28367514725329,-145.43076189984177,1780.76953125,14.810576438903809,106.11264038085938
01.00570,pt001573,63.28367514725329,-145.4297387810159,1751.4384765625,33.4625244140625,93.90760803222656
01.00570,pt001574,63.28367514725329,-145.42871566219006,1725.3858642578125,30.647464752197266,87.7866439819336
01.00570,pt001575,63.28367514725329,-145.4276925433642,1695.0474853515625,19.413795471191406,99.32632446289062
01.00570,pt001576,63.28367514725329,-145.42666942453835,1686.8555908203125,5.676120758056641,160.84939575195312
01.00570,pt001577,63.28367514725329,-145.4256463057125,1685.548583984375,5.628929138183594,154.473876953125
01.00570,pt001578,63.28367514725329,-145.42462318688663,1681.060302734375,7.919765472412109,128.240478515625
01.00570,pt001579,63.28367514725329,-145.42360006806078,1675.68505859375,10.389275550842285,116.51075744628906
01.00570,pt001580,63.28367514725329,-145.42257694923492,1663.34716796875,15.722518920898438,104.26253509521484
01.00570,pt001581,63.28367514725329,-145.42155383040907,1642.7940673828125,14.50309944152832,101.36680603027344
01.00570,pt001582,63.28367514725329,-145.4205307115832,1639.5677490234375,5.731191635131836,156.86094665527344
01.00570,pt001583,63.28367514725329,-145.41950759275736,1638.2757568359375,4.805902481079102,195.18080139160156
01.00570,pt001584,63.28367514725329,-145.4184844739315,1638.23388671875,5.00912618637085,171.1298065185547
01.00570,pt001585,63.28367514725329,-145.41746135510564,1637.940185546875,5.034255027770996,184.62130737304688
01.00570,pt001586,63.28367514725329,-145.4164382362798,1638.840576171875,4.361987590789795,198.0081024169922
01.00570,pt001587,63.28367514725329,-145.41541511745393,1640.390869140625,4.091788291931152,210.94497680664062
01.00570,pt001588,63.28367514725329,-145.41439199862808,1643.176513671875,4.8817901611328125,223.97607421875
01.00570,pt001589,63.28367514725329,-145.41336887980222,1645.9130859375,4.828574180603027,208.6243896484375
01.00570,pt001590,63.28367514725329,-145.41234576097636,1647.062255859375,5.148847579956055,199.73446655273438
01.00570,pt001591,63.28367514725329,-145.4113226421505,1648.927001953125,5.1996750831604,199.02137756347656
01.00570,pt001592,63.28367514725329,-145.41029952332465,1649.9488525390625,5.770094871520996,193.0271759033203
01.00570,pt001593,63.28367514725329,-145.4092764044988,1650.76953125,7.513663291931152,190.15228271484375
01.00570,pt001594,63.28367514725329,-145.40825328567294,1651.7462158203125,8.675156593322754,180.4288330078125
01.00570,pt001595,63.28367514725329,-145.40723016684709,1651.5513916015625,9.74897575378418,179.32728576660156
01.00570,pt001596,63.28367514725329,-145.40620704802123,1651.682861328125,10.402094841003418,180.86080932617188
01.00570,pt001597,63.28367514725329,-145.40518392919537,1651.70166015625,10.900912284851074,176.50286865234375
01.00570,pt001598,63.28367514725329,-145.40416081036952,1651.4873046875,10.201818466186523,177.99534606933594
01.00570,pt001599,63.28367514725329,-145.39392962211096,1840.5506591796875,34.65442657470703,19.551305770874023
01.00570,pt001600,63.28367514725329,-145.3929065032851,1830.3353271484375,25.540491104125977,11.415266990661621
01.00570,pt001601,63.28367514725329,-145.39188338445925,1825.9742431640625,18.030715942382812,1.686155080795288
01.00570,pt001602,63.28367514725329,-145.3908602656334,1825.9117431640625,17.682573318481445,359.2096252441406
01.00570,pt001603,63.28367514725329,-145.38983714680754,1825.918212890625,14.802711486816406,357.4410095214844
01.00570,pt001604,63.28367514725329,-145.38881402798168,1826.9644775390625,13.056938171386719,347.5191345214844
01.00570,pt001605,63.28367514725329,-145.38779090915583,1830.739501953125,12.520135879516602,342.8906555175781
01.00570,pt001606,63.28367514725329,-145.38676779032997,1833.3271484375,14.187088012695312,348.4664611816406
01.00570,pt001607,63.28367514725329,-145.3857446715041,1835.4483642578125,13.74406909942627,352.3821105957031
01.00570,pt001608,63.28367514725329,-145.38472155267826,1836.922607421875,12.26952075958252,351.5109558105469
01.00570,pt001609,63.28367514725329,-145.3836984338524,1838.0340576171875,10.6072998046875,340.0439453125
01.00570,pt001610,63.28367514725329,-145.38267531502655,1842.365234375,9.384979248046875,311.0891418457031
01.00570,pt001611,63.28367514725329,-145.3816521962007,1850.3150634765625,12.719124794006348,304.8048095703125
01.00570,pt001612,63.28367514725329,-145.38062907737483,1859.3056640625,21.16641616821289,308.6280517578125
01.00570,pt001613,63.28367514725329,-145.37960595854898,1871.4798583984375,21.094358444213867,341.1028137207031
01.00570,pt001614,63.28367514725329,-145.37858283972312,1881.14306640625,21.61172866821289,312.836669921875
01.00570,pt001615,63.28367514725329,-145.37755972089727,1896.1497802734375,30.008602142333984,310.58355712890625
01.00570,pt001616,63.28367514725329,-145.3765366020714,1923.8681640625,30.394853591918945,337.9174499511719
01.00570,pt001617,63.28367514725329,-145.37551348324556,1928.8187255859375,27.63385009765625,339.95013427734375
01.00570,pt001618,63.28367514725329,-145.3744903644197,1949.578125,27.820276260375977,333.927001953125
01.00570,pt001619,63.28367514725329,-145.37346724559384,1952.7879638671875,22.583959579467773,359.5502624511719
01.00570,pt001620,63.28367514725329,-145.372444126768,1952.2646484375,25.833158493041992,6.454145908355713
01.00570,pt001621,63.28367514725329,-145.37142100794213,1943.70458984375,29.15321159362793,21.950231552124023
01.00570,pt001622,63.28367514725329,-145.37039788911628,1937.4296875,23.549013137817383,346.3453674316406
01.00570,pt001623,63.28367514725329,-145.36937477029042,1947.2056884765625,28.470643997192383,288.474365234375
01.00570,pt001624,63.28367514725329,-145.36835165146456,1985.6844482421875,31.15566062927246,289.52301025390625
01.00570,pt001625,63.28367514725329,-145.3673285326387,2003.9520263671875,26.549652099609375,289.18902587890625
01.00570,pt001626,63.28367514725329,-145.36630541381285,2026.56201171875,16.918052673339844,291.38262939453125
01.00570,pt001627,63.28367514725329,-145.365282294987,2038.863037109375,15.781830787658691,313.57843017578125
01.00570,pt001628,63.28367514725329,-145.36425917616114,2048.5478515625,16.4822940826416,322.7123718261719
01.00570,pt001629,63.28367514725329,-145.36323605733529,2052.585693359375,8.57069206237793,321.1556701660156
01.00570,pt001630,63.28367514725329,-145.36221293850943,2056.9970703125,8.473221778869629,219.8123016357422
01.00570,pt001631,63.28367514725329,-145.36118981968357,2061.33544921875,8.715497016906738,197.45025634765625
01.00570,pt001632,63.28367514725329,-145.36016670085772,2067.7099609375,12.658013343811035,229.36085510253906
01.00570,pt001633,63.28367514725329,-145.35914358203186,2076.953369140625,17.44723129272461,264.7746276855469
01.00570,pt001634,63.28367514725329,-145.358120463206,2099.2421875,28.292682647705078,238.84132385253906
01.00570,pt001635,63.28367514725329,-145.35709734438015,2122.461181640625,43.248741149902344,241.8433837890625
01.00570,pt001636,63.28367514725329,-145.3560742255543,2169.209716796875,37.3592529296875,227.84642028808594
01.00570,pt001637,63.28367514725329,-145.35505110672844,2202.349365234375,40.74241638183594,223.71730041503906
01.00570,pt001638,63.28367514725329,-145.35402798790258,2226.898681640625,43.91139602661133,220.35079956054688
01.00570,pt001639,63.28367514725329,-145.35300486907673,2268.563232421875,40.30247497558594,228.77037048339844
01.00570,pt001640,63.28367514725329,-145.35198175025087,2298.606689453125,37.688907623291016,222.3957977294922
01.00570,pt001641,63.28367514725329,-145.35095863142502,2323.77001953125,32.846229553222656,317.20037841796875
01.00570,pt001642,63.28367514725329,-145.34993551259916,2324.97119140625,29.76198387145996,6.515617847442627
01.00570,pt001643,63.28367514725329,-145.3489123937733,2328.247802734375,35.32315444946289,346.5425109863281
01.00570,pt001644,63.28367514725329,-145.34788927494745,2352.673095703125,40.74259567260742,331.302978515625
01.00570,pt001645,63.28367514725329,-145.3468661561216,2374.733154296875,26.73270034790039,339.2211608886719
01.00570,pt001646,63.28469826607915,-145.49112591056726,2065.885986328125,9.40151596069336,65.50942993164062
01.00570,pt001647,63.28469826607915,-145.4901027917414,2052.521484375,22.742971420288086,74.074951171875
01.00570,pt001648,63.28469826607915,-145.48907967291555,2026.2667236328125,20.937482833862305,87.65733337402344
01.00570,pt001649,63.28469826607915,-145.4880565540897,2009.6192626953125,11.616178512573242,112.25537872314453
01.00570,pt001650,63.28469826607915,-145.48703343526384,2004.8544921875,8.438233375549316,146.0428009033203
01.00570,pt001651,63.28469826607915,-145.48601031643798,2001.1849365234375,7.3463592529296875,168.97206115722656
01.00570,pt001652,63.28469826607915,-145.48498719761213,2000.462158203125,7.02660608291626,171.99319458007812
01.00570,pt001653,63.28469826607915,-145.48396407878627,1999.385009765625,6.99478006362915,180.2379913330078
01.00570,pt001654,63.28469826607915,-145.48294095996042,2000.5478515625,6.529362678527832,184.46995544433594
01.00570,pt001655,63.28469826607915,-145.48191784113456,2000.318359375,6.0075578689575195,175.05897521972656
01.00570,pt001656,63.28469826607915,-145.4808947223087,1997.365966796875,7.486934185028076,141.5602264404297
01.00570,pt001657,63.28469826607915,-145.47987160348285,1993.853271484375,5.705463409423828,165.6608428955078
01.00570,pt001658,63.28469826607915,-145.478848484657,1993.173828125,5.586883544921875,170.28390502929688
01.00570,pt001659,63.28469826607915,-145.47782536583114,1993.3013916015625,6.858397483825684,201.48985290527344
01.00570,pt001660,63.28469826607915,-145.47680224700528,1995.25732421875,8.708683967590332,200.35255432128906
01.00570,pt001661,63.28469826607915,-145.47577912817943,1995.558349609375,12.543776512145996,162.21127319335938
01.00570,pt001662,63.28469826607915,-145.47475600935357,1973.12890625,35.86393737792969,118.92410278320312
01.00570,pt001663,63.28469826607915,-145.4737328905277,1951.2861328125,33.541561126708984,136.63211059570312
01.00570,pt001664,63.28469826607915,-145.47270977170186,1937.3292236328125,26.58561134338379,164.91165161132812
01.00570,pt001665,63.28469826607915,-145.471686652876,1931.8797607421875,24.009702682495117,172.5855712890625
01.00570,pt001666,63.28469826607915,-145.47066353405015,1929.35205078125,22.775850296020508,170.7989044189453
01.00570,pt001667,63.28469826607915,-145.4696404152243,1923.859375,22.84730339050293,177.77127075195312
01.00570,pt001668,63.28469826607915,-145.46861729639843,1924.950439453125,18.65121841430664,207.2305145263672
01.00570,pt001669,63.28469826607915,-145.46759417757258,1936.2666015625,16.920738220214844,213.3509979248047
01.00570,pt001670,63.28469826607915,-145.46657105874672,1943.1982421875,13.820588111877441,196.1664581298828
01.00570,pt001671,63.28469826607915,-145.46554793992087,1945.1917724609375,12.539499282836914,190.5235595703125
01.00570,pt001672,63.28469826607915,-145.464524821095,1946.43408203125,11.92367935180664,181.4810333251953
01.00570,pt001673,63.28469826607915,-145.46350170226916,1946.6800537109375,11.60757064819336,191.76197814941406
01.00570,pt001674,63.28469826607915,-145.4624785834433,1949.3341064453125,11.331950187683105,184.55789184570312
01.00570,pt001675,63.28469826607915,-145.46145546461744,1949.3182373046875,12.428659439086914,172.14532470703125
01.00570,pt001676,63.28469826607915,-145.4604323457916,1947.93408203125,13.32599925994873,170.35482788085938
01.00570,pt001677,63.28469826607915,-145.45940922696573,1945.0914306640625,14.184252738952637,163.58763122558594
01.00570,pt001678,63.28469826607915,-145.45838610813988,1942.05224609375,14.338943481445312,159.53941345214844
01.00570,pt001679,63.28469826607915,-145.45736298931402,1944.497802734375,18.769119262695312,222.01036071777344
01.00570,pt001680,63.28469826607915,-145.45633987048816,1956.6806640625,13.646055221557617,199.4728240966797
01.00570,pt001681,63.28469826607915,-145.4553167516623,1958.74951171875,12.762822151184082,186.12109375
01.00570,pt001682,63.28469826607915,-145.45429363283645,1959.5106201171875,11.770479202270508,179.6189727783203
01.00570,pt001683,63.28469826607915,-145.4532705140106,1959.440673828125,10.705934524536133,180.86624145507812
01.00570,pt001684,63.28469826607915,-145.45224739518474,1958.5418701171875,10.601217269897461,169.0400390625
01.00570,pt001685,63.28469826607915,-145.4512242763589,1959.3822021484375,14.243091583251953,217.73654174804688
01.00570,pt001686,63.28469826607915,-145.45020115753303,1967.9364013671875,10.941201210021973,223.8465118408203
01.00570,pt001687,63.28469826607915,-145.44713180105546,1946.624755859375,22.774658203125,34.84953689575195
01.00570,pt001688,63.28469826607915,-145.4461086822296,1932.028076171875,17.44272232055664,47.39760208129883
01.00570,pt001689,63.28469826607915,-145.44508556340375,1921.02685546875,13.519533157348633,90.47811889648438
01.00570,pt001690,63.28469826607915,-145.4440624445779,1912.65283203125,7.2036848068237305,100.93229675292969
01.00570,pt001691,63.28469826607915,-145.44303932575204,1904.943359375,7.8514790534973145,101.18550109863281
01.00570,pt001692,63.28469826607915,-145.44201620692618,1899.6539306640625,7.328207015991211,97.19538879394531
01.00570,pt001693,63.28469826607915,-145.44099308810033,1893.12158203125,5.340878009796143,83.95730590820312
01.00570,pt001694,63.28469826607915,-145.43996996927447,1888.8450927734375,9.0299072265625,74.53033447265625
01.00570,pt001695,63.28469826607915,-145.43894685044862,1879.7799072265625,11.844744682312012,96.80805969238281
01.00570,pt001696,63.28469826607915,-145.43792373162276,1869.2818603515625,9.808272361755371,112.5974349975586
01.00570,pt001697,63.28469826607915,-145.4369006127969,1863.4422607421875,7.474489212036133,101.6679916381836
01.00570,pt001698,63.28469826607915,-145.43587749397105,1857.4200439453125,7.050554275512695,98.27035522460938
01.00570,pt001699,63.28469826607915,-145.4348543751452,1851.7330322265625,6.625915050506592,113.67333221435547
01.00570,pt001700,63.28469826607915,-145.43383125631934,1845.202880859375,21.799373626708984,100.25392150878906
01.00570,pt001701,63.28469826607915,-145.43280813749348,1819.106201171875,22.000356674194336,127.09344482421875
01.00570,pt001702,63.28469826607915,-145.43178501866763,1806.6365966796875,20.62312126159668,128.50987243652344
01.00570,pt001703,63.28469826607915,-145.43076189984177,1790.4560546875,17.438129425048828,101.48521423339844
01.00570,pt001704,63.28469826607915,-145.4297387810159,1762.66796875,37.18297576904297,95.67130279541016
01.00570,pt001705,63.28469826607915,-145.42871566219006,1727.505859375,37.70903396606445,105.38623046875
01.00570,pt001706,63.28469826607915,-145.4276925433642,1697.7022705078125,15.8197660446167,127.21316528320312
01.00570,pt001707,63.28469826607915,-145.42666942453835,1693.2117919921875,4.639580249786377,162.1355438232422
01.00570,pt001708,63.28469826607915,-145.4256463057125,1691.8448486328125,5.06675386428833,157.9134979248047
01.00570,pt001709,63.28469826607915,-145.42462318688663,1688.437255859375,7.576531410217285,129.72694396972656
01.00570,pt001710,63.28469826607915,-145.42360006806078,1682.9681396484375,10.766119956970215,114.36798858642578
01.00570,pt001711,63.28469826607915,-145.42257694923492,1669.35595703125,16.812824249267578,104.82523345947266
01.00570,pt001712,63.28469826607915,-145.42155383040907,1648.45458984375,14.508443832397461,106.3536605834961
01.00570,pt001713,63.28469826607915,-145.4205307115832,1645.4586181640625,5.017267227172852,155.6321563720703
01.00570,pt001714,63.28469826607915,-145.41950759275736,1643.8133544921875,2.894038677215576,182.37069702148438
01.00570,pt001715,63.28469826607915,-145.4184844739315,1643.76904296875,2.367319107055664,188.6746826171875
01.00570,pt001716,63.28469826607915,-145.41746135510564,1644.00341796875,3.164078712463379,190.2462158203125
01.00570,pt001717,63.28469826607915,-145.4164382362798,1644.6068115234375,3.7629950046539307,194.7432861328125
01.00570,pt001718,63.28469826607915,-145.41541511745393,1645.782470703125,3.8847436904907227,215.966552734375
01.00570,pt001719,63.28469826607915,-145.41439199862808,1648.7218017578125,4.829080581665039,220.55799865722656
01.00570,pt001720,63.28469826607915,-145.41336887980222,1652.0841064453125,4.990273475646973,225.62445068359375
01.00570,pt001721,63.28469826607915,-145.41234576097636,1654.0220947265625,5.407031059265137,204.39761352539062
01.00570,pt001722,63.28469826607915,-145.4113226421505,1656.6771240234375,5.588675498962402,203.22152709960938
01.00570,pt001723,63.28469826607915,-145.41029952332465,1658.1724853515625,6.011168956756592,212.5796661376953
01.00570,pt001724,63.28469826607915,-145.4092764044988,1661.08203125,6.330723285675049,199.31314086914062
01.00570,pt001725,63.28469826607915,-145.40825328567294,1663.46630859375,7.099642276763916,201.7259521484375
01.00570,pt001726,63.28469826607915,-145.40723016684709,1665.06689453125,7.786365032196045,199.34864807128906
01.00570,pt001727,63.28469826607915,-145.40620704802123,1666.9794921875,9.222917556762695,192.87074279785156
01.00570,pt001728,63.28469826607915,-145.40518392919537,1667.968505859375,9.463760375976562,184.9739990234375
01.00570,pt001729,63.28469826607915,-145.40416081036952,1669.2119140625,12.08140754699707,194.88880920410156
01.00570,pt001730,63.28469826607915,-145.40313769154366,1668.46142578125,16.46534538269043,171.00921630859375
01.00570,pt001731,63.28469826607915,-145.4021145727178,1673.4417724609375,21.788082122802734,238.1504364013672
01.00570,pt001732,63.28469826607915,-145.39699897858853,1843.0377197265625,41.47098159790039,15.934065818786621
01.00570,pt001733,63.28469826607915,-145.39597585976267,1824.2105712890625,32.068782806396484,22.415313720703125
01.00570,pt001734,63.28469826607915,-145.39495274093682,1812.000244140625,18.91240882873535,21.938457489013672
01.00570,pt001735,63.28469826607915,-145.39392962211096,1808.6483154296875,12.971174240112305,9.992375373840332
01.00570,pt001736,63.28469826607915,-145.3929065032851,1807.6728515625,9.070063591003418,336.0238952636719
01.00570,pt001737,63.28469826607915,-145.39188338445925,1811.0330810546875,4.794284820556641,324.8937683105469
01.00570,pt001738,63.28469826607915,-145.3908602656334,1811.6044921875,3.9199366569519043,342.09100341796875
01.00570,pt001739,63.28469826607915,-145.38983714680754,1814.25244140625,5.388583660125732,340.4907531738281
01.00570,pt001740,63.28469826607915,-145.38881402798168,1815.1524658203125,5.7533860206604,345.8109436035156
01.00570,pt001741,63.28469826607915,-145.38779090915583,1816.8583984375,5.855905055999756,345.95660400390625
01.00570,pt001742,63.28469826607915,-145.38676779032997,1819.9810791015625,6.706028461456299,304.9296875
01.00570,pt001743,63.28469826607915,-145.3857446715041,1823.940673828125,6.0538787841796875,294.3274230957031
01.00570,pt001744,63.28469826607915,-145.38472155267826,1828.798828125,5.614404201507568,313.4105224609375
01.00570,pt001745,63.28469826607915,-145.3836984338524,1831.498046875,5.922340393066406,323.62335205078125
01.00570,pt001746,63.28469826607915,-145.38267531502655,1835.738525390625,6.349496364593506,326.66162109375
01.00570,pt001747,63.28469826607915,-145.3816521962007,1840.662841796875,8.095724105834961,287.48272705078125
01.00570,pt001748,63.28469826607915,-145.38062907737483,1848.1947021484375,15.104812622070312,267.8420104980469
01.00570,pt001749,63.28469826607915,-145.37960595854898,1862.624755859375,10.104538917541504,253.81492614746094
01.00570,pt001750,63.28469826607915,-145.37858283972312,1872.5128173828125,9.464192390441895,274.0401916503906
01.00570,pt001751,63.28469826607915,-145.37755972089727,1878.8795166015625,10.6839599609375,284.75982666015625
01.00570,pt001752,63.28469826607915,-145.3765366020714,1891.4708251953125,13.491206169128418,313.4971008300781
01.00570,pt001753,63.28469826607915,-145.37551348324556,1894.3370361328125,11.908573150634766,318.2514343261719
01.00570,pt001754,63.28469826607915,-145.3744903644197,1909.4591064453125,20.214927673339844,319.6311950683594
01.00570,pt001755,63.28469826607915,-145.37346724559384,1915.7294921875,17.429750442504883,353.0605773925781
01.00570,pt001756,63.28469826607915,-145.372444126768,1916.288818359375,13.34345817565918,351.4488525390625
01.00570,pt001757,63.28469826607915,-145.37142100794213,1919.1776123046875,8.363033294677734,280.8743896484375
01.00570,pt001758,63.28469826607915,-145.37039788911628,1925.6842041015625,12.738224029541016,242.2530517578125
01.00570,pt001759,63.28469826607915,-145.36937477029042,1942.4857177734375,25.67146873474121,262.8888244628906
01.00570,pt001760,63.28469826607915,-145.36835165146456,1978.0386962890625,25.675743103027344,289.0335998535156
01.00570,pt001761,63.28469826607915,-145.3673285326387,1992.040771484375,18.6328067779541,298.9073791503906
01.00570,pt001762,63.28469826607915,-145.36630541381285,2008.0120849609375,17.90580177307129,313.1573791503906
01.00570,pt001763,63.28469826607915,-145.365282294987,2017.9466552734375,20.006071090698242,331.4014892578125
01.00570,pt001764,63.28469826607915,-145.36425917616114,2025.866455078125,20.401735305786133,322.7574462890625
01.00570,pt001765,63.28469826607915,-145.36323605733529,2038.5582275390625,21.911075592041016,305.68328857421875
01.00570,pt001766,63.28469826607915,-145.36221293850943,2056.646484375,24.607616424560547,266.2401428222656
01.00570,pt001767,63.28469826607915,-145.36118981968357,2074.63720703125,18.82115364074707,206.39291381835938
01.00570,pt001768,63.28469826607915,-145.36016670085772,2091.3525390625,35.12010192871094,215.81192016601562
01.00570,pt001769,63.285721384905,-145.49112591056726,2062.05224609375,22.266693115234375,79.4586181640625
01.00570,pt001770,63.285721384905,-145.4901027917414,2045.8497314453125,21.865861892700195,77.2262954711914
01.00570,pt001771,63.285721384905,-145.48907967291555,2025.9556884765625,13.961195945739746,88.82083892822266
01.00570,pt001772,63.285721384905,-145.4880565540897,2016.4481201171875,5.960047721862793,100.16250610351562
01.00570,pt001773,63.285721384905,-145.48703343526384,2013.89111328125,4.111137866973877,133.17745971679688
01.00570,pt001774,63.285721384905,-145.48601031643798,2012.2939453125,3.981762170791626,171.94505310058594
01.00570,pt001775,63.285721384905,-145.48498719761213,2012.3013916015625,4.3411641120910645,178.05474853515625
01.00570,pt001776,63.285721384905,-145.48396407878627,2011.9229736328125,5.014354705810547,174.95045471191406
01.00570,pt001777,63.285721384905,-145.48294095996042,2011.6639404296875,4.80757999420166,172.1049346923828
01.00570,pt001778,63.285721384905,-145.48191784113456,2010.683837890625,4.672489166259766,154.92991638183594
01.00570,pt001779,63.285721384905,-145.4808947223087,2006.6622314453125,7.009591579437256,114.98139190673828
01.00570,pt001780,63.285721384905,-145.47987160348285,2001.91357421875,3.1063334941864014,137.81640625
01.00570,pt001781,63.285721384905,-145.478848484657,2001.1605224609375,2.7817163467407227,158.85458374023438
01.00570,pt001782,63.285721384905,-145.47782536583114,2002.7623291015625,4.577606678009033,245.578125
01.00570,pt001783,63.285721384905,-145.47680224700528,2005.4686279296875,4.40725564956665,239.133544921875
01.00570,pt001784,63.285721384905,-145.47577912817943,2009.1085205078125,6.682837009429932,262.3565979003906
01.00570,pt001785,63.285721384905,-145.47475600935357,2018.712890625,7.4070258140563965,211.74806213378906
01.00570,pt001786,63.285721384905,-145.4737328905277,2017.89404296875,9.840620994567871,157.2729949951172
01.00570,pt001787,63.285721384905,-145.47270977170186,2020.9288330078125,14.281478881835938,215.4054718017578
01.00570,pt001788,63.285721384905,-145.471686652876,2018.4862060546875,23.428482055664062,126.24923706054688
01.00570,pt001789,63.285721384905,-145.46861729639843,1967.8912353515625,39.63193130493164,109.44561004638672
01.00570,pt001790,63.285721384905,-145.46759417757258,1960.153076171875,9.598703384399414,218.4864501953125
01.00570,pt001791,63.285721384905,-145.46657105874672,1962.908935546875,7.545032024383545,233.18582153320312
01.00570,pt001792,63.285721384905,-145.46554793992087,1966.5029296875,5.8874969482421875,233.88697814941406
01.00570,pt001793,63.285721384905,-145.464524821095,1967.19091796875,4.525524616241455,183.8376007080078
01.00570,pt001794,63.285721384905,-145.46350170226916,1967.2391357421875,4.692550182342529,167.17283630371094
01.00570,pt001795,63.285721384905,-145.4624785834433,1966.756103515625,3.942662239074707,221.8697967529297
01.00570,pt001796,63.285721384905,-145.46145546461744,1969.5704345703125,4.501827239990234,205.72531127929688
01.00570,pt001797,63.285721384905,-145.4604323457916,1970.5355224609375,4.4497222900390625,187.68421936035156
01.00570,pt001798,63.285721384905,-145.45940922696573,1969.58447265625,6.0332136154174805,161.76266479492188
01.00570,pt001799,63.285721384905,-145.45838610813988,1969.2366943359375,6.347471714019775,191.88865661621094
01.00570,pt001800,63.285721384905,-145.45633987048816,1991.720703125,13.74597454071045,150.79119873046875
01.00570,pt001801,63.285721384905,-145.4553167516623,1989.3404541015625,9.657776832580566,175.7211151123047
01.00570,pt001802,63.285721384905,-145.45429363283645,1988.06494140625,8.501288414001465,162.6429901123047
01.00570,pt001803,63.285721384905,-145.4532705140106,1983.913818359375,8.02660846710205,141.57858276367188
01.00570,pt001804,63.285721384905,-145.45224739518474,1980.6365966796875,7.945841312408447,128.3316192626953
01.00570,pt001805,63.285721384905,-145.4512242763589,1968.28564453125,13.432334899902344,85.98472595214844
01.00570,pt001806,63.285721384905,-145.45020115753303,1962.8936767578125,5.658095359802246,45.18937683105469
01.00570,pt001807,63.285721384905,-145.44917803870717,1956.9462890625,11.507662773132324,84.29630279541016
01.00570,pt001808,63.285721384905,-145.44815491988132,1943.3721923828125,13.50809383392334,97.19580078125
01.00570,pt001809,63.285721384905,-145.44713180105546,1934.1661376953125,12.157246589660645,96.67935180664062
01.00570,pt001810,63.285721384905,-145.4461086822296,1924.548828125,6.508885383605957,84.91123962402344
01.00570,pt001811,63.285721384905,-145.44508556340375,1920.90283203125,4.914790153503418,80.05743408203125
01.00570,pt001812,63.285721384905,-145.4440624445779,1916.31591796875,5.075936794281006,98.53703308105469
01.00570,pt001813,63.285721384905,-145.44303932575204,1910.3414306640625,6.373911380767822,98.84143829345703
01.00570,pt001814,63.285721384905,-145.44201620692618,1906.0009765625,7.401951313018799,111.75557708740234
01.00570,pt001815,63.285721384905,-145.44099308810033,1898.1385498046875,7.94136381149292,109.79755401611328
01.00570,pt001816,63.285721384905,-145.43996996927447,1890.0107421875,11.507552146911621,95.98756408691406
01.00570,pt001817,63.285721384905,-145.43894685044862,1880.9892578125,10.206128120422363,90.18431091308594
01.00570,pt001818,63.285721384905,-145.43792373162276,1872.298583984375,8.70205020904541,82.11414337158203
01.00570,pt001819,63.285721384905,-145.4369006127969,1866.357666015625,8.067521095275879,90.66094970703125
01.00570,pt001820,63.285721384905,-145.43587749397105,1858.7000732421875,7.51815938949585,95.13909149169922
01.00570,pt001821,63.285721384905,-145.4348543751452,1853.4776611328125,4.294528007507324,93.40815734863281
01.00570,pt001822,63.285721384905,-145.43383125631934,1848.697998046875,13.658745765686035,91.03573608398438
01.00570,pt001823,63.285721384905,-145.43280813749348,1832.031005859375,15.327620506286621,84.61833190917969
01.00570,pt001824,63.285721384905,-145.43178501866763,1819.85205078125,19.25917625427246,83.66629028320312
01.00570,pt001825,63.285721384905,-145.43076189984177,1793.4810791015625,28.239044189453125,84.35408782958984
01.00570,pt001826,63.285721384905,-145.4297387810159,1763.4918212890625,23.901098251342773,88.7911148071289
01.00570,pt001827,63.285721384905,-145.42871566219006,1746.985595703125,22.54743003845215,102.11451721191406
01.00570,pt001828,63.285721384905,-145.4276925433642,1721.9510498046875,20.77425765991211,118.3957748413086
01.00570,pt001829,63.285721384905,-145.42666942453835,1711.8145751953125,9.891014099121094,157.52210998535156
01.00570,pt001830,63.285721384905,-145.4256463057125,1709.028564453125,8.876762390136719,151.4871063232422
01.00570,pt001831,63.285721384905,-145.42462318688663,1702.9100341796875,10.056614875793457,128.50210571289062
01.00570,pt001832,63.285721384905,-145.42360006806078,1695.98828125,12.583928108215332,118.27906036376953
01.00570,pt001833,63.285721384905,-145.42257694923492,1682.254638671875,16.82332992553711,111.75399017333984
01.00570,pt001834,63.285721384905,-145.42155383040907,1660.2130126953125,16.191560745239258,108.86323547363281
01.00570,pt001835,63.285721384905,-145.4205307115832,1656.4970703125,6.875555992126465,141.26434326171875
01.00570,pt001836,63.285721384905,-145.41950759275736,1649.84375,6.732630252838135,101.30992126464844
01.00570,pt001837,63.285721384905,-145.4184844739315,1645.77978515625,2.297362804412842,271.97161865234375
01.00570,pt001838,63.285721384905,-145.41746135510564,1647.8128662109375,4.076742172241211,261.8769226074219
01.00570,pt001839,63.285721384905,-145.4164382362798,1650.6033935546875,3.648615837097168,236.19956970214844
01.00570,pt001840,63.285721384905,-145.41541511745393,1653.5086669921875,5.128228187561035,222.0880889892578
01.00570,pt001841,63.285721384905,-145.41439199862808,1656.8974609375,5.152728080749512,215.8780059814453
01.00570,pt001842,63.285721384905,-145.41336887980222,1660.9329833984375,5.65902042388916,228.0028076171875
01.00570,pt001843,63.285721384905,-145.41234576097636,1663.793701171875,5.5241312980651855,220.8147735595703
01.00570,pt001844,63.285721384905,-145.4113226421505,1667.8326416015625,5.337623119354248,220.12411499023438
01.00570,pt001845,63.285721384905,-145.41029952332465,1670.269775390625,6.417022228240967,221.90231323242188
01.00570,pt001846,63.285721384905,-145.4092764044988,1674.6077880859375,5.791845321655273,195.76145935058594
01.00570,pt001847,63.285721384905,-145.40825328567294,1676.7340087890625,5.586645603179932,199.42616271972656
01.00570,pt001848,63.285721384905,-145.40723016684709,1678.0511474609375,4.955008506774902,201.669677734375
01.00570,pt001849,63.285721384905,-145.40620704802123,1680.9515380859375,4.703672409057617,244.60935974121094
01.00570,pt001850,63.285721384905,-145.40518392919537,1683.109619140625,4.004878997802734,211.8502960205078
01.00570,pt001851,63.285721384905,-145.40416081036952,1687.2652587890625,8.762362480163574,248.80953979492188
01.00570,pt001852,63.285721384905,-145.40313769154366,1697.023681640625,11.11458969116211,258.636474609375
01.00570,pt001853,63.285721384905,-145.4021145727178,1705.6221923828125,14.185461044311523,260.1758117675781
01.00570,pt001854,63.285721384905,-145.40109145389195,1719.9788818359375,14.734567642211914,253.4850311279297
01.00570,pt001855,63.285721384905,-145.4000683350661,1735.0142822265625,14.962023735046387,252.77174377441406
01.00570,pt001856,63.285721384905,-145.39904521624024,1745.504638671875,16.33103370666504,257.406005859375
01.00570,pt001857,63.285721384905,-145.39802209741438,1768.487060546875,19.974369049072266,283.1361999511719
01.00570,pt001858,63.285721384905,-145.39699897858853,1775.90673828125,12.000772476196289,285.7254943847656
01.00570,pt001859,63.285721384905,-145.39597585976267,1786.869384765625,9.44217586517334,273.3047180175781
01.00570,pt001860,63.285721384905,-145.39495274093682,1794.36376953125,5.74833345413208,274.90240478515625
01.00570,pt001861,63.285721384905,-145.39392962211096,1797.841796875,4.159584045410156,262.95953369140625
01.00570,pt001862,63.285721384905,-145.3929065032851,1800.992431640625,3.329773187637329,301.710693359375
01.00570,pt001863,63.285721384905,-145.39188338445925,1803.59033203125,2.3283157348632812,331.3528137207031
01.00570,pt001864,63.285721384905,-145.3908602656334,1803.896728515625,1.9590626955032349,335.1370544433594
01.00570,pt001865,63.285721384905,-145.38983714680754,1806.0374755859375,3.3456196784973145,295.6783142089844
01.00570,pt001866,63.285721384905,-145.38881402798168,1808.1744384765625,3.110633134841919,289.15740966796875
01.00570,pt001867,63.285721384905,-145.38779090915583,1811.1512451171875,4.4121317863464355,290.2711486816406
01.00570,pt001868,63.285721384905,-145.38676779032997,1814.4281005859375,4.581557750701904,316.9753112792969
01.00570,pt001869,63.285721384905,-145.3857446715041,1816.9803466796875,3.9998064041137695,288.0876159667969
01.00570,pt001870,63.285721384905,-145.38472155267826,1821.6201171875,6.2510600090026855,265.0953063964844
01.00570,pt001871,63.285721384905,-145.3836984338524,1826.427978515625,8.039815902709961,261.347900390625
01.00570,pt001872,63.285721384905,-145.38267531502655,1836.1097412109375,11.73409652709961,253.68092346191406
01.00570,pt001873,63.285721384905,-145.3816521962007,1848.4942626953125,13.556705474853516,250.6189727783203
01.00570,pt001874,63.285721384905,-145.38062907737483,1858.87841796875,17.765600204467773,258.439208984375
01.00570,pt001875,63.285721384905,-145.37960595854898,1872.4088134765625,7.59629487991333,257.1612548828125
01.00570,pt001876,63.285721384905,-145.37858283972312,1877.810791015625,3.93546462059021,264.9514465332031
01.00570,pt001877,63.285721384905,-145.37755972089727,1880.186279296875,3.8060414791107178,267.40380859375
01.00570,pt001878,63.285721384905,-145.3765366020714,1884.691162109375,3.472963333129883,279.26458740234375
01.00570,pt001879,63.285721384905,-145.37551348324556,1885.7213134765625,5.194810390472412,274.1974792480469
01.00570,pt001880,63.285721384905,-145.3744903644197,1894.3494873046875,6.795027732849121,284.1470031738281
01.00570,pt001881,63.285721384905,-145.37346724559384,1901.7076416015625,9.10694694519043,276.4805603027344
01.00570,pt001882,63.285721384905,-145.372444126768,1909.0845947265625,12.002440452575684,272.6126708984375
01.00570,pt001883,63.285721384905,-145.37142100794213,1923.2506103515625,15.210884094238281,275.4695129394531
01.00570,pt001884,63.285721384905,-145.37039788911628,1934.4598388671875,16.281890869140625,280.60723876953125
01.00570,pt001885,63.285721384905,-145.36937477029042,1954.4703369140625,20.573163986206055,267.1446838378906
01.00570,pt001886,63.285721384905,-145.36835165146456,1971.9354248046875,13.293564796447754,274.4090576171875
01.00570,pt001887,63.285721384905,-145.3673285326387,1980.23583984375,11.72772216796875,296.5508117675781
01.00570,pt001888,63.285721384905,-145.36630541381285,1990.5216064453125,8.227677345275879,317.77362060546875
01.00570,pt001889,63.285721384905,-145.365282294987,1994.5003662109375,5.67650032043457,302.8186950683594
01.00570,pt001890,63.285721384905,-145.36425917616114,1998.9864501953125,13.155044555664062,282.4236755371094
01.00570,pt001891,63.285721384905,-145.36016670085772,2149.528076171875,32.097591400146484,256.72991943359375
01.00570,pt001892,63.285721384905,-145.35914358203186,2167.52099609375,28.083127975463867,220.41702270507812
01.00570,pt001893,63.28674450373086,-145.49317214821897,2096.8349609375,20.1198673248291,133.43563842773438
01.00570,pt001894,63.28674450373086,-145.49214902939312,2078.968017578125,25.764816284179688,107.7747802734375
01.00570,pt001895,63.28674450373086,-145.49112591056726,2056.9033203125,21.599231719970703,86.22960662841797
01.00570,pt001896,63.28674450373086,-145.4901027917414,2043.58837890625,16.142744064331055,93.79679870605469
01.00570,pt001897,63.28674450373086,-145.48907967291555,2030.8861083984375,9.657562255859375,110.24834442138672
01.00570,pt001898,63.28674450373086,-145.4880565540897,2024.93017578125,5.39805269241333,139.9833221435547
01.00570,pt001899,63.28674450373086,-145.48703343526384,2023.8192138671875,4.154759407043457,177.91038513183594
01.00570,pt001900,63.28674450373086,-145.48601031643798,2024.4761962890625,5.688714504241943,201.1744842529297
01.00570,pt001901,63.28674450373086,-145.48498719761213,2026.1715087890625,5.928123474121094,200.94720458984375
01.00570,pt001902,63.28674450373086,-145.48396407878627,2027.423828125,5.9145121574401855,189.0908203125
01.00570,pt001903,63.28674450373086,-145.48294095996042,2027.38916015625,6.978388786315918,172.32798767089844
01.00570,pt001904,63.28674450373086,-145.48191784113456,2026.160888671875,8.06505012512207,168.968017578125
01.00570,pt001905,63.28674450373086,-145.4808947223087,2022.4014892578125,11.416498184204102,148.58067321777344
01.00570,pt001906,63.28674450373086,-145.47987160348285,2016.3734130859375,10.298303604125977,165.2991180419922
01.00570,pt001907,63.28674450373086,-145.478848484657,2014.6309814453125,10.012163162231445,158.65504455566406
01.00570,pt001908,63.28674450373086,-145.47782536583114,2013.09521484375,6.5918402671813965,196.32142639160156
01.00570,pt001909,63.28674450373086,-145.47680224700528,2014.986328125,5.549656391143799,210.83839416503906
01.00570,pt001910,63.28674450373086,-145.47577912817943,2017.333740234375,5.354337692260742,216.8590850830078
01.00570,pt001911,63.28674450373086,-145.47475600935357,2029.1788330078125,15.347367286682129,252.85678100585938
01.00570,pt001912,63.28674450373086,-145.4737328905277,2037.5657958984375,14.693764686584473,242.73411560058594
01.00570,pt001913,63.28674450373086,-145.47270977170186,2052.08251953125,16.52631950378418,235.198974609375
01.00570,pt001914,63.28674450373086,-145.471686652876,2060.24462890625,15.553642272949219,212.4373779296875
01.00570,pt001915,63.28674450373086,-145.47066353405015,2062.870849609375,15.843331336975098,149.02638244628906
01.00570,pt001916,63.28674450373086,-145.4696404152243,2049.59033203125,28.36524200439453,107.52954864501953
01.00570,pt001917,63.28674450373086,-145.46861729639843,2020.612060546875,34.44672775268555,104.58415222167969
01.00570,pt001918,63.28674450373086,-145.46759417757258,1995.867919921875,22.190229415893555,117.0446548461914
01.00570,pt001919,63.28674450373086,-145.46657105874672,1982.37939453125,10.442941665649414,163.80270385742188
01.00570,pt001920,63.28674450373086,-145.46554793992087,1983.2672119140625,11.463661193847656,198.38067626953125
01.00570,pt001921,63.28674450373086,-145.464524821095,1986.860107421875,13.234156608581543,187.5576934814453
01.00570,pt001922,63.28674450373086,-145.46350170226916,1987.281005859375,13.724397659301758,172.1766357421875
01.00570,pt001923,63.28674450373086,-145.4624785834433,1984.231201171875,14.39825439453125,172.40847778320312
01.00570,pt001924,63.28674450373086,-145.46145546461744,1982.5736083984375,12.977641105651855,184.82716369628906
01.00570,pt001925,63.28674450373086,-145.4604323457916,1984.6328125,11.718809127807617,202.18777465820312
01.00570,pt001926,63.28674450373086,-145.45940922696573,1991.1253662109375,11.801497459411621,210.62158203125
01.00570,pt001927,63.28674450373086,-145.45838610813988,1994.5804443359375,13.137648582458496,205.92559814453125
01.00570,pt001928,63.28674450373086,-145.45736298931402,2006.4952392578125,27.534658432006836,248.14715576171875
01.00570,pt001929,63.28674450373086,-145.4553167516623,2027.8016357421875,22.174163818359375,161.7103729248047
01.00570,pt001930,63.28674450373086,-145.45429363283645,2017.5894775390625,20.299617767333984,153.5985107421875
01.00570,pt001931,63.28674450373086,-145.4532705140106,2008.486328125,17.819997787475586,157.74705505371094
01.00570,pt001932,63.28674450373086,-145.45224739518474,1998.1771240234375,23.686914443969727,90.92377471923828
01.00570,pt001933,63.28674450373086,-145.4512242763589,1969.4127197265625,17.227882385253906,106.47895812988281
01.00570,pt001934,63.28674450373086,-145.45020115753303,1965.1976318359375,4.191826820373535,162.39044189453125
01.00570,pt001935,63.28674450373086,-145.44917803870717,1963.486572265625,6.78302526473999,151.45339965820312
01.00570,pt001936,63.28674450373086,-145.44815491988132,1955.768798828125,14.281112670898438,133.92604064941406
01.00570,pt001937,63.28674450373086,-145.44713180105546,1946.453125,18.36517906188965,131.56329345703125
01.00570,pt001938,63.28674450373086,-145.4461086822296,1931.93359375,17.734352111816406,142.03326416015625
01.00570,pt001939,63.28674450373086,-145.44508556340375,1924.935791015625,13.930959701538086,156.0303955078125
01.00570,pt001940,63.28674450373086,-145.4440624445779,1920.9639892578125,9.781011581420898,137.2881317138672
01.00570,pt001941,63.28674450373086,-145.44303932575204,1912.4090576171875,10.35666275024414,85.11666870117188
01.00570,pt001942,63.28674450373086,-145.44201620692618,1904.7181396484375,11.758296966552734,70.35176086425781
01.00570,pt001943,63.28674450373086,-145.44099308810033,1893.928955078125,10.554145812988281,54.66885757446289
01.00570,pt001944,63.28674450373086,-145.43996996927447,1886.9251708984375,10.425896644592285,66.7260513305664
01.00570,pt001945,63.28674450373086,-145.43894685044862,1878.0804443359375,11.793503761291504,73.8472671508789
01.00570,pt001946,63.28674450373086,-145.43792373162276,1868.781982421875,7.671674728393555,57.4354133605957
01.00570,pt001947,63.28674450373086,-145.4369006127969,1865.3134765625,5.742247104644775,49.87013244628906
01.00570,pt001948,63.28674450373086,-145.43587749397105,1858.098388671875,10.291258811950684,72.37577056884766
01.00570,pt001949,63.28674450373086,-145.4348543751452,1850.915771484375,6.948331832885742,51.054840087890625
01.00570,pt001950,63.28674450373086,-145.43383125631934,1844.814453125,20.677446365356445,72.23982238769531
01.00570,pt001951,63.28674450373086,-145.43280813749348,1818.681884765625,20.429698944091797,76.04366302490234
01.00570,pt001952,63.28674450373086,-145.43178501866763,1804.9326171875,20.18483543395996,80.04360961914062
01.00570,pt001953,63.28674450373086,-145.43076189984177,1783.45263671875,20.84819984436035,86.44456481933594
01.00570,pt001954,63.28674450373086,-145.4297387810159,1761.3590087890625,19.46367835998535,99.28370666503906
01.00570,pt001955,63.28674450373086,-145.42871566219006,1748.5260009765625,16.32014274597168,104.08281707763672
01.00570,pt001956,63.28674450373086,-145.4276925433642,1732.163818359375,14.714766502380371,111.74191284179688
01.00570,pt001957,63.28674450373086,-145.42666942453835,1723.046875,7.602460861206055,121.42707061767578
01.00570,pt001958,63.28674450373086,-145.4256463057125,1718.5340576171875,7.4490532875061035,117.60954284667969
01.00570,pt001959,63.28674450373086,-145.42462318688663,1711.22998046875,9.557250022888184,101.24610137939453
01.00570,pt001960,63.28674450373086,-145.42360006806078,1703.5545654296875,12.632765769958496,97.87712097167969
01.00570,pt001961,63.28674450373086,-145.42257694923492,1689.0225830078125,15.917266845703125,93.01799011230469
01.00570,pt001962,63.28674450373086,-145.42155383040907,1667.8048095703125,16.090408325195312,96.99304962158203
01.00570,pt001963,63.28674450373086,-145.4205307115832,1662.91943359375,6.914577484130859,105.39224243164062
01.00570,pt001964,63.28674450373086,-145.41950759275736,1652.5772705078125,11.271244049072266,78.9227523803711
01.00570,pt001965,63.28674450373086,-145.4184844739315,1645.66650390625,4.141763687133789,293.5882873535156
01.00570,pt001966,63.28674450373086,-145.41746135510564,1648.8040771484375,6.322035789489746,280.4617614746094
01.00570,pt001967,63.28674450373086,-145.4164382362798,1654.970947265625,7.374477386474609,251.0988311767578
01.00570,pt001968,63.28674450373086,-145.41541511745393,1660.4683837890625,7.214527606964111,248.49000549316406
01.00570,pt001969,63.28674450373086,-145.41439199862808,1664.3504638671875,5.354645252227783,215.4189910888672
01.00570,pt001970,63.28674450373086,-145.41336887980222,1667.8065185546875,5.358952045440674,221.6317901611328
01.00570,pt001971,63.28674450373086,-145.41234576097636,1670.33447265625,5.180292129516602,227.08541870117188
01.00570,pt001972,63.28674450373086,-145.4113226421505,1674.80859375,5.662491798400879,238.47817993164062
01.00570,pt001973,63.28674450373086,-145.41029952332465,1677.9471435546875,6.569049835205078,242.1119384765625
01.00570,pt001974,63.28674450373086,-145.4092764044988,1683.5689697265625,5.54240608215332,219.6071014404297
01.00570,pt001975,63.28674450373086,-145.40825328567294,1686.52392578125,5.671859264373779,206.5629119873047
01.00570,pt001976,63.28674450373086,-145.40723016684709,1688.0911865234375,5.515800476074219,205.5503387451172
01.00570,pt001977,63.28674450373086,-145.40620704802123,1690.32568359375,5.674178600311279,202.3406219482422
01.00570,pt001978,63.28674450373086,-145.40518392919537,1691.6444091796875,5.5848388671875,196.2507781982422
01.00570,pt001979,63.28674450373086,-145.40416081036952,1694.8511962890625,7.34434700012207,223.53517150878906
01.00570,pt001980,63.28674450373086,-145.40313769154366,1700.6165771484375,7.365484714508057,226.34262084960938
01.00570,pt001981,63.28674450373086,-145.4021145727178,1705.9339599609375,9.32827091217041,252.36880493164062
01.00570,pt001982,63.28674450373086,-145.40109145389195,1717.1700439453125,13.087736129760742,264.4665832519531
01.00570,pt001983,63.28674450373086,-145.4000683350661,1733.343017578125,16.708295822143555,273.241455078125
01.00570,pt001984,63.28674450373086,-145.39904521624024,1745.2275390625,16.935163497924805,276.8892517089844
01.00570,pt001985,63.28674450373086,-145.39802209741438,1768.067626953125,18.838281631469727,279.0972595214844
01.00570,pt001986,63.28674450373086,-145.39699897858853,1775.6907958984375,10.436378479003906,288.9678649902344
01.00570,pt001987,63.28674450373086,-145.39597585976267,1784.2991943359375,7.5496368408203125,297.95880126953125
01.00570,pt001988,63.28674450373086,-145.39495274093682,1789.60595703125,5.820012092590332,311.5566711425781
01.00570,pt001989,63.28674450373086,-145.39392962211096,1792.2227783203125,5.2429938316345215,321.7987976074219
01.00570,pt001990,63.28674450373086,-145.3929065032851,1794.845947265625,4.608084201812744,322.6018371582031
01.00570,pt001991,63.28674450373086,-145.39188338445925,1797.7965087890625,5.621799468994141,357.0798034667969
01.00570,pt001992,63.28674450373086,-145.3908602656334,1797.994384765625,5.5966386795043945,357.1916198730469
01.00570,pt001993,63.28674450373086,-145.38983714680754,1798.4593505859375,5.545910358428955,347.7497253417969
01.00570,pt001994,63.28674450373086,-145.38881402798168,1799.60400390625,5.631174564361572,342.04833984375
01.00570,pt001995,63.28674450373086,-145.38779090915583,1801.935302734375,5.936529636383057,328.63055419921875
01.00570,pt001996,63.28674450373086,-145.38676779032997,1808.777587890625,9.27341365814209,268.0841979980469
01.00570,pt001997,63.28674450373086,-145.3857446715041,1815.6240234375,10.486090660095215,265.072509765625
01.00570,pt001998,63.28674450373086,-145.38472155267826,1827.7734375,13.115410804748535,258.74713134765625
01.00570,pt001999,63.28674450373086,-145.3836984338524,1837.157958984375,14.274087905883789,259.53887939453125
01.00570,pt002000,63.28674450373086,-145.38267531502655,1851.2537841796875,14.118168830871582,255.09011840820312
01.00570,pt002001,63.28674450373086,-145.3816521962007,1864.6949462890625,16.475317001342773,254.43185424804688
01.00570,pt002002,63.28674450373086,-145.38062907737483,1876.215087890625,12.048524856567383,251.033203125
01.00570,pt002003,63.28674450373086,-145.37960595854898,1882.000244140625,6.184233665466309,229.64219665527344
01.00570,pt002004,63.28674450373086,-145.37858283972312,1885.16357421875,5.194667816162109,206.94793701171875
01.00570,pt002005,63.28674450373086,-145.37755972089727,1886.81201171875,5.341536521911621,216.8874969482422
01.00570,pt002006,63.28674450373086,-145.3765366020714,1890.3785400390625,5.464529514312744,200.7570037841797
01.00570,pt002007,63.28674450373086,-145.37551348324556,1891.090087890625,6.69921350479126,226.11288452148438
01.00570,pt002008,63.28674450373086,-145.3744903644197,1898.054443359375,6.416697025299072,230.531005859375
01.00570,pt002009,63.28674450373086,-145.37346724559384,1903.2420654296875,5.429075241088867,238.72244262695312
01.00570,pt002010,63.28674450373086,-145.372444126768,1906.7744140625,5.199519634246826,248.70602416992188
01.00570,pt002011,63.28674450373086,-145.37142100794213,1912.4376220703125,8.311497688293457,249.65896606445312
01.00570,pt002012,63.28674450373086,-145.37039788911628,1919.6490478515625,13.636412620544434,271.1407775878906
01.00570,pt002013,63.28674450373086,-145.36937477029042,1942.3565673828125,26.03626823425293,259.9922790527344
01.00570,pt002014,63.28674450373086,-145.36835165146456,1966.8763427734375,24.667448043823242,229.68832397460938
01.00570,pt002015,63.287767622556714,-145.49419526704483,2117.2705078125,20.853363037109375,172.0601348876953
01.00570,pt002016,63.287767622556714,-145.49317214821897,2116.466796875,19.923805236816406,121.62678527832031
01.00570,pt002017,63.287767622556714,-145.49214902939312,2094.892822265625,33.74611282348633,110.12179565429688
01.00570,pt002018,63.287767622556714,-145.49112591056726,2061.049072265625,24.56734848022461,115.5925064086914
01.00570,pt002019,63.287767622556714,-145.4901027917414,2050.082763671875,16.211366653442383,125.60550689697266
01.00570,pt002020,63.287767622556714,-145.48907967291555,2038.1636962890625,11.578791618347168,125.80718994140625
01.00570,pt002021,63.287767622556714,-145.4880565540897,2030.42529296875,5.286313533782959,116.32710266113281
01.00570,pt002022,63.287767622556714,-145.48703343526384,2028.8590087890625,3.562420129776001,225.6174774169922
01.00570,pt002023,63.287767622556714,-145.48601031643798,2032.9691162109375,6.701504707336426,215.14486694335938
01.00570,pt002024,63.287767622556714,-145.48498719761213,2035.1441650390625,6.520142078399658,203.63375854492188
01.00570,pt002025,63.287767622556714,-145.48396407878627,2036.98779296875,6.768846035003662,193.08253479003906
01.00570,pt002026,63.287767622556714,-145.48294095996042,2038.61572265625,7.902227878570557,194.3324432373047
01.00570,pt002027,63.287767622556714,-145.48191784113456,2039.4775390625,9.317760467529297,191.5979461669922
01.00570,pt002028,63.287767622556714,-145.4808947223087,2039.20458984375,11.793416023254395,169.19773864746094
01.00570,pt002029,63.287767622556714,-145.47987160348285,2034.80859375,13.146231651306152,170.07293701171875
01.00570,pt002030,63.287767622556714,-145.478848484657,2032.658203125,13.8551025390625,151.639404296875
01.00570,pt002031,63.287767622556714,-145.47782536583114,2025.9796142578125,11.107027053833008,153.66932678222656
01.00570,pt002032,63.287767622556714,-145.47680224700528,2024.082763671875,7.333141326904297,170.84523010253906
01.00570,pt002033,63.287767622556714,-145.47577912817943,2025.7357177734375,8.836933135986328,207.18739318847656
01.00570,pt002034,63.287767622556714,-145.47475600935357,2040.12548828125,20.330791473388672,237.0664825439453
01.00570,pt002035,63.287767622556714,-145.4737328905277,2049.757568359375,16.74201202392578,231.05130004882812
01.00570,pt002036,63.287767622556714,-145.47270977170186,2064.9326171875,15.630243301391602,246.66685485839844
01.00570,pt002037,63.287767622556714,-145.471686652876,2074.68505859375,13.813915252685547,235.30885314941406
01.00570,pt002038,63.287767622556714,-145.47066353405015,2079.829833984375,10.173028945922852,127.28895568847656
01.00570,pt002039,63.287767622556714,-145.4696404152243,2065.446044921875,25.763525009155273,104.8768081665039
01.00570,pt002040,63.287767622556714,-145.46861729639843,2039.761962890625,32.17839813232422,116.91936492919922
01.00570,pt002041,63.287767622556714,-145.46759417757258,2017.626220703125,25.647647857666016,137.33775329589844
01.00570,pt002042,63.287767622556714,-145.46657105874672,2002.2261962890625,18.247419357299805,156.3572540283203
01.00570,pt002043,63.287767622556714,-145.46554793992087,2001.948486328125,13.91475772857666,185.83258056640625
01.00570,pt002044,63.287767622556714,-145.464524821095,2008.1385498046875,12.826623916625977,196.83689880371094
01.00570,pt002045,63.287767622556714,-145.46350170226916,2009.1856689453125,12.777079582214355,189.82781982421875
01.00570,pt002046,63.287767622556714,-145.4624785834433,2009.3983154296875,14.269112586975098,175.53424072265625
01.00570,pt002047,63.287767622556714,-145.46145546461744,2008.59619140625,15.883560180664062,181.76744079589844
01.00570,pt002048,63.287767622556714,-145.4604323457916,2008.5709228515625,15.992143630981445,178.57443237304688
01.00570,pt002049,63.287767622556714,-145.45940922696573,2010.06982421875,13.351651191711426,192.27984619140625
01.00570,pt002050,63.287767622556714,-145.45838610813988,2012.6810302734375,11.99659538269043,197.79600524902344
01.00570,pt002051,63.287767622556714,-145.45736298931402,2022.9693603515625,27.216758728027344,250.87684631347656
01.00570,pt002052,63.287767622556714,-145.45633987048816,2059.465087890625,26.625438690185547,257.4312438964844
01.00570,pt002053,63.287767622556714,-145.4532705140106,2008.4422607421875,30.42656707763672,86.59767150878906
01.00570,pt002054,63.287767622556714,-145.45224739518474,1990.0006103515625,18.910846710205078,104.58207702636719
01.00570,pt002055,63.287767622556714,-145.4512242763589,1976.862060546875,11.470491409301758,135.50015258789062
01.00570,pt002056,63.287767622556714,-145.45020115753303,1973.3922119140625,7.47358512878418,165.8163604736328
01.00570,pt002057,63.287767622556714,-145.44917803870717,1971.7169189453125,6.317907810211182,152.4944305419922
01.00570,pt002058,63.287767622556714,-145.44815491988132,1968.14111328125,8.062155723571777,135.32781982421875
01.00570,pt002059,63.287767622556714,-145.44713180105546,1963.1495361328125,11.271318435668945,133.65982055664062
01.00570,pt002060,63.287767622556714,-145.4461086822296,1954.7103271484375,13.246514320373535,143.68003845214844
01.00570,pt002061,63.287767622556714,-145.44508556340375,1950.92822265625,16.381261825561523,158.80738830566406
01.00570,pt002062,63.287767622556714,-145.4440624445779,1941.64990234375,20.294601440429688,144.734130859375
01.00570,pt002063,63.287767622556714,-145.44303932575204,1924.0135498046875,26.918731689453125,142.0109100341797
01.00570,pt002064,63.287767622556714,-145.44201620692618,1909.948974609375,26.11067008972168,146.33152770996094
01.00570,pt002065,63.287767622556714,-145.44099308810033,1895.77294921875,20.205202102661133,155.871826171875
01.00570,pt002066,63.287767622556714,-145.43996996927447,1887.2420654296875,19.275146484375,139.8336639404297
01.00570,pt002067,63.287767622556714,-145.43894685044862,1873.285888671875,17.926681518554688,117.82958221435547
01.00570,pt002068,63.287767622556714,-145.43792373162276,1858.5467529296875,12.904484748840332,97.84701538085938
01.00570,pt002069,63.287767622556714,-145.4369006127969,1853.0521240234375,10.263981819152832,35.48908615112305
01.00570,pt002070,63.287767622556714,-145.43587749397105,1847.554931640625,10.408930778503418,57.50082015991211
01.00570,pt002071,63.287767622556714,-145.4348543751452,1841.3741455078125,7.567333221435547,55.129539489746094
01.00570,pt002072,63.287767622556714,-145.43383125631934,1835.0645751953125,19.75027084350586,81.56242370605469
01.00570,pt002073,63.287767622556714,-145.43280813749348,1812.343505859375,16.162559509277344,80.05197143554688
01.00570,pt002074,63.287767622556714,-145.43178501866763,1800.779052734375,16.848033905029297,80.69815826416016
01.00570,pt002075,63.287767622556714,-145.43076189984177,1783.436767578125,16.694149017333984,89.14950561523438
01.00570,pt002076,63.287767622556714,-145.4297387810159,1765.5301513671875,15.834293365478516,94.58961486816406
01.00570,pt002077,63.287767622556714,-145.42871566219006,1755.67236328125,13.895466804504395,113.20455932617188
01.00570,pt002078,63.287767622556714,-145.4276925433642,1740.8345947265625,15.654017448425293,114.05035400390625
01.00570,pt002079,63.287767622556714,-145.42666942453835,1729.596923828125,9.534400939941406,115.28181457519531
01.00570,pt002080,63.287767622556714,-145.4256463057125,1723.8717041015625,9.2308349609375,111.48663330078125
01.00570,pt002081,63.287767622556714,-145.42462318688663,1713.595458984375,11.82178783416748,97.73478698730469
01.00570,pt002082,63.287767622556714,-145.42360006806078,1704.4620361328125,14.161377906799316,90.87645721435547
01.00570,pt002083,63.287767622556714,-145.42257694923492,1688.4915771484375,16.403663635253906,83.06121826171875
01.00570,pt002084,63.287767622556714,-145.42155383040907,1669.2044677734375,17.655372619628906,90.67974853515625
01.00570,pt002085,63.287767622556714,-145.41746135510564,1645.5947265625,10.708513259887695,278.2583312988281
01.00570,pt002086,63.287767622556714,-145.4164382362798,1656.2760009765625,11.781981468200684,276.4920959472656
01.00570,pt002087,63.287767622556714,-145.41541511745393,1664.9051513671875,9.547531127929688,251.60487365722656
01.00570,pt002088,63.287767622556714,-145.41439199862808,1670.0032958984375,5.152372360229492,235.11624145507812
01.00570,pt002089,63.287767622556714,-145.41336887980222,1673.85302734375,4.773265838623047,230.25244140625
01.00570,pt002090,63.287767622556714,-145.41234576097636,1676.088623046875,4.595981121063232,226.16390991210938
01.00570,pt002091,63.287767622556714,-145.4113226421505,1679.52734375,4.63083028793335,234.40748596191406
01.00570,pt002092,63.287767622556714,-145.41029952332465,1682.117431640625,6.710366249084473,243.99928283691406
01.00570,pt002093,63.287767622556714,-145.4092764044988,1688.90771484375,5.228124141693115,231.6001739501953
01.00570,pt002094,63.287767622556714,-145.40825328567294,1692.8040771484375,4.797647476196289,235.3502197265625
01.00570,pt002095,63.287767622556714,-145.40723016684709,1694.9058837890625,4.621197700500488,213.78546142578125
01.00570,pt002096,63.287767622556714,-145.40620704802123,1697.821533203125,4.954726696014404,226.43409729003906
01.00570,pt002097,63.287767622556714,-145.40518392919537,1699.32177734375,4.75074577331543,204.7481231689453
01.00570,pt002098,63.287767622556714,-145.40416081036952,1702.6268310546875,7.129545211791992,237.0262908935547
01.00570,pt002099,63.287767622556714,-145.40313769154366,1708.005615234375,7.0621724128723145,227.61390686035156
01.00570,pt002100,63.287767622556714,-145.4021145727178,1712.025634765625,8.47484302520752,236.2485809326172
01.00570,pt002101,63.287767622556714,-145.40109145389195,1721.1590576171875,10.963334083557129,252.23745727539062
01.00570,pt002102,63.287767622556714,-145.4000683350661,1733.46826171875,12.829246520996094,268.012939453125
01.00570,pt002103,63.287767622556714,-145.39904521624024,1742.501708984375,13.547390937805176,274.7026062011719
01.00570,pt002104,63.287767622556714,-145.39802209741438,1761.75830078125,16.962018966674805,287.7616882324219
01.00570,pt002105,63.287767622556714,-145.39699897858853,1768.5933837890625,10.99770736694336,302.8813781738281
01.00570,pt002106,63.287767622556714,-145.39597585976267,1776.6151123046875,8.802334785461426,314.0575866699219
01.00570,pt002107,63.287767622556714,-145.39495274093682,1781.6314697265625,8.17309284210205,330.1070556640625
01.00570,pt002108,63.287767622556714,-145.39392962211096,1784.142578125,8.029943466186523,345.08343505859375
01.00570,pt002109,63.287767622556714,-145.3929065032851,1786.6142578125,7.4384918212890625,346.95849609375
01.00570,pt002110,63.287767622556714,-145.39188338445925,1787.7628173828125,7.544190883636475,354.1034240722656
01.00570,pt002111,63.287767622556714,-145.3908602656334,1787.9825439453125,7.521730899810791,354.7518005371094
01.00570,pt002112,63.287767622556714,-145.38983714680754,1789.1585693359375,7.806302547454834,354.8897399902344
01.00570,pt002113,63.287767622556714,-145.38881402798168,1789.7442626953125,7.851852893829346,353.8879699707031
01.00570,pt002114,63.287767622556714,-145.38779090915583,1793.31640625,9.886316299438477,315.29962158203125
01.00570,pt002115,63.287767622556714,-145.38676779032997,1807.3311767578125,14.077893257141113,272.36871337890625
01.00570,pt002116,63.287767622556714,-145.3857446715041,1815.6055908203125,11.587573051452637,278.06622314453125
01.00570,pt002117,63.287767622556714,-145.38472155267826,1826.796142578125,12.069424629211426,306.3562316894531
01.00570,pt002118,63.287767622556714,-145.3836984338524,1834.51611328125,14.751900672912598,306.65814208984375
01.00570,pt002119,63.287767622556714,-145.38267531502655,1849.98974609375,16.53427505493164,304.04302978515625
01.00570,pt002120,63.287767622556714,-145.3816521962007,1865.4832763671875,17.84697723388672,290.8003845214844
01.00570,pt002121,63.287767622556714,-145.38062907737483,1876.764892578125,12.44136905670166,296.83135986328125
01.00570,pt002122,63.287767622556714,-145.37960595854898,1885.2188720703125,7.2618794441223145,257.0644226074219
01.00570,pt002123,63.287767622556714,-145.37858283972312,1889.51123046875,3.028747797012329,241.42892456054688
01.00570,pt002124,63.287767622556714,-145.37755972089727,1891.0780029296875,2.9076406955718994,243.0956573486328
01.00570,pt002125,63.287767622556714,-145.3765366020714,1894.392333984375,3.3489480018615723,221.1699981689453
01.00570,pt002126,63.287767622556714,-145.37551348324556,1895.2142333984375,5.126900672912598,243.68263244628906
01.00570,pt002127,63.287767622556714,-145.3744903644197,1902.1859130859375,5.975865364074707,219.9149627685547
01.00570,pt002128,63.287767622556714,-145.37346724559384,1906.5821533203125,5.625168323516846,228.923828125
01.00570,pt002129,63.287767622556714,-145.372444126768,1909.92626953125,8.239494323730469,221.684326171875
01.00570,pt002130,63.287767622556714,-145.37142100794213,1920.5003662109375,22.12152671813965,219.99630737304688
01.00570,pt002131,63.28879074138257,-145.4952183858707,2170.66015625,39.998416900634766,175.6112823486328
01.00570,pt002132,63.28879074138257,-145.49419526704483,2166.068115234375,32.799068450927734,174.3185272216797
01.00570,pt002133,63.28879074138257,-145.49317214821897,2156.431396484375,27.745933532714844,122.49864196777344
01.00570,pt002134,63.28879074138257,-145.49214902939312,2132.566650390625,36.32483673095703,116.3479232788086
01.00570,pt002135,63.28879074138257,-145.49112591056726,2100.705810546875,32.48052215576172,130.78912353515625
01.00570,pt002136,63.28879074138257,-145.4901027917414,2085.043701171875,28.08730697631836,134.89456176757812
01.00570,pt002137,63.28879074138257,-145.48907967291555,2066.6376953125,22.26611328125,137.78903198242188
01.00570,pt002138,63.28879074138257,-145.4880565540897,2054.759521484375,21.5345458984375,156.37583923339844
01.00570,pt002139,63.28879074138257,-145.48703343526384,2048.588623046875,19.676515579223633,158.04464721679688
01.00570,pt002140,63.28879074138257,-145.48601031643798,2045.8330078125,7.7847981452941895,205.76638793945312
01.00570,pt002141,63.28879074138257,-145.48498719761213,2047.870849609375,6.704962730407715,208.9584503173828
01.00570,pt002142,63.28879074138257,-145.48396407878627,2051.215087890625,7.6379804611206055,210.53982543945312
01.00570,pt002143,63.28879074138257,-145.48294095996042,2055.385986328125,7.7401509284973145,209.84376525878906
01.00570,pt002144,63.28879074138257,-145.48191784113456,2058.213623046875,8.1260986328125,210.1782989501953
01.00570,pt002145,63.28879074138257,-145.4808947223087,2062.411376953125,8.94309139251709,209.29148864746094
01.00570,pt002146,63.28879074138257,-145.47987160348285,2062.6376953125,11.465837478637695,174.00596618652344
01.00570,pt002147,63.28879074138257,-145.478848484657,2061.6318359375,13.157743453979492,164.98580932617188
01.00570,pt002148,63.28879074138257,-145.47782536583114,2057.101806640625,18.402729034423828,164.1097412109375
01.00570,pt002149,63.28879074138257,-145.47680224700528,2053.281982421875,20.922149658203125,172.1302947998047
01.00570,pt002150,63.28879074138257,-145.47577912817943,2056.857177734375,21.453662872314453,202.3201141357422
01.00570,pt002151,63.28879074138257,-145.47475600935357,2069.753173828125,17.11492347717285,220.2887725830078
01.00570,pt002152,63.28879074138257,-145.4737328905277,2074.383544921875,15.185775756835938,210.42486572265625
01.00570,pt002153,63.28879074138257,-145.47270977170186,2084.129638671875,14.450645446777344,215.9541015625
01.00570,pt002154,63.28879074138257,-145.471686652876,2088.5302734375,8.556498527526855,193.50279235839844
01.00570,pt002155,63.28879074138257,-145.47066353405015,2085.790283203125,6.993554592132568,106.59479522705078
01.00570,pt002156,63.28879074138257,-145.4696404152243,2077.68408203125,13.080696105957031,111.90704345703125
01.00570,pt002157,63.28879074138257,-145.46861729639843,2066.246337890625,17.738113403320312,120.56411743164062
01.00570,pt002158,63.28879074138257,-145.46759417757258,2054.475341796875,15.32199478149414,138.3011932373047
01.00570,pt002159,63.28879074138257,-145.46657105874672,2042.6126708984375,18.59541893005371,141.0309600830078
01.00570,pt002160,63.28879074138257,-145.46554793992087,2035.626220703125,16.514999389648438,150.27456665039062
01.00570,pt002161,63.28879074138257,-145.464524821095,2031.681884765625,10.632220268249512,172.7414093017578
01.00570,pt002162,63.28879074138257,-145.46350170226916,2031.367431640625,9.779587745666504,179.91746520996094
01.00570,pt002163,63.28879074138257,-145.4624785834433,2032.05029296875,8.60702133178711,195.34042358398438
01.00570,pt002164,63.28879074138257,-145.46145546461744,2034.43408203125,9.368797302246094,192.03160095214844
01.00570,pt002165,63.28879074138257,-145.4604323457916,2035.693115234375,9.87241268157959,186.21910095214844
01.00570,pt002166,63.28879074138257,-145.45940922696573,2035.2362060546875,10.737325668334961,178.78109741210938
01.00570,pt002167,63.28879074138257,-145.45838610813988,2035.8228759765625,12.679129600524902,188.29103088378906
01.00570,pt002168,63.28879074138257,-145.45736298931402,2044.6942138671875,24.729873657226562,237.20721435546875
01.00570,pt002169,63.28879074138257,-145.4553167516623,2063.757568359375,16.49177360534668,99.41255187988281
01.00570,pt002170,63.28879074138257,-145.45429363283645,2037.7210693359375,26.869356155395508,91.92909240722656
01.00570,pt002171,63.28879074138257,-145.4532705140106,2012.3818359375,16.68462371826172,95.91950988769531
01.00570,pt002172,63.28879074138257,-145.45224739518474,2004.1153564453125,10.45522403717041,124.58441925048828
01.00570,pt002173,63.28879074138257,-145.4512242763589,1995.6622314453125,10.639542579650879,135.69189453125
01.00570,pt002174,63.28879074138257,-145.45020115753303,1992.051513671875,8.447469711303711,162.07264709472656
01.00570,pt002175,63.28879074138257,-145.44917803870717,1988.6744384765625,10.066129684448242,139.69815063476562
01.00570,pt002176,63.28879074138257,-145.44815491988132,1981.6568603515625,9.576783180236816,142.84523010253906
01.00570,pt002177,63.28879074138257,-145.44713180105546,1978.96728515625,9.305765151977539,159.38931274414062
01.00570,pt002178,63.28879074138257,-145.4461086822296,1977.5877685546875,11.420565605163574,174.0597381591797
01.00570,pt002179,63.28879074138257,-145.44508556340375,1974.5384521484375,11.755736351013184,141.00616455078125
01.00570,pt002180,63.28879074138257,-145.4440624445779,1966.8348388671875,9.157383918762207,121.16877746582031
01.00570,pt002181,63.28879074138257,-145.44303932575204,1960.8270263671875,6.291259765625,121.99774169921875
01.00570,pt002182,63.28879074138257,-145.44201620692618,1957.468017578125,9.208660125732422,134.3435516357422
01.00570,pt002183,63.28879074138257,-145.44099308810033,1948.4395751953125,15.5702486038208,138.47860717773438
01.00570,pt002184,63.28879074138257,-145.43996996927447,1936.51123046875,20.902477264404297,125.11433410644531
01.00570,pt002185,63.28879074138257,-145.43894685044862,1921.69287109375,24.77507972717285,122.69349670410156
01.00570,pt002186,63.28879074138257,-145.43792373162276,1896.2022705078125,33.658206939697266,137.790283203125
01.00570,pt002187,63.28879074138257,-145.4369006127969,1880.758544921875,29.32875633239746,144.6324462890625
01.00570,pt002188,63.28879074138257,-145.43587749397105,1865.62841796875,22.759521484375,154.08734130859375
01.00570,pt002189,63.28879074138257,-145.4348543751452,1859.5396728515625,19.204317092895508,166.65089416503906
01.00570,pt002190,63.28879074138257,-145.43383125631934,1853.4886474609375,30.933324813842773,125.43097686767578
01.00570,pt002191,63.28879074138257,-145.43280813749348,1821.5555419921875,23.53179168701172,145.15733337402344
01.00570,pt002192,63.28879074138257,-145.43178501866763,1811.13134765625,25.389484405517578,141.72535705566406
01.00570,pt002193,63.28879074138257,-145.43076189984177,1788.6278076171875,25.137020111083984,132.42979431152344
01.00570,pt002194,63.28879074138257,-145.4297387810159,1772.866455078125,15.41795825958252,135.3919677734375
01.00570,pt002195,63.28879074138257,-145.42871566219006,1766.479736328125,12.01726245880127,140.89315795898438
01.00570,pt002196,63.28879074138257,-145.4276925433642,1756.918212890625,14.42953872680664,133.40049743652344
01.00570,pt002197,63.28879074138257,-145.42666942453835,1745.7169189453125,15.329984664916992,147.87274169921875
01.00570,pt002198,63.28879074138257,-145.4256463057125,1741.2606201171875,18.587665557861328,172.1508331298828
01.00570,pt002199,63.28879074138257,-145.41541511745393,1672.2596435546875,18.52482795715332,118.98377227783203
01.00570,pt002200,63.28879074138257,-145.41439199862808,1675.949462890625,5.65761661529541,229.9371795654297
01.00570,pt002201,63.28879074138257,-145.41336887980222,1679.5255126953125,4.269269943237305,220.15573120117188
01.00570,pt002202,63.28879074138257,-145.41234576097636,1681.6785888671875,4.1501641273498535,243.18881225585938
01.00570,pt002203,63.28879074138257,-145.4113226421505,1685.1951904296875,4.0076727867126465,236.22010803222656
01.00570,pt002204,63.28879074138257,-145.41029952332465,1687.4700927734375,6.09564733505249,252.702880859375
01.00570,pt002205,63.28879074138257,-145.4092764044988,1693.9708251953125,4.848877429962158,243.3203125
01.00570,pt002206,63.28879074138257,-145.40825328567294,1698.046875,4.246925354003906,248.4231719970703
01.00570,pt002207,63.28879074138257,-145.40723016684709,1700.9217529296875,4.743849754333496,248.6564178466797
01.00570,pt002208,63.28879074138257,-145.40620704802123,1705.4849853515625,4.349959850311279,246.5760498046875
01.00570,pt002209,63.28879074138257,-145.40518392919537,1707.1075439453125,3.7780344486236572,210.49903869628906
01.00570,pt002210,63.28879074138257,-145.40416081036952,1710.4091796875,6.373124599456787,237.2980194091797
01.00570,pt002211,63.28879074138257,-145.40313769154366,1715.677490234375,5.371806621551514,235.42111206054688
01.00570,pt002212,63.28879074138257,-145.4021145727178,1719.1712646484375,5.914538383483887,254.01893615722656
01.00570,pt002213,63.28879074138257,-145.40109145389195,1725.5107421875,7.01052188873291,267.44012451171875
01.00570,pt002214,63.28879074138257,-145.4000683350661,1733.070068359375,7.3758087158203125,275.6934814453125
01.00570,pt002215,63.28879074138257,-145.39904521624024,1738.4669189453125,10.411523818969727,277.134033203125
01.00570,pt002216,63.28879074138257,-145.39802209741438,1749.5960693359375,8.722566604614258,297.83282470703125
01.00570,pt002217,63.28879074138257,-145.39699897858853,1754.1640625,7.55905294418335,302.90423583984375
01.00570,pt002218,63.28879074138257,-145.39597585976267,1759.778564453125,6.778323173522949,309.3973083496094
01.00570,pt002219,63.28879074138257,-145.39495274093682,1764.4344482421875,6.437347412109375,318.5081787109375
01.00570,pt002220,63.28879074138257,-145.39392962211096,1767.1650390625,5.487748146057129,322.717041015625
01.00570,pt002221,63.28879074138257,-145.3929065032851,1770.9832763671875,5.105122089385986,304.81390380859375
01.00570,pt002222,63.28879074138257,-145.39188338445925,1773.7484130859375,2.4579861164093018,300.7073669433594
01.00570,pt002223,63.28879074138257,-145.3908602656334,1774.1749267578125,2.32810378074646,295.65667724609375
01.00570,pt002224,63.28879074138257,-145.38983714680754,1777.6654052734375,3.2285878658294678,280.1195983886719
01.00570,pt002225,63.28879074138257,-145.38881402798168,1779.7659912109375,4.010127067565918,279.2117919921875
01.00570,pt002226,63.28879074138257,-145.38779090915583,1785.10791015625,9.403302192687988,291.900634765625
01.00570,pt002227,63.28879074138257,-145.38676779032997,1800.9266357421875,16.34625244140625,292.95941162109375
01.00570,pt002228,63.28879074138257,-145.3857446715041,1808.5882568359375,11.232233047485352,298.18023681640625
01.00570,pt002229,63.28879074138257,-145.38472155267826,1817.0491943359375,8.601628303527832,261.1520080566406
01.00570,pt002230,63.28879074138257,-145.3836984338524,1823.5704345703125,13.982452392578125,243.76626586914062
01.00570,pt002231,63.28879074138257,-145.38267531502655,1840.9788818359375,17.156675338745117,261.9207763671875
01.00570,pt002232,63.28879074138257,-145.3816521962007,1858.159912109375,22.210844039916992,276.8177795410156
01.00570,pt002233,63.28879074138257,-145.38062907737483,1876.31640625,18.673181533813477,272.7204284667969
01.00570,pt002234,63.28879074138257,-145.37960595854898,1888.4825439453125,9.541854858398438,255.7678680419922
01.00570,pt002235,63.28879074138257,-145.37858283972312,1895.41064453125,7.912710666656494,228.78515625
01.00570,pt002236,63.28879074138257,-145.37755972089727,1899.8153076171875,10.172111511230469,220.1052703857422
01.00570,pt002237,63.28879074138257,-145.3765366020714,1907.7110595703125,10.956400871276855,202.9825897216797
01.00570,pt002238,63.28879074138257,-145.37551348324556,1909.42529296875,11.491974830627441,214.8919219970703
01.00570,pt002239,63.28879074138257,-145.3744903644197,1920.637451171875,16.398008346557617,214.91770935058594
01.00570,pt002240,63.28879074138257,-145.37346724559384,1938.7275390625,36.166709899902344,221.18048095703125
01.00570,pt002241,63.289813860208426,-145.4880565540897,2081.394775390625,17.08943748474121,160.03555297851562
01.00570,pt002242,63.289813860208426,-145.48703343526384,2076.405517578125,20.223623275756836,135.6919403076172
01.00570,pt002243,63.289813860208426,-145.48601031643798,2061.6005859375,15.249368667602539,163.5310821533203
01.00570,pt002244,63.289813860208426,-145.48498719761213,2059.9296875,10.444967269897461,178.5866241455078
01.00570,pt002245,63.289813860208426,-145.48396407878627,2061.705810546875,8.356931686401367,202.6554718017578
01.00570,pt002246,63.289813860208426,-145.48294095996042,2065.37646484375,7.525198459625244,204.7752685546875
01.00570,pt002247,63.289813860208426,-145.48191784113456,2067.525390625,6.086236953735352,207.88023376464844
01.00570,pt002248,63.289813860208426,-145.4808947223087,2071.49560546875,7.038516521453857,238.33555603027344
01.00570,pt002249,63.289813860208426,-145.47987160348285,2076.9931640625,5.637726783752441,213.15692138671875
01.00570,pt002250,63.289813860208426,-145.478848484657,2078.576416015625,8.220476150512695,212.24668884277344
01.00570,pt002251,63.289813860208426,-145.47782536583114,2083.792236328125,13.902277946472168,196.95533752441406
01.00570,pt002252,63.289813860208426,-145.47680224700528,2086.168212890625,16.0847225189209,195.08824157714844
01.00570,pt002253,63.289813860208426,-145.47577912817943,2091.88134765625,18.49307632446289,196.94033813476562
01.00570,pt002254,63.289813860208426,-145.47475600935357,2097.442626953125,18.37168312072754,193.64427185058594
01.00570,pt002255,63.289813860208426,-145.4737328905277,2100.446533203125,16.83289909362793,195.5419464111328
01.00570,pt002256,63.289813860208426,-145.47270977170186,2106.39453125,10.443541526794434,196.5364227294922
01.00570,pt002257,63.289813860208426,-145.471686652876,2103.83154296875,10.238205909729004,136.53997802734375
01.00570,pt002258,63.289813860208426,-145.47066353405015,2096.599853515625,10.415407180786133,145.0448760986328
01.00570,pt002259,63.289813860208426,-145.4696404152243,2089.922119140625,12.75003719329834,130.33839416503906
01.00570,pt002260,63.289813860208426,-145.46861729639843,2081.119140625,14.075725555419922,124.34574890136719
01.00570,pt002261,63.289813860208426,-145.46759417757258,2072.7216796875,11.668842315673828,142.67868041992188
01.00570,pt002262,63.289813860208426,-145.46657105874672,2065.460693359375,14.621204376220703,148.62667846679688
01.00570,pt002263,63.289813860208426,-145.46554793992087,2059.630615234375,16.264970779418945,148.54127502441406
01.00570,pt002264,63.289813860208426,-145.464524821095,2053.442626953125,15.734429359436035,170.57366943359375
01.00570,pt002265,63.289813860208426,-145.46350170226916,2052.3681640625,15.8566312789917,165.88815307617188
01.00570,pt002266,63.289813860208426,-145.4624785834433,2049.0166015625,13.067876815795898,178.15101623535156
01.00570,pt002267,63.289813860208426,-145.46145546461744,2049.0888671875,9.80862045288086,187.35264587402344
01.00570,pt002268,63.289813860208426,-145.4604323457916,2050.0205078125,8.704719543457031,189.91925048828125
01.00570,pt002269,63.289813860208426,-145.45940922696573,2050.83984375,8.995022773742676,188.6386260986328
01.00570,pt002270,63.289813860208426,-145.45838610813988,2052.302001953125,9.11172103881836,202.72703552246094
01.00570,pt002271,63.289813860208426,-145.45736298931402,2061.860107421875,21.632043838500977,251.7461700439453
01.00570,pt002272,63.289813860208426,-145.45633987048816,2084.891357421875,11.942224502563477,218.10943603515625
01.00570,pt002273,63.289813860208426,-145.4553167516623,2072.75244140625,26.426862716674805,85.75304412841797
01.00570,pt002274,63.289813860208426,-145.45429363283645,2038.4361572265625,23.92669105529785,93.76141357421875
01.00570,pt002275,63.289813860208426,-145.4532705140106,2020.8455810546875,13.919258117675781,115.5225601196289
01.00570,pt002276,63.289813860208426,-145.45224739518474,2014.3829345703125,11.789024353027344,145.6192169189453
01.00570,pt002277,63.289813860208426,-145.4512242763589,2007.85302734375,10.357463836669922,145.80947875976562
01.00570,pt002278,63.289813860208426,-145.45020115753303,2004.787353515625,8.49135971069336,165.5231475830078
01.00570,pt002279,63.289813860208426,-145.44917803870717,2000.93310546875,10.08295726776123,140.19085693359375
01.00570,pt002280,63.289813860208426,-145.44815491988132,1994.5975341796875,8.969884872436523,150.1009063720703
01.00570,pt002281,63.289813860208426,-145.44713180105546,1993.6611328125,9.261734008789062,177.68231201171875
01.00570,pt002282,63.289813860208426,-145.4461086822296,1995.2861328125,10.917071342468262,185.96629333496094
01.00570,pt002283,63.289813860208426,-145.44508556340375,1992.24609375,13.702573776245117,141.0631561279297
01.00570,pt002284,63.289813860208426,-145.4440624445779,1980.83203125,16.02298355102539,126.92842864990234
01.00570,pt002285,63.289813860208426,-145.44303932575204,1967.77490234375,11.29129695892334,122.02490234375
01.00570,pt002286,63.289813860208426,-145.44201620692618,1963.0587158203125,5.537665367126465,123.31443786621094
01.00570,pt002287,63.289813860208426,-145.44099308810033,1958.33056640625,8.578617095947266,113.37334442138672
01.00570,pt002288,63.289813860208426,-145.43996996927447,1947.1715087890625,18.05874252319336,107.95690155029297
01.00570,pt002289,63.289813860208426,-145.43894685044862,1933.2000732421875,16.541826248168945,108.28299713134766
01.00570,pt002290,63.289813860208426,-145.43792373162276,1917.831787109375,19.35745620727539,106.5581283569336
01.00570,pt002291,63.289813860208426,-145.4369006127969,1903.2720947265625,20.791513442993164,111.39849090576172
01.00570,pt002292,63.289813860208426,-145.43587749397105,1886.801025390625,14.930118560791016,128.0309295654297
01.00570,pt002293,63.289813860208426,-145.4348543751452,1879.5594482421875,11.037206649780273,141.24986267089844
01.00570,pt002294,63.289813860208426,-145.43383125631934,1872.10009765625,23.221763610839844,112.36111450195312
01.00570,pt002295,63.289813860208426,-145.43280813749348,1848.129638671875,18.32813262939453,127.06333923339844
01.00570,pt002296,63.289813860208426,-145.43178501866763,1838.34130859375,18.698871612548828,129.21249389648438
01.00570,pt002297,63.289813860208426,-145.43076189984177,1821.82421875,22.696439743041992,131.27745056152344
01.00570,pt002298,63.289813860208426,-145.4297387810159,1803.1868896484375,24.257509231567383,135.2843780517578
01.00570,pt002299,63.289813860208426,-145.42871566219006,1791.8846435546875,22.932756423950195,144.00794982910156
01.00570,pt002300,63.289813860208426,-145.4276925433642,1777.6661376953125,19.787504196166992,147.5029296875
01.00570,pt002301,63.289813860208426,-145.42666942453835,1773.7977294921875,24.464750289916992,200.22752380371094
01.00570,pt002302,63.289813860208426,-145.4205307115832,1754.2786865234375,11.158766746520996,220.02395629882812
01.00570,pt002303,63.289813860208426,-145.41950759275736,1756.61962890625,12.307840347290039,180.14996337890625
01.00570,pt002304,63.289813860208426,-145.41439199862808,1684.5615234375,8.912304878234863,152.2925262451172
01.00570,pt002305,63.289813860208426,-145.41336887980222,1684.1558837890625,4.67091703414917,209.64710998535156
01.00570,pt002306,63.289813860208426,-145.41234576097636,1686.421875,4.290454387664795,229.13272094726562
01.00570,pt002307,63.289813860208426,-145.4113226421505,1689.4991455078125,4.244319915771484,219.58197021484375
01.00570,pt002308,63.289813860208426,-145.41029952332465,1691.247314453125,5.150392532348633,242.08843994140625
01.00570,pt002309,63.289813860208426,-145.4092764044988,1696.750244140625,4.419997215270996,239.81085205078125
01.00570,pt002310,63.289813860208426,-145.40825328567294,1700.49267578125,3.9236903190612793,251.79562377929688
01.00570,pt002311,63.289813860208426,-145.40723016684709,1702.920654296875,4.649041652679443,244.97352600097656
01.00570,pt002312,63.289813860208426,-145.40620704802123,1707.879638671875,3.9118146896362305,257.6106262207031
01.00570,pt002313,63.289813860208426,-145.40518392919537,1709.731689453125,2.793581485748291,246.4548797607422
01.00570,pt002314,63.289813860208426,-145.40416081036952,1713.781494140625,6.97494649887085,257.042236328125
01.00570,pt002315,63.289813860208426,-145.40313769154366,1719.6766357421875,4.8773016929626465,252.7593536376953
01.00570,pt002316,63.289813860208426,-145.4021145727178,1723.0716552734375,5.429327011108398,252.874755859375
01.00570,pt002317,63.289813860208426,-145.40109145389195,1728.66357421875,5.855763912200928,249.28533935546875
01.00570,pt002318,63.289813860208426,-145.4000683350661,1734.3624267578125,6.387582778930664,253.71763610839844
01.00570,pt002319,63.289813860208426,-145.39904521624024,1739.1944580078125,9.900922775268555,260.51300048828125
01.00570,pt002320,63.289813860208426,-145.39802209741438,1748.4852294921875,5.702722549438477,269.0347900390625
01.00570,pt002321,63.289813860208426,-145.39699897858853,1752.37060546875,5.18011999130249,262.9140625
01.00570,pt002322,63.289813860208426,-145.39597585976267,1757.20068359375,4.90178918838501,262.4223937988281
01.00570,pt002323,63.289813860208426,-145.39495274093682,1762.2933349609375,4.623126029968262,268.5443115234375
01.00570,pt002324,63.289813860208426,-145.39392962211096,1765.2353515625,4.177506923675537,269.8955078125
01.00570,pt002325,63.289813860208426,-145.3929065032851,1770.633544921875,5.4477667808532715,272.4282531738281
01.00570,pt002326,63.289813860208426,-145.39188338445925,1774.501220703125,2.2418274879455566,283.0537414550781
01.00570,pt002327,63.289813860208426,-145.3908602656334,1775.0228271484375,1.4477527141571045,293.58331298828125
01.00570,pt002328,63.289813860208426,-145.38983714680754,1777.526611328125,2.2982218265533447,271.6446228027344
01.00570,pt002329,63.289813860208426,-145.38881402798168,1778.8546142578125,2.2519540786743164,287.48626708984375
01.00570,pt002330,63.289813860208426,-145.38779090915583,1780.60107421875,4.082031726837158,328.5798034667969
01.00570,pt002331,63.289813860208426,-145.38676779032997,1788.029541015625,13.484867095947266,304.8290710449219
01.00570,pt002332,63.289813860208426,-145.3857446715041,1798.0311279296875,17.86246109008789,277.4026794433594
01.00570,pt002333,63.289813860208426,-145.38472155267826,1819.3212890625,20.518693923950195,258.00640869140625
01.00570,pt002334,63.289813860208426,-145.3836984338524,1833.1019287109375,18.17156410217285,249.94387817382812
01.00570,pt002335,63.289813860208426,-145.38267531502655,1848.3443603515625,15.591192245483398,239.6859130859375
01.00570,pt002336,63.289813860208426,-145.3816521962007,1863.4608154296875,21.659448623657227,253.58468627929688
01.00570,pt002337,63.289813860208426,-145.38062907737483,1880.71484375,18.3922176361084,258.5353088378906
01.00570,pt002338,63.289813860208426,-145.37960595854898,1893.6495361328125,12.329273223876953,249.53125
01.00570,pt002339,63.289813860208426,-145.37858283972312,1904.47021484375,10.918529510498047,241.15298461914062
01.00570,pt002340,63.289813860208426,-145.37755972089727,1910.98828125,11.134404182434082,234.89573669433594
01.00570,pt002341,63.289813860208426,-145.3765366020714,1920.386962890625,10.943336486816406,206.8756103515625
01.00570,pt002342,63.289813860208426,-145.37551348324556,1922.408203125,15.379422187805176,235.9786834716797
01.00570,pt002343,63.29083697903428,-145.49214902939312,2176.7470703125,41.18767547607422,74.96905517578125
01.00570,pt002344,63.29083697903428,-145.49112591056726,2153.593017578125,18.839038848876953,70.017333984375
01.00570,pt002345,63.29083697903428,-145.4901027917414,2141.250732421875,19.64815902709961,96.27891540527344
01.00570,pt002346,63.29083697903428,-145.48907967291555,2119.30712890625,21.07594108581543,114.08931732177734
01.00570,pt002347,63.29083697903428,-145.4880565540897,2102.469970703125,10.708524703979492,100.86448669433594
01.00570,pt002348,63.29083697903428,-145.48703343526384,2098.590576171875,8.482206344604492,131.93408203125
01.00570,pt002349,63.29083697903428,-145.48601031643798,2091.686767578125,12.136428833007812,149.67098999023438
01.00570,pt002350,63.29083697903428,-145.48498719761213,2087.03759765625,11.673192024230957,149.07289123535156
01.00570,pt002351,63.29083697903428,-145.48396407878627,2080.833984375,7.274607181549072,159.20315551757812
01.00570,pt002352,63.29083697903428,-145.48294095996042,2077.8115234375,5.073126792907715,130.94830322265625
01.00570,pt002353,63.29083697903428,-145.48191784113456,2076.056396484375,6.912578105926514,124.78834533691406
01.00570,pt002354,63.29083697903428,-145.4808947223087,2078.643310546875,14.475360870361328,208.22634887695312
01.00570,pt002355,63.29083697903428,-145.47987160348285,2086.5615234375,16.706239700317383,196.22897338867188
01.00570,pt002356,63.29083697903428,-145.478848484657,2089.73828125,16.84290885925293,211.78468322753906
01.00570,pt002357,63.29083697903428,-145.47782536583114,2096.94287109375,13.877765655517578,222.87496948242188
01.00570,pt002358,63.29083697903428,-145.47680224700528,2101.5654296875,12.782705307006836,231.11834716796875
01.00570,pt002359,63.29083697903428,-145.47577912817943,2109.446533203125,11.953734397888184,229.5830535888672
01.00570,pt002360,63.29083697903428,-145.47475600935357,2118.594482421875,9.853833198547363,222.40525817871094
01.00570,pt002361,63.29083697903428,-145.4737328905277,2118.85791015625,8.266240119934082,179.746337890625
01.00570,pt002362,63.29083697903428,-145.47270977170186,2116.215576171875,9.204866409301758,142.7422332763672
01.00570,pt002363,63.29083697903428,-145.471686652876,2112.4697265625,9.32213306427002,139.02011108398438
01.00570,pt002364,63.29083697903428,-145.47066353405015,2108.99462890625,9.179232597351074,162.77615356445312
01.00570,pt002365,63.29083697903428,-145.4696404152243,2105.16259765625,16.330089569091797,117.99449157714844
01.00570,pt002366,63.29083697903428,-145.46861729639843,2090.188720703125,21.659210205078125,106.54124450683594
01.00570,pt002367,63.29083697903428,-145.46759417757258,2078.077392578125,5.717487812042236,110.44379425048828
01.00570,pt002368,63.29083697903428,-145.46657105874672,2078.02392578125,2.049100637435913,237.82337951660156
01.00570,pt002369,63.29083697903428,-145.46554793992087,2077.701416015625,2.0391557216644287,146.7659149169922
01.00570,pt002370,63.29083697903428,-145.464524821095,2076.26611328125,2.9686620235443115,167.729736328125
01.00570,pt002371,63.29083697903428,-145.46350170226916,2075.80859375,4.227713108062744,132.0233154296875
01.00570,pt002372,63.29083697903428,-145.4624785834433,2071.712646484375,5.654080867767334,145.2936553955078
01.00570,pt002373,63.29083697903428,-145.46145546461744,2069.03369140625,6.765410423278809,163.695068359375
01.00570,pt002374,63.29083697903428,-145.4604323457916,2068.1083984375,6.965182781219482,179.46536254882812
01.00570,pt002375,63.29083697903428,-145.45940922696573,2069.05029296875,8.2758207321167,194.30027770996094
01.00570,pt002376,63.29083697903428,-145.45838610813988,2071.173095703125,12.167819023132324,191.1062469482422
01.00570,pt002377,63.29083697903428,-145.45736298931402,2079.91455078125,24.67274284362793,227.51263427734375
01.00570,pt002378,63.29083697903428,-145.4553167516623,2067.13671875,25.770427703857422,97.57897186279297
01.00570,pt002379,63.29083697903428,-145.45429363283645,2043.773681640625,14.502851486206055,120.12468719482422
01.00570,pt002380,63.29083697903428,-145.4532705140106,2035.5645751953125,8.893946647644043,136.33163452148438
01.00570,pt002381,63.29083697903428,-145.45224739518474,2032.1041259765625,9.21839427947998,144.78102111816406
01.00570,pt002382,63.29083697903428,-145.4512242763589,2022.751220703125,11.422737121582031,116.54850769042969
01.00570,pt002383,63.29083697903428,-145.45020115753303,2018.0567626953125,5.469172477722168,145.6442413330078
01.00570,pt002384,63.29083697903428,-145.44917803870717,2014.550048828125,7.301427841186523,131.63214111328125
01.00570,pt002385,63.29083697903428,-145.44815491988132,2009.824951171875,5.9829277992248535,152.24176025390625
01.00570,pt002386,63.29083697903428,-145.44713180105546,2008.9110107421875,4.255417346954346,172.732666015625
01.00570,pt002387,63.29083697903428,-145.4461086822296,2011.718017578125,6.133660316467285,228.92759704589844
01.00570,pt002388,63.29083697903428,-145.44508556340375,2014.3607177734375,8.696229934692383,157.75875854492188
01.00570,pt002389,63.29083697903428,-145.4440624445779,2004.4310302734375,18.162405014038086,126.6915054321289
01.00570,pt002390,63.29083697903428,-145.44303932575204,1994.1707763671875,28.249191284179688,166.94093322753906
01.00570,pt002391,63.29083697903428,-145.44201620692618,1989.8594970703125,27.794387817382812,172.1720428466797
01.00570,pt002392,63.29083697903428,-145.44099308810033,1985.4378662109375,28.074979782104492,169.92868041992188
01.00570,pt002393,63.29083697903428,-145.4369006127969,1927.421630859375,32.17316818237305,141.96456909179688
01.00570,pt002394,63.29083697903428,-145.43587749397105,1911.59228515625,23.529102325439453,135.85205078125
01.00570,pt002395,63.29083697903428,-145.4348543751452,1901.4932861328125,17.779457092285156,146.147705078125
01.00570,pt002396,63.29083697903428,-145.43383125631934,1892.9580078125,25.42339324951172,115.54315948486328
01.00570,pt002397,63.29083697903428,-145.43280813749348,1871.02685546875,16.71402359008789,130.68197631835938
01.00570,pt002398,63.29083697903428,-145.43178501866763,1862.4522705078125,17.87360191345215,132.120361328125
01.00570,pt002399,63.29083697903428,-145.43076189984177,1852.29248046875,22.986909866333008,150.7176513671875
01.00570,pt002400,63.29083697903428,-145.42155383040907,1770.5086669921875,17.998416900634766,180.35806274414062
01.00570,pt002401,63.29083697903428,-145.4205307115832,1771.8070068359375,17.743715286254883,180.48582458496094
01.00570,pt002402,63.29083697903428,-145.41950759275736,1768.512451171875,17.115604400634766,142.29798889160156
01.00570,pt002403,63.29083697903428,-145.4184844739315,1755.4100341796875,18.106712341308594,123.44886016845703
01.00570,pt002404,63.29083697903428,-145.41746135510564,1745.5740966796875,17.151918411254883,125.8741226196289
01.00570,pt002405,63.29083697903428,-145.4164382362798,1733.9820556640625,19.76051902770996,133.65283203125
01.00570,pt002406,63.29083697903428,-145.41541511745393,1722.5111083984375,20.752405166625977,141.4811553955078
01.00570,pt002407,63.29083697903428,-145.41439199862808,1714.3543701171875,18.31270408630371,153.80943298339844
01.00570,pt002408,63.29083697903428,-145.41336887980222,1706.5595703125,17.104726791381836,157.13327026367188
01.00570,pt002409,63.29083697903428,-145.41234576097636,1702.6519775390625,15.17093276977539,165.23387145996094
01.00570,pt002410,63.29083697903428,-145.4113226421505,1699.66259765625,9.211782455444336,198.34622192382812
01.00570,pt002411,63.29083697903428,-145.41029952332465,1700.6221923828125,6.753849029541016,217.2752685546875
01.00570,pt002412,63.29083697903428,-145.4092764044988,1703.0203857421875,4.101305961608887,207.49493408203125
01.00570,pt002413,63.29083697903428,-145.40825328567294,1705.30615234375,3.8824098110198975,228.6263427734375
01.00570,pt002414,63.29083697903428,-145.40723016684709,1707.30224609375,3.8309340476989746,234.2917022705078
01.00570,pt002415,63.29083697903428,-145.40620704802123,1710.5916748046875,4.035731315612793,234.8352813720703
01.00570,pt002416,63.29083697903428,-145.40518392919537,1712.4560546875,4.40180778503418,234.30323791503906
01.00570,pt002417,63.29083697903428,-145.40416081036952,1716.436279296875,5.426342964172363,238.34793090820312
01.00570,pt002418,63.29083697903428,-145.40313769154366,1720.7857666015625,4.3585309982299805,266.09429931640625
01.00570,pt002419,63.29083697903428,-145.4021145727178,1723.7808837890625,4.276342391967773,277.9892272949219
01.00570,pt002420,63.29083697903428,-145.40109145389195,1728.583984375,5.095258712768555,276.421142578125
01.00570,pt002421,63.29083697903428,-145.4000683350661,1733.54296875,5.310648441314697,289.70391845703125
01.00570,pt002422,63.29083697903428,-145.39904521624024,1737.5435791015625,7.87844705581665,280.6865234375
01.00570,pt002423,63.29083697903428,-145.39802209741438,1745.274169921875,5.600295066833496,293.1853942871094
01.00570,pt002424,63.29083697903428,-145.39699897858853,1748.3394775390625,5.313327789306641,308.3487548828125
01.00570,pt002425,63.29083697903428,-145.39597585976267,1752.88916015625,5.098171234130859,297.3135681152344
01.00570,pt002426,63.29083697903428,-145.39495274093682,1757.377685546875,5.149294376373291,306.5994567871094
01.00570,pt002427,63.29083697903428,-145.39392962211096,1760.1422119140625,4.694768905639648,302.4673767089844
01.00570,pt002428,63.29083697903428,-145.3929065032851,1765.959716796875,7.090002536773682,295.63427734375
01.00570,pt002429,63.29083697903428,-145.39188338445925,1771.4251708984375,3.4775612354278564,283.5075988769531
01.00570,pt002430,63.29083697903428,-145.3908602656334,1772.296142578125,1.918229579925537,294.01934814453125
01.00570,pt002431,63.29083697903428,-145.38983714680754,1776.1448974609375,3.3961403369903564,260.05712890625
01.00570,pt002432,63.29083697903428,-145.38881402798168,1777.853271484375,2.4522929191589355,237.60264587402344
01.00570,pt002433,63.29083697903428,-145.38779090915583,1780.029052734375,7.195295333862305,227.95791625976562
01.00570,pt002434,63.29083697903428,-145.38676779032997,1795.984130859375,23.549232482910156,237.11361694335938
01.00570,pt002435,63.29083697903428,-145.3857446715041,1811.329345703125,24.24491310119629,245.91375732421875
01.00570,pt002436,63.29083697903428,-145.38472155267826,1834.4522705078125,19.574504852294922,258.4010009765625
01.00570,pt002437,63.29083697903428,-145.3836984338524,1846.6748046875,15.485062599182129,260.81866455078125
01.00570,pt002438,63.29083697903428,-145.38267531502655,1860.99658203125,13.220234870910645,255.865478515625
01.00570,pt002439,63.29083697903428,-145.3816521962007,1874.1678466796875,20.51128387451172,258.4570617675781
01.00570,pt002440,63.29083697903428,-145.38062907737483,1891.5250244140625,19.91533851623535,253.41358947753906
01.00570,pt002441,63.29083697903428,-145.37960595854898,1906.13671875,17.612796783447266,239.9188232421875
01.00570,pt002442,63.29083697903428,-145.37858283972312,1921.6187744140625,19.972305297851562,233.34214782714844
01.00570,pt002443,63.29083697903428,-145.37755972089727,1933.8475341796875,26.79119873046875,226.35520935058594
01.00570,pt002444,63.29186009786014,-145.49624150469654,2254.220458984375,35.432254791259766,64.88589477539062
01.00570,pt002445,63.29186009786014,-145.4952183858707,2232.43994140625,26.29506492614746,69.22377014160156
01.00570,pt002446,63.29186009786014,-145.49419526704483,2219.439697265625,11.204644203186035,69.9843521118164
01.00570,pt002447,63.29186009786014,-145.49317214821897,2204.651123046875,19.135887145996094,108.83668518066406
01.00570,pt002448,63.29186009786014,-145.49214902939312,2189.375,20.702157974243164,118.7697982788086
01.00570,pt002449,63.29186009786014,-145.49112591056726,2171.53515625,22.925081253051758,112.56645965576172
01.00570,pt002450,63.29186009786014,-145.4901027917414,2154.570556640625,22.86121368408203,104.90391540527344
01.00570,pt002451,63.29186009786014,-145.48907967291555,2133.455078125,18.3994083404541,105.9892578125
01.00570,pt002452,63.29186009786014,-145.4880565540897,2117.927978515625,14.733386039733887,132.00140380859375
01.00570,pt002453,63.29186009786014,-145.48703343526384,2113.64599609375,10.507901191711426,147.34014892578125
01.00570,pt002454,63.29186009786014,-145.48601031643798,2107.335693359375,11.78699016571045,138.36866760253906
01.00570,pt002455,63.29186009786014,-145.48498719761213,2101.6005859375,14.607690811157227,149.6213836669922
01.00570,pt002456,63.29186009786014,-145.48396407878627,2098.425048828125,20.659780502319336,189.48880004882812
01.00570,pt002457,63.29186009786014,-145.48294095996042,2105.93798828125,24.292802810668945,200.03330993652344
01.00570,pt002458,63.29186009786014,-145.48191784113456,2111.373779296875,23.298768997192383,197.8381805419922
01.00570,pt002459,63.29186009786014,-145.4808947223087,2118.545166015625,23.08841323852539,199.71786499023438
01.00570,pt002460,63.29186009786014,-145.47987160348285,2124.7392578125,18.600019454956055,186.17628479003906
01.00570,pt002461,63.29186009786014,-145.478848484657,2126.16015625,17.19417953491211,190.7919921875
01.00570,pt002462,63.29186009786014,-145.47782536583114,2128.55859375,14.498555183410645,187.26724243164062
01.00570,pt002463,63.29186009786014,-145.47680224700528,2130.02880859375,12.911870956420898,192.95497131347656
01.00570,pt002464,63.29186009786014,-145.47577912817943,2133.232666015625,10.266460418701172,193.56671142578125
01.00570,pt002465,63.29186009786014,-145.47475600935357,2137.6396484375,10.578049659729004,208.262939453125
01.00570,pt002466,63.29186009786014,-145.4737328905277,2139.837646484375,10.190727233886719,197.4746551513672
01.00570,pt002467,63.29186009786014,-145.47270977170186,2138.955078125,10.592657089233398,160.5435028076172
01.00570,pt002468,63.29186009786014,-145.471686652876,2135.31689453125,11.334468841552734,154.44284057617188
01.00570,pt002469,63.29186009786014,-145.47066353405015,2132.533935546875,12.048639297485352,175.99256896972656
01.00570,pt002470,63.29186009786014,-145.4696404152243,2129.83154296875,19.614181518554688,122.21243286132812
01.00570,pt002471,63.29186009786014,-145.46861729639843,2110.950927734375,28.103897094726562,116.49512481689453
01.00570,pt002472,63.29186009786014,-145.46759417757258,2096.810546875,15.755277633666992,167.66683959960938
01.00570,pt002473,63.29186009786014,-145.46657105874672,2096.22900390625,18.24597930908203,181.04701232910156
01.00570,pt002474,63.29186009786014,-145.46554793992087,2096.26416015625,17.449892044067383,178.39625549316406
01.00570,pt002475,63.29186009786014,-145.464524821095,2094.58056640625,16.39169692993164,176.5617218017578
01.00570,pt002476,63.29186009786014,-145.46350170226916,2094.16357421875,15.521625518798828,175.20098876953125
01.00570,pt002477,63.29186009786014,-145.4624785834433,2092.314697265625,18.688711166381836,174.23092651367188
01.00570,pt002478,63.29186009786014,-145.46145546461744,2090.60205078125,19.774669647216797,180.92921447753906
01.00570,pt002479,63.29186009786014,-145.4604323457916,2092.3876953125,25.96100425720215,194.17214965820312
01.00570,pt002480,63.29186009786014,-145.45940922696573,2105.5849609375,34.34401321411133,200.93084716796875
01.00570,pt002481,63.29186009786014,-145.45429363283645,2052.4765625,11.697182655334473,159.37608337402344
01.00570,pt002482,63.29186009786014,-145.4532705140106,2050.001220703125,8.898392677307129,174.87445068359375
01.00570,pt002483,63.29186009786014,-145.45224739518474,2047.465576171875,10.662384033203125,142.78895568847656
01.00570,pt002484,63.29186009786014,-145.4512242763589,2030.3984375,17.900365829467773,89.1591796875
01.00570,pt002485,63.29186009786014,-145.45020115753303,2023.575439453125,4.439510822296143,112.21139526367188
01.00570,pt002486,63.29186009786014,-145.44917803870717,2020.993896484375,5.533576488494873,126.02154541015625
01.00570,pt002487,63.29186009786014,-145.44815491988132,2017.13427734375,6.236812114715576,153.14651489257812
01.00570,pt002488,63.29186009786014,-145.44713180105546,2016.0482177734375,7.6417765617370605,175.5274658203125
01.00570,pt002489,63.29186009786014,-145.4461086822296,2022.4859619140625,11.392535209655762,224.20596313476562
01.00570,pt002490,63.29186009786014,-145.44508556340375,2028.05078125,8.027013778686523,190.70013427734375
01.00570,pt002491,63.29186009786014,-145.4440624445779,2027.191650390625,13.060070991516113,235.5276336669922
01.00570,pt002492,63.29186009786014,-145.4297387810159,1909.0006103515625,11.409855842590332,258.6972961425781
01.00570,pt002493,63.29186009786014,-145.42871566219006,1904.1124267578125,17.450620651245117,84.42733764648438
01.00570,pt002494,63.29186009786014,-145.4276925433642,1875.823486328125,24.135818481445312,89.79277801513672
01.00570,pt002495,63.29186009786014,-145.42666942453835,1855.2344970703125,22.18278694152832,91.50021362304688
01.00570,pt002496,63.29186009786014,-145.4256463057125,1839.2596435546875,21.05179786682129,95.64556884765625
01.00570,pt002497,63.29186009786014,-145.42462318688663,1819.3284912109375,17.53785514831543,110.84197235107422
01.00570,pt002498,63.29186009786014,-145.42360006806078,1810.33349609375,12.821720123291016,130.31521606445312
01.00570,pt002499,63.29186009786014,-145.42257694923492,1806.68408203125,10.622723579406738,173.68429565429688
01.00570,pt002500,63.29186009786014,-145.42155383040907,1806.36962890625,8.124683380126953,174.29168701171875
01.00570,pt002501,63.29186009786014,-145.4205307115832,1805.4949951171875,7.959562301635742,153.40769958496094
01.00570,pt002502,63.29186009786014,-145.41950759275736,1799.30126953125,11.553666114807129,125.81795501708984
01.00570,pt002503,63.29186009786014,-145.4184844739315,1788.3887939453125,14.348603248596191,127.80198669433594
01.00570,pt002504,63.29186009786014,-145.41746135510564,1780.9158935546875,14.4820556640625,129.27932739257812
01.00570,pt002505,63.29186009786014,-145.4164382362798,1771.05078125,15.422357559204102,130.96250915527344
01.00570,pt002506,63.29186009786014,-145.41541511745393,1761.723388671875,15.374152183532715,129.71372985839844
01.00570,pt002507,63.29186009786014,-145.41439199862808,1753.032958984375,13.30768871307373,142.3447723388672
01.00570,pt002508,63.29186009786014,-145.41336887980222,1744.97900390625,13.780936241149902,135.92214965820312
01.00570,pt002509,63.29186009786014,-145.41234576097636,1738.1251220703125,14.221643447875977,132.69944763183594
01.00570,pt002510,63.29186009786014,-145.4113226421505,1727.600830078125,12.950210571289062,130.8910369873047
01.00570,pt002511,63.29186009786014,-145.41029952332465,1721.535400390625,13.11744213104248,124.1778335571289
01.00570,pt002512,63.29186009786014,-145.4092764044988,1714.035400390625,6.202468395233154,174.74838256835938
01.00570,pt002513,63.29186009786014,-145.40825328567294,1712.5921630859375,2.568693161010742,204.3340606689453
01.00570,pt002514,63.29186009786014,-145.40723016684709,1713.5615234375,2.7285449504852295,226.32769775390625
01.00570,pt002515,63.29186009786014,-145.40620704802123,1715.0714111328125,3.535365343093872,224.1211700439453
01.00570,pt002516,63.29186009786014,-145.40518392919537,1717.1116943359375,3.6741106510162354,238.1326141357422
01.00570,pt002517,63.29186009786014,-145.40416081036952,1720.577880859375,4.243955612182617,246.2532196044922
01.00570,pt002518,63.29186009786014,-145.40313769154366,1723.6083984375,3.711738109588623,232.31729125976562
01.00570,pt002519,63.29186009786014,-145.4021145727178,1725.6573486328125,3.902372360229492,223.41891479492188
01.00570,pt002520,63.29186009786014,-145.40109145389195,1729.163818359375,4.437139511108398,238.29515075683594
01.00570,pt002521,63.29186009786014,-145.4000683350661,1732.81689453125,4.056937217712402,239.95242309570312
01.00570,pt002522,63.29186009786014,-145.39904521624024,1735.836669921875,6.33560848236084,255.44244384765625
01.00570,pt002523,63.29186009786014,-145.39802209741438,1741.7418212890625,4.609711647033691,279.7496643066406
01.00570,pt002524,63.29186009786014,-145.39699897858853,1745.178466796875,4.793087959289551,272.7135009765625
01.00570,pt002525,63.29186009786014,-145.39597585976267,1750.00244140625,4.922042369842529,272.66552734375
01.00570,pt002526,63.29186009786014,-145.39495274093682,1754.9591064453125,4.869793891906738,260.63067626953125
01.00570,pt002527,63.29186009786014,-145.39392962211096,1758.1302490234375,5.258918285369873,239.232177734375
01.00570,pt002528,63.29186009786014,-145.3929065032851,1765.6220703125,9.723800659179688,241.88381958007812
01.00570,pt002529,63.29186009786014,-145.39188338445925,1773.0897216796875,6.506551742553711,209.11195373535156
01.00570,pt002530,63.29186009786014,-145.3908602656334,1774.2105712890625,6.0254807472229,211.5768585205078
01.00570,pt002531,63.29186009786014,-145.38983714680754,1781.0931396484375,8.705728530883789,221.62258911132812
01.00570,pt002532,63.29186009786014,-145.38881402798168,1785.3922119140625,10.256360054016113,220.58236694335938
01.00570,pt002533,63.29186009786014,-145.38779090915583,1794.8621826171875,14.931946754455566,226.6973876953125
01.00570,pt002534,63.29186009786014,-145.38676779032997,1814.582275390625,19.533788681030273,251.2716064453125
01.00570,pt002535,63.29186009786014,-145.3857446715041,1825.0863037109375,15.68186092376709,256.1940002441406
01.00570,pt002536,63.29186009786014,-145.38472155267826,1841.15185546875,16.118364334106445,255.69932556152344
01.00570,pt002537,63.29186009786014,-145.3836984338524,1852.4525146484375,18.021724700927734,250.7751922607422
01.00570,pt002538,63.29288321668599,-145.4993108611741,2371.88818359375,38.01507568359375,87.31658935546875
01.00570,pt002539,63.29288321668599,-145.49828774234825,2329.784912109375,49.24971389770508,84.06402587890625
01.00570,pt002540,63.29288321668599,-145.4972646235224,2278.288818359375,30.84552001953125,96.78194427490234
01.00570,pt002541,63.29288321668599,-145.49624150469654,2249.40380859375,22.363590240478516,113.11708068847656
01.00570,pt002542,63.29288321668599,-145.4952183858707,2237.8427734375,19.059904098510742,136.41212463378906
01.00570,pt002543,63.29288321668599,-145.49419526704483,2230.033203125,16.488523483276367,158.71743774414062
01.00570,pt002544,63.29288321668599,-145.49112591056726,2181.31689453125,24.44338607788086,110.35877227783203
01.00570,pt002545,63.29288321668599,-145.4901027917414,2162.412353515625,24.3638973236084,105.08106231689453
01.00570,pt002546,63.29288321668599,-145.48907967291555,2143.4072265625,15.824990272521973,123.27952575683594
01.00570,pt002547,63.29288321668599,-145.4880565540897,2132.33935546875,12.810641288757324,133.41110229492188
01.00570,pt002548,63.29288321668599,-145.48703343526384,2126.94384765625,12.174141883850098,143.56228637695312
01.00570,pt002549,63.29288321668599,-145.48601031643798,2123.5888671875,11.10000228881836,210.35166931152344
01.00570,pt002550,63.29288321668599,-145.48498719761213,2127.52978515625,17.254417419433594,198.66033935546875
01.00570,pt002551,63.29288321668599,-145.48396407878627,2132.130859375,17.403621673583984,193.6193389892578
01.00570,pt002552,63.29288321668599,-145.48294095996042,2135.022216796875,14.02716064453125,186.36180114746094
01.00570,pt002553,63.29288321668599,-145.48191784113456,2137.173583984375,13.366698265075684,194.32192993164062
01.00570,pt002554,63.29288321668599,-145.4808947223087,2142.65283203125,12.013710021972656,204.3042449951172
01.00570,pt002555,63.29288321668599,-145.47987160348285,2144.680419921875,7.842189788818359,179.0918426513672
01.00570,pt002556,63.29288321668599,-145.478848484657,2144.118408203125,7.570633411407471,165.87225341796875
01.00570,pt002557,63.29288321668599,-145.47782536583114,2142.304931640625,6.821858882904053,168.4530792236328
01.00570,pt002558,63.29288321668599,-145.47680224700528,2141.783447265625,7.3509202003479,180.05615234375
01.00570,pt002559,63.29288321668599,-145.47577912817943,2142.9140625,9.263887405395508,190.6273651123047
01.00570,pt002560,63.29288321668599,-145.47475600935357,2150.746826171875,15.052396774291992,216.03297424316406
01.00570,pt002561,63.29288321668599,-145.4737328905277,2153.77197265625,13.157195091247559,194.1618194580078
01.00570,pt002562,63.29288321668599,-145.47270977170186,2152.548828125,14.906669616699219,168.5067901611328
01.00570,pt002563,63.29288321668599,-145.471686652876,2149.0703125,14.4757719039917,172.12767028808594
01.00570,pt002564,63.29288321668599,-145.47066353405015,2148.9892578125,12.591954231262207,182.7520751953125
01.00570,pt002565,63.29288321668599,-145.4696404152243,2147.839599609375,17.291561126708984,149.87344360351562
01.00570,pt002566,63.29288321668599,-145.46861729639843,2138.972412109375,32.56863021850586,164.13902282714844
01.00570,pt002567,63.29288321668599,-145.46759417757258,2130.1611328125,31.166902542114258,174.22518920898438
01.00570,pt002568,63.29288321668599,-145.46657105874672,2129.2880859375,24.82977294921875,179.91561889648438
01.00570,pt002569,63.29288321668599,-145.46554793992087,2129.861083984375,21.65148162841797,180.9907989501953
01.00570,pt002570,63.29288321668599,-145.464524821095,2127.97607421875,22.37482452392578,175.1642608642578
01.00570,pt002571,63.29288321668599,-145.46350170226916,2126.493896484375,22.85861587524414,175.8645477294922
01.00570,pt002572,63.29288321668599,-145.4624785834433,2127.424072265625,20.48142433166504,193.19923400878906
01.00570,pt002573,63.29288321668599,-145.46145546461744,2132.9755859375,26.454856872558594,210.0079345703125
01.00570,pt002574,63.29288321668599,-145.4604323457916,2144.895751953125,34.01521682739258,233.93161010742188
01.00570,pt002575,63.29288321668599,-145.4532705140106,2071.081787109375,20.633697509765625,164.41409301757812
01.00570,pt002576,63.29288321668599,-145.45224739518474,2072.199462890625,25.406848907470703,193.5821990966797
01.00570,pt002577,63.29288321668599,-145.45020115753303,2041.9442138671875,31.462146759033203,164.46469116210938
01.00570,pt002578,63.29288321668599,-145.44917803870717,2034.113525390625,20.479324340820312,156.47091674804688
01.00570,pt002579,63.29288321668599,-145.44815491988132,2033.5753173828125,13.928828239440918,194.24571228027344
01.00570,pt002580,63.29288321668599,-145.44713180105546,2036.43896484375,16.80665397644043,195.14602661132812
01.00570,pt002581,63.29288321668599,-145.4461086822296,2040.8682861328125,15.237180709838867,193.07281494140625
01.00570,pt002582,63.29288321668599,-145.44508556340375,2043.340087890625,11.294154167175293,179.25718688964844
01.00570,pt002583,63.29288321668599,-145.4440624445779,2043.1204833984375,13.931448936462402,219.39288330078125
01.00570,pt002584,63.29288321668599,-145.44303932575204,2073.78857421875,37.04132843017578,270.94384765625
01.00570,pt002585,63.29288321668599,-145.4297387810159,1914.1783447265625,15.642155647277832,139.7165069580078
01.00570,pt002586,63.29288321668599,-145.42871566219006,1901.3963623046875,23.880247116088867,102.21407318115234
01.00570,pt002587,63.29288321668599,-145.4276925433642,1877.7470703125,16.472671508789062,131.75448608398438
01.00570,pt002588,63.29288321668599,-145.42666942453835,1862.2076416015625,19.768482208251953,111.70246124267578
01.00570,pt002589,63.29288321668599,-145.4256463057125,1848.9185791015625,17.651390075683594,117.50309753417969
01.00570,pt002590,63.29288321668599,-145.42462318688663,1836.9267578125,14.149248123168945,147.13125610351562
01.00570,pt002591,63.29288321668599,-145.42360006806078,1832.985595703125,13.471712112426758,156.89886474609375
01.00570,pt002592,63.29288321668599,-145.42257694923492,1828.766357421875,13.096753120422363,158.33888244628906
01.00570,pt002593,63.29288321668599,-145.42155383040907,1823.463623046875,11.284383773803711,153.23301696777344
01.00570,pt002594,63.29288321668599,-145.4205307115832,1822.0382080078125,10.46239185333252,163.21099853515625
01.00570,pt002595,63.29288321668599,-145.41950759275736,1816.89453125,13.380383491516113,145.85023498535156
01.00570,pt002596,63.29288321668599,-145.4184844739315,1808.617431640625,14.449137687683105,146.9571075439453
01.00570,pt002597,63.29288321668599,-145.41746135510564,1803.0582275390625,15.614992141723633,155.4154052734375
01.00570,pt002598,63.29288321668599,-145.4164382362798,1796.229736328125,18.875152587890625,144.74058532714844
01.00570,pt002599,63.29288321668599,-145.41541511745393,1787.2974853515625,19.90876579284668,147.54969787597656
01.00570,pt002600,63.29288321668599,-145.41439199862808,1779.2442626953125,19.983455657958984,156.1402130126953
01.00570,pt002601,63.29288321668599,-145.41336887980222,1769.87646484375,19.242395401000977,151.20669555664062
01.00570,pt002602,63.29288321668599,-145.41234576097636,1762.4306640625,19.09429931640625,134.00888061523438
01.00570,pt002603,63.29288321668599,-145.4113226421505,1748.6375732421875,18.364116668701172,143.01002502441406
01.00570,pt002604,63.29288321668599,-145.41029952332465,1741.6612548828125,22.0239315032959,169.49935913085938
01.00570,pt002605,63.29288321668599,-145.40723016684709,1724.8232421875,20.696374893188477,158.37571716308594
01.00570,pt002606,63.29288321668599,-145.40620704802123,1723.0062255859375,16.44635772705078,176.88279724121094
01.00570,pt002607,63.29288321668599,-145.40518392919537,1723.3643798828125,13.765242576599121,190.3682098388672
01.00570,pt002608,63.29288321668599,-145.40416081036952,1726.32177734375,7.4539055824279785,218.1632080078125
01.00570,pt002609,63.29288321668599,-145.40313769154366,1729.711669921875,6.949033260345459,205.06724548339844
01.00570,pt002610,63.29288321668599,-145.4021145727178,1731.6370849609375,6.350063800811768,204.87841796875
01.00570,pt002611,63.29288321668599,-145.40109145389195,1735.132568359375,6.652634620666504,209.34349060058594
01.00570,pt002612,63.29288321668599,-145.4000683350661,1738.5159912109375,6.3809919357299805,205.72982788085938
01.00570,pt002613,63.29288321668599,-145.39904521624024,1740.4027099609375,6.822260856628418,209.981689453125
01.00570,pt002614,63.29288321668599,-145.39802209741438,1744.9591064453125,7.517496585845947,211.90956115722656
01.00570,pt002615,63.29288321668599,-145.39699897858853,1748.5845947265625,8.904640197753906,215.6114044189453
01.00570,pt002616,63.29288321668599,-145.39597585976267,1755.277099609375,10.412935256958008,219.58119201660156
01.00570,pt002617,63.29288321668599,-145.39495274093682,1762.015869140625,10.426801681518555,213.11256408691406
01.00570,pt002618,63.29288321668599,-145.39392962211096,1766.3414306640625,10.347280502319336,216.01303100585938
01.00570,pt002619,63.29288321668599,-145.3929065032851,1775.2301025390625,12.271160125732422,232.8499298095703
01.00570,pt002620,63.29288321668599,-145.39188338445925,1783.1949462890625,8.476868629455566,204.90231323242188
01.00570,pt002621,63.29288321668599,-145.3908602656334,1784.38330078125,8.084023475646973,209.30433654785156
01.00570,pt002622,63.29288321668599,-145.38983714680754,1792.2818603515625,10.477750778198242,229.24276733398438
01.00570,pt002623,63.29288321668599,-145.38881402798168,1797.7646484375,9.88750171661377,229.98507690429688
01.00570,pt002624,63.29288321668599,-145.38779090915583,1805.9188232421875,12.102378845214844,237.88963317871094
01.00570,pt002625,63.29288321668599,-145.38676779032997,1822.375244140625,16.52039337158203,255.08766174316406
01.00570,pt002626,63.29288321668599,-145.3857446715041,1831.85498046875,15.659016609191895,249.10047912597656
01.00570,pt002627,63.29288321668599,-145.38472155267826,1849.5755615234375,24.39975929260254,247.49464416503906
01.00570,pt002628,63.29390633551185,-145.4993108611741,2338.725341796875,43.991519927978516,18.737913131713867
01.00570,pt002629,63.29390633551185,-145.49828774234825,2323.853271484375,38.470375061035156,100.99895477294922
01.00570,pt002630,63.29390633551185,-145.4972646235224,2300.931640625,21.504241943359375,160.5560760498047
01.00570,pt002631,63.29390633551185,-145.49624150469654,2293.966064453125,25.306659698486328,178.68055725097656
01.00570,pt002632,63.29390633551185,-145.49317214821897,2274.977783203125,39.0165901184082,88.55834197998047
01.00570,pt002633,63.29390633551185,-145.49214902939312,2229.878173828125,40.46794509887695,92.52556610107422
01.00570,pt002634,63.29390633551185,-145.49112591056726,2204.087890625,21.42926597595215,110.05436706542969
01.00570,pt002635,63.29390633551185,-145.4901027917414,2191.837890625,19.459632873535156,122.87348175048828
01.00570,pt002636,63.29390633551185,-145.48907967291555,2178.298583984375,19.00681495666504,141.745849609375
01.00570,pt002637,63.29390633551185,-145.4880565540897,2172.982177734375,28.17757225036621,167.67630004882812
01.00570,pt002638,63.29390633551185,-145.48498719761213,2148.33203125,18.303865432739258,180.53585815429688
01.00570,pt002639,63.29390633551185,-145.48396407878627,2156.51513671875,9.343037605285645,218.65591430664062
01.00570,pt002640,63.29390633551185,-145.48294095996042,2160.64501953125,10.699411392211914,208.54823303222656
01.00570,pt002641,63.29390633551185,-145.48191784113456,2163.896728515625,9.204806327819824,205.32896423339844
01.00570,pt002642,63.29390633551185,-145.4808947223087,2164.41845703125,7.866286277770996,163.42628479003906
01.00570,pt002643,63.29390633551185,-145.47987160348285,2162.1884765625,9.981308937072754,173.87908935546875
01.00570,pt002644,63.29390633551185,-145.478848484657,2162.537353515625,10.59090805053711,189.25250244140625
01.00570,pt002645,63.29390633551185,-145.47782536583114,2165.218017578125,11.934560775756836,201.93020629882812
01.00570,pt002646,63.29390633551185,-145.47680224700528,2168.543212890625,11.601791381835938,206.9623260498047
01.00570,pt002647,63.29390633551185,-145.47577912817943,2173.401123046875,9.480684280395508,205.98291015625
01.00570,pt002648,63.29390633551185,-145.47475600935357,2180.482421875,12.663246154785156,216.5994110107422
01.00570,pt002649,63.29390633551185,-145.4737328905277,2184.26171875,11.244063377380371,205.68301391601562
01.00570,pt002650,63.29390633551185,-145.47270977170186,2188.101318359375,13.464010238647461,198.75689697265625
01.00570,pt002651,63.29390633551185,-145.471686652876,2197.045654296875,26.39798927307129,238.7917022705078
01.00570,pt002652,63.29390633551185,-145.46861729639843,2238.481201171875,39.533485412597656,168.29107666015625
01.00570,pt002653,63.29390633551185,-145.46759417757258,2224.27392578125,39.17241668701172,154.82762145996094
01.00570,pt002654,63.29390633551185,-145.46657105874672,2196.8671875,45.0278434753418,146.40118408203125
01.00570,pt002655,63.29390633551185,-145.464524821095,2166.362548828125,23.91348648071289,175.636474609375
01.00570,pt002656,63.29390633551185,-145.46350170226916,2166.270751953125,23.626283645629883,201.26168823242188
01.00570,pt002657,63.29390633551185,-145.4624785834433,2177.8486328125,30.10404396057129,206.9583740234375
01.00570,pt002658,63.29390633551185,-145.46145546461744,2193.44384765625,31.537565231323242,208.1641082763672
01.00570,pt002659,63.29390633551185,-145.4604323457916,2204.948486328125,30.808298110961914,221.77169799804688
01.00570,pt002660,63.29390633551185,-145.45940922696573,2234.063720703125,31.212356567382812,248.15843200683594
01.00570,pt002661,63.29390633551185,-145.45838610813988,2253.386474609375,18.98626136779785,248.38946533203125
01.00570,pt002662,63.29390633551185,-145.45736298931402,2240.046875,33.755672454833984,95.86522674560547
01.00570,pt002663,63.29390633551185,-145.45633987048816,2207.1435546875,25.70134162902832,140.97474670410156
01.00570,pt002664,63.29390633551185,-145.4553167516623,2193.91064453125,31.664569854736328,137.7789306640625
01.00570,pt002665,63.29390633551185,-145.45429363283645,2164.402587890625,38.41516876220703,149.75738525390625
01.00570,pt002666,63.29390633551185,-145.4532705140106,2151.573974609375,35.660865783691406,203.11380004882812
01.00570,pt002667,63.29390633551185,-145.45224739518474,2162.799560546875,34.47758102416992,203.879638671875
01.00570,pt002668,63.29390633551185,-145.4512242763589,2156.987060546875,34.74795913696289,137.16087341308594
01.00570,pt002669,63.29390633551185,-145.45020115753303,2141.4521484375,23.174407958984375,147.8143768310547
01.00570,pt002670,63.29390633551185,-145.44917803870717,2123.2939453125,36.71458053588867,128.81607055664062
01.00570,pt002671,63.29390633551185,-145.44815491988132,2083.176025390625,38.10685348510742,138.38314819335938
01.00570,pt002672,63.29390633551185,-145.44713180105546,2073.849853515625,18.619583129882812,158.32440185546875
01.00570,pt002673,63.29390633551185,-145.4461086822296,2075.84130859375,13.668753623962402,182.5749969482422
01.00570,pt002674,63.29390633551185,-145.44508556340375,2073.962646484375,14.32036018371582,166.1910400390625
01.00570,pt002675,63.29390633551185,-145.4440624445779,2072.634521484375,15.46677303314209,201.66246032714844
01.00570,pt002676,63.29390633551185,-145.44303932575204,2092.934814453125,37.480934143066406,242.70294189453125
01.00570,pt002677,63.29390633551185,-145.4369006127969,2101.80859375,25.07122230529785,112.30680084228516
01.00570,pt002678,63.29390633551185,-145.43587749397105,2087.906005859375,20.874494552612305,185.2425994873047
01.00570,pt002679,63.29390633551185,-145.4348543751452,2090.514892578125,24.197473526000977,183.00714111328125
01.00570,pt002680,63.29390633551185,-145.4297387810159,1946.2119140625,24.00652313232422,138.34544372558594
01.00570,pt002681,63.29390633551185,-145.42871566219006,1928.344482421875,29.89021110534668,113.26630401611328
01.00570,pt002682,63.29390633551185,-145.4276925433642,1905.4227294921875,20.4532413482666,139.80104064941406
01.00570,pt002683,63.29390633551185,-145.42666942453835,1884.9820556640625,24.261812210083008,116.00045776367188
01.00570,pt002684,63.29390633551185,-145.4256463057125,1870.0963134765625,19.91265106201172,119.25167846679688
01.00570,pt002685,63.29390633551185,-145.42462318688663,1857.0635986328125,10.15746021270752,128.87733459472656
01.00570,pt002686,63.29390633551185,-145.42360006806078,1852.8087158203125,7.346139430999756,135.154052734375
01.00570,pt002687,63.29390633551185,-145.42257694923492,1849.4949951171875,7.754818439483643,159.69705200195312
01.00570,pt002688,63.29390633551185,-145.42155383040907,1845.404052734375,10.778553009033203,156.6719970703125
01.00570,pt002689,63.29390633551185,-145.4205307115832,1844.3309326171875,10.486163139343262,170.0800323486328
01.00570,pt002690,63.29390633551185,-145.41950759275736,1840.99609375,13.408594131469727,152.9612274169922
01.00570,pt002691,63.29390633551185,-145.4184844739315,1832.6092529296875,15.048517227172852,144.02220153808594
01.00570,pt002692,63.29390633551185,-145.41746135510564,1826.644775390625,12.329473495483398,148.2760009765625
01.00570,pt002693,63.29390633551185,-145.4164382362798,1822.28759765625,9.426445960998535,158.0666046142578
01.00570,pt002694,63.29390633551185,-145.41541511745393,1819.257568359375,10.77473258972168,155.76663208007812
01.00570,pt002695,63.29390633551185,-145.41439199862808,1812.1282958984375,13.93350601196289,123.19094848632812
01.00570,pt002696,63.29390633551185,-145.41336887980222,1800.3651123046875,24.634605407714844,161.754150390625
01.00570,pt002697,63.29390633551185,-145.40416081036952,1751.2353515625,17.18880844116211,109.31375885009766
01.00570,pt002698,63.29390633551185,-145.40313769154366,1749.8524169921875,11.014741897583008,187.44705200195312
01.00570,pt002699,63.29390633551185,-145.4021145727178,1751.52783203125,10.720090866088867,194.48800659179688
01.00570,pt002700,63.29390633551185,-145.40109145389195,1754.3656005859375,10.610928535461426,196.5189666748047
01.00570,pt002701,63.29390633551185,-145.4000683350661,1756.9886474609375,10.052406311035156,194.4966278076172
01.00570,pt002702,63.29390633551185,-145.39904521624024,1759.2703857421875,11.229365348815918,208.7959747314453
01.00570,pt002703,63.29390633551185,-145.39802209741438,1766.190673828125,11.500082015991211,211.05862426757812
01.00570,pt002704,63.29390633551185,-145.39699897858853,1770.521240234375,11.312260627746582,213.32711791992188
01.00570,pt002705,63.29390633551185,-145.39597585976267,1777.046142578125,10.816216468811035,214.11428833007812
01.00570,pt002706,63.29390633551185,-145.39495274093682,1783.2236328125,9.979659080505371,214.05528259277344
01.00570,pt002707,63.29390633551185,-145.39392962211096,1786.729736328125,9.878401756286621,210.28268432617188
01.00570,pt002708,63.29390633551185,-145.3929065032851,1793.2208251953125,10.171561241149902,220.89964294433594
01.00570,pt002709,63.29390633551185,-145.39188338445925,1798.615478515625,6.9139814376831055,203.4986114501953
01.00570,pt002710,63.29390633551185,-145.3908602656334,1799.41259765625,6.399628162384033,203.20127868652344
01.00570,pt002711,63.29390633551185,-145.38983714680754,1804.397216796875,6.648036956787109,230.5294952392578
01.00570,pt002712,63.29390633551185,-145.38881402798168,1808.101318359375,6.890085697174072,236.3883514404297
01.00570,pt002713,63.29390633551185,-145.38779090915583,1815.5330810546875,14.632577896118164,244.6769256591797
01.00570,pt002714,63.29390633551185,-145.38676779032997,1845.18603515625,35.70235824584961,240.75466918945312
01.00570,pt002715,63.294929454337705,-145.49214902939312,2227.212158203125,24.105602264404297,25.73702621459961
01.00570,pt002716,63.294929454337705,-145.49112591056726,2213.45361328125,11.800093650817871,92.80486297607422
01.00570,pt002717,63.294929454337705,-145.4901027917414,2206.94775390625,9.934741020202637,114.56087493896484
01.00570,pt002718,63.294929454337705,-145.48907967291555,2201.248779296875,11.527813911437988,158.8944854736328
01.00570,pt002719,63.294929454337705,-145.4880565540897,2203.302490234375,10.340388298034668,215.9390411376953
01.00570,pt002720,63.294929454337705,-145.48703343526384,2209.5927734375,9.930813789367676,234.42787170410156
01.00570,pt002721,63.294929454337705,-145.48601031643798,2206.4072265625,24.24319076538086,99.81678771972656
01.00570,pt002722,63.294929454337705,-145.48498719761213,2181.354736328125,30.66754722595215,113.9483413696289
01.00570,pt002723,63.294929454337705,-145.48396407878627,2172.314697265625,13.380087852478027,186.90049743652344
01.00570,pt002724,63.294929454337705,-145.48294095996042,2173.51123046875,7.685737609863281,192.16921997070312
01.00570,pt002725,63.294929454337705,-145.48191784113456,2174.31298828125,5.817788600921631,193.68148803710938
01.00570,pt002726,63.294929454337705,-145.4808947223087,2175.622314453125,6.409993648529053,193.310546875
01.00570,pt002727,63.294929454337705,-145.47987160348285,2176.811279296875,7.925133228302002,184.102783203125
01.00570,pt002728,63.294929454337705,-145.478848484657,2177.50341796875,8.248255729675293,194.12704467773438
01.00570,pt002729,63.294929454337705,-145.47782536583114,2179.94873046875,7.672239303588867,200.93374633789062
01.00570,pt002730,63.294929454337705,-145.47680224700528,2181.509033203125,6.911522388458252,201.49026489257812
01.00570,pt002731,63.294929454337705,-145.47577912817943,2184.296875,7.092957496643066,209.4186248779297
01.00570,pt002732,63.294929454337705,-145.47475600935357,2192.358642578125,9.713303565979004,235.2141571044922
01.00570,pt002733,63.294929454337705,-145.4737328905277,2195.721923828125,7.400221347808838,220.36363220214844
01.00570,pt002734,63.294929454337705,-145.47270977170186,2202.30615234375,15.768315315246582,232.9400634765625
01.00570,pt002735,63.294929454337705,-145.471686652876,2217.64404296875,30.10808563232422,260.0788269042969
01.00570,pt002736,63.294929454337705,-145.4696404152243,2306.005615234375,32.03571319580078,196.43484497070312
01.00570,pt002737,63.294929454337705,-145.46759417757258,2283.017333984375,35.24628829956055,156.87570190429688
01.00570,pt002738,63.294929454337705,-145.46657105874672,2267.863525390625,35.39638137817383,158.4615020751953
01.00570,pt002739,63.294929454337705,-145.46554793992087,2257.50390625,43.988685607910156,161.2257537841797
01.00570,pt002740,63.294929454337705,-145.4624785834433,2232.833740234375,34.7020263671875,189.33303833007812
01.00570,pt002741,63.294929454337705,-145.46145546461744,2239.491455078125,28.154558181762695,197.4341278076172
01.00570,pt002742,63.294929454337705,-145.4604323457916,2245.436279296875,26.44298553466797,201.11900329589844
01.00570,pt002743,63.294929454337705,-145.45940922696573,2255.780029296875,19.824176788330078,203.53480529785156
01.00570,pt002744,63.294929454337705,-145.45838610813988,2258.2138671875,7.848875522613525,213.37655639648438
01.00570,pt002745,63.294929454337705,-145.45736298931402,2244.802978515625,23.04926872253418,90.37899780273438
01.00570,pt002746,63.294929454337705,-145.45633987048816,2226.59619140625,11.480231285095215,131.13217163085938
01.00570,pt002747,63.294929454337705,-145.4553167516623,2220.262939453125,15.765678405761719,143.54452514648438
01.00570,pt002748,63.294929454337705,-145.45429363283645,2208.917236328125,23.050954818725586,159.48089599609375
01.00570,pt002749,63.294929454337705,-145.4532705140106,2202.357666015625,25.880308151245117,183.04148864746094
01.00570,pt002750,63.294929454337705,-145.45224739518474,2203.685791015625,22.517765045166016,184.6103057861328
01.00570,pt002751,63.294929454337705,-145.4512242763589,2186.1376953125,31.530784606933594,116.48818969726562
01.00570,pt002752,63.294929454337705,-145.45020115753303,2169.60400390625,20.203880310058594,145.08033752441406
01.00570,pt002753,63.294929454337705,-145.44917803870717,2150.057861328125,32.03636932373047,114.20313262939453
01.00570,pt002754,63.294929454337705,-145.44815491988132,2119.8671875,28.99283790588379,115.15416717529297
01.00570,pt002755,63.294929454337705,-145.44713180105546,2101.257568359375,24.461681365966797,118.20649719238281
01.00570,pt002756,63.294929454337705,-145.4461086822296,2092.994873046875,10.491522789001465,175.0611572265625
01.00570,pt002757,63.294929454337705,-145.44508556340375,2093.455810546875,11.599592208862305,181.82432556152344
01.00570,pt002758,63.294929454337705,-145.4440624445779,2094.832763671875,15.69940185546875,210.8418731689453
01.00570,pt002759,63.294929454337705,-145.44303932575204,2114.36474609375,37.266578674316406,255.31155395507812
01.00570,pt002760,63.294929454337705,-145.44099308810033,2191.52587890625,16.550554275512695,289.877197265625
01.00570,pt002761,63.294929454337705,-145.43996996927447,2180.160888671875,39.1901741027832,75.16819763183594
01.00570,pt002762,63.294929454337705,-145.43894685044862,2143.2431640625,29.806442260742188,84.60374450683594
01.00570,pt002763,63.294929454337705,-145.43792373162276,2125.646484375,15.077690124511719,102.578369140625
01.00570,pt002764,63.294929454337705,-145.4369006127969,2116.313232421875,12.549299240112305,131.684326171875
01.00570,pt002765,63.294929454337705,-145.43587749397105,2110.09716796875,9.551995277404785,82.59892272949219
01.00570,pt002766,63.294929454337705,-145.4348543751452,2103.01220703125,12.694031715393066,55.65054702758789
01.00570,pt002767,63.294929454337705,-145.43383125631934,2089.24755859375,46.855064392089844,75.70414733886719
01.00570,pt002768,63.294929454337705,-145.43280813749348,2016.2562255859375,35.304935455322266,82.71913146972656
01.00570,pt002769,63.294929454337705,-145.43178501866763,1997.2542724609375,21.496013641357422,113.4221420288086
01.00570,pt002770,63.294929454337705,-145.43076189984177,1987.789794921875,19.142545700073242,158.7047576904297
01.00570,pt002771,63.294929454337705,-145.4297387810159,1977.7838134765625,25.979854583740234,147.44052124023438
01.00570,pt002772,63.294929454337705,-145.42155383040907,1860.4036865234375,9.771917343139648,175.73995971679688
01.00570,pt002773,63.294929454337705,-145.4205307115832,1860.0784912109375,9.760150909423828,175.3838653564453
01.00570,pt002774,63.294929454337705,-145.41950759275736,1858.317138671875,11.236696243286133,159.84043884277344
01.00570,pt002775,63.294929454337705,-145.4184844739315,1852.9237060546875,15.0299654006958,147.92678833007812
01.00570,pt002776,63.294929454337705,-145.41746135510564,1846.6287841796875,17.46125602722168,147.52073669433594
01.00570,pt002777,63.294929454337705,-145.4164382362798,1838.5146484375,15.964966773986816,151.39077758789062
01.00570,pt002778,63.294929454337705,-145.41541511745393,1832.8341064453125,13.095736503601074,146.8560791015625
01.00570,pt002779,63.294929454337705,-145.41439199862808,1830.4068603515625,20.75242805480957,199.84005737304688
01.00570,pt002780,63.294929454337705,-145.40620704802123,1791.01318359375,28.44330596923828,105.73637390136719
01.00570,pt002781,63.294929454337705,-145.40518392919537,1775.59619140625,13.39461612701416,121.10238647460938
01.00570,pt002782,63.294929454337705,-145.40416081036952,1765.307861328125,12.862244606018066,127.86247253417969
01.00570,pt002783,63.294929454337705,-145.40313769154366,1768.0439453125,12.364958763122559,194.88381958007812
01.00570,pt002784,63.294929454337705,-145.4021145727178,1768.8587646484375,11.904653549194336,184.6984405517578
01.00570,pt002785,63.294929454337705,-145.40109145389195,1771.0078125,11.67672061920166,189.78880310058594
01.00570,pt002786,63.294929454337705,-145.4000683350661,1772.505126953125,11.51391315460205,191.77963256835938
01.00570,pt002787,63.294929454337705,-145.39904521624024,1774.545166015625,11.72916316986084,203.47430419921875
01.00570,pt002788,63.294929454337705,-145.39802209741438,1780.4515380859375,11.87841510772705,210.53591918945312
01.00570,pt002789,63.294929454337705,-145.39699897858853,1784.4310302734375,13.597457885742188,212.29986572265625
01.00570,pt002790,63.294929454337705,-145.39597585976267,1790.7496337890625,13.149101257324219,214.7393035888672
01.00570,pt002791,63.294929454337705,-145.39495274093682,1796.786865234375,11.427536010742188,209.0059356689453
01.00570,pt002792,63.294929454337705,-145.39392962211096,1799.889404296875,10.902121543884277,207.1945343017578
01.00570,pt002793,63.294929454337705,-145.3929065032851,1805.2520751953125,10.195381164550781,210.33209228515625
01.00570,pt002794,63.294929454337705,-145.39188338445925,1808.624755859375,7.429622173309326,189.47683715820312
01.00570,pt002795,63.294929454337705,-145.3908602656334,1808.9810791015625,6.984669208526611,187.24424743652344
01.00570,pt002796,63.294929454337705,-145.38983714680754,1811.3929443359375,6.635560512542725,214.8851776123047
01.00570,pt002797,63.294929454337705,-145.38881402798168,1814.732666015625,9.276618957519531,222.31752014160156
01.00570,pt002798,63.29595257316356,-145.48907967291555,2183.23095703125,42.42008972167969,326.00823974609375
01.00570,pt002799,63.29595257316356,-145.4880565540897,2208.025634765625,16.85914421081543,316.9947814941406
01.00570,pt002800,63.29595257316356,-145.48703343526384,2211.723388671875,12.335453033447266,299.1990966796875
01.00570,pt002801,63.29595257316356,-145.48396407878627,2200.7353515625,18.463863372802734,124.6858901977539
01.00570,pt002802,63.29595257316356,-145.48294095996042,2189.972412109375,9.672667503356934,136.92018127441406
01.00570,pt002803,63.29595257316356,-145.48191784113456,2187.507568359375,6.640522003173828,156.9202880859375
01.00570,pt002804,63.29595257316356,-145.4808947223087,2187.739501953125,4.921529293060303,188.43746948242188
01.00570,pt002805,63.29595257316356,-145.47987160348285,2189.216064453125,3.7836709022521973,189.453125
01.00570,pt002806,63.29595257316356,-145.478848484657,2189.61328125,3.7877440452575684,194.99266052246094
01.00570,pt002807,63.29595257316356,-145.47782536583114,2190.49267578125,3.613577127456665,199.41867065429688
01.00570,pt002808,63.29595257316356,-145.47680224700528,2191.451171875,4.3965911865234375,209.52345275878906
01.00570,pt002809,63.29595257316356,-145.47577912817943,2194.790771484375,6.028997421264648,227.04934692382812
01.00570,pt002810,63.29595257316356,-145.47475600935357,2203.26806640625,9.683610916137695,244.48403930664062
01.00570,pt002811,63.29595257316356,-145.4737328905277,2207.72802734375,9.051968574523926,235.9760284423828
01.00570,pt002812,63.29595257316356,-145.47270977170186,2219.03857421875,17.888059616088867,248.61143493652344
01.00570,pt002813,63.29595257316356,-145.471686652876,2234.75537109375,26.280353546142578,261.5281066894531
01.00570,pt002814,63.29595257316356,-145.47066353405015,2271.112548828125,37.047882080078125,264.7102355957031
01.00570,pt002815,63.29595257316356,-145.4696404152243,2319.32568359375,37.10677719116211,319.24053955078125
01.00570,pt002816,63.29595257316356,-145.46861729639843,2339.021484375,35.97716522216797,9.576744079589844
01.00570,pt002817,63.29595257316356,-145.46759417757258,2326.079833984375,36.92399597167969,359.74664306640625
01.00570,pt002818,63.29595257316356,-145.46657105874672,2319.5537109375,26.87533187866211,5.703207492828369
01.00570,pt002819,63.29595257316356,-145.46554793992087,2314.9462890625,24.535432815551758,9.97223949432373
01.00570,pt002820,63.29595257316356,-145.464524821095,2312.35009765625,27.150524139404297,2.509493350982666
01.00570,pt002821,63.29595257316356,-145.46350170226916,2312.03857421875,27.239221572875977,6.772951602935791
01.00570,pt002822,63.29595257316356,-145.4624785834433,2296.36767578125,17.120803833007812,27.14584732055664
01.00570,pt002823,63.29595257316356,-145.46145546461744,2287.92822265625,20.180278778076172,46.422088623046875
01.00570,pt002824,63.29595257316356,-145.4604323457916,2273.06201171875,36.057586669921875,35.086734771728516
01.00570,pt002825,63.29595257316356,-145.45736298931402,2229.43701171875,36.41025161743164,3.681417226791382
01.00570,pt002826,63.29595257316356,-145.45633987048816,2223.408447265625,33.965065002441406,4.790175437927246
01.00570,pt002827,63.29595257316356,-145.4553167516623,2220.139892578125,38.210567474365234,9.484946250915527
01.00570,pt002828,63.29595257316356,-145.45429363283645,2215.238525390625,41.5023193359375,1.7554404735565186
01.00570,pt002829,63.29595257316356,-145.4532705140106,2217.303955078125,43.501163482666016,349.58575439453125
01.00570,pt002830,63.29595257316356,-145.4512242763589,2197.932861328125,41.63785934448242,17.662540435791016
01.00570,pt002831,63.29595257316356,-145.45020115753303,2191.316650390625,23.92525291442871,353.4662780761719
01.00570,pt002832,63.29595257316356,-145.44917803870717,2183.361328125,26.89398765563965,17.882226943969727
01.00570,pt002833,63.29595257316356,-145.44815491988132,2157.877685546875,25.173206329345703,125.81609344482422
01.00570,pt002834,63.29595257316356,-145.44713180105546,2142.490234375,24.263690948486328,130.05752563476562
01.00570,pt002835,63.29595257316356,-145.4461086822296,2122.970703125,20.27738380432129,131.01922607421875
01.00570,pt002836,63.29595257316356,-145.44508556340375,2122.41552734375,19.01363754272461,194.9551544189453
01.00570,pt002837,63.29595257316356,-145.4440624445779,2136.243408203125,27.743867874145508,225.5131072998047
01.00570,pt002838,63.29595257316356,-145.4369006127969,2112.853271484375,9.955981254577637,38.71820831298828
01.00570,pt002839,63.29595257316356,-145.43587749397105,2100.544921875,18.67140769958496,74.32122039794922
01.00570,pt002840,63.29595257316356,-145.4348543751452,2086.767822265625,15.406096458435059,78.48477172851562
01.00570,pt002841,63.29595257316356,-145.43383125631934,2068.125,39.520355224609375,80.69925689697266
01.00570,pt002842,63.29595257316356,-145.43280813749348,2031.1175537109375,14.090191841125488,132.24734497070312
01.00570,pt002843,63.29595257316356,-145.43178501866763,2026.267822265625,12.389060974121094,150.15948486328125
01.00570,pt002844,63.29595257316356,-145.43076189984177,2021.1839599609375,11.482685089111328,158.67645263671875
01.00570,pt002845,63.29595257316356,-145.4297387810159,2015.7486572265625,11.781665802001953,194.83982849121094
01.00570,pt002846,63.29595257316356,-145.42871566219006,2009.449951171875,22.723905563354492,27.24387550354004
01.00570,pt002847,63.29595257316356,-145.4276925433642,1984.23046875,33.99237060546875,68.4819564819336
01.00570,pt002848,63.29595257316356,-145.42666942453835,1949.935546875,29.85737419128418,66.86241149902344
01.00570,pt002849,63.29595257316356,-145.4256463057125,1928.53564453125,30.625886917114258,61.53084945678711
01.00570,pt002850,63.29595257316356,-145.42462318688663,1900.725341796875,26.110055923461914,63.30697250366211
01.00570,pt002851,63.29595257316356,-145.42360006806078,1882.4677734375,21.882020950317383,92.91392517089844
01.00570,pt002852,63.29595257316356,-145.42257694923492,1875.6385498046875,19.30080223083496,199.117431640625
01.00570,pt002853,63.29595257316356,-145.42155383040907,1884.973388671875,12.209000587463379,199.154541015625
01.00570,pt002854,63.29595257316356,-145.4205307115832,1884.9171142578125,11.453012466430664,177.21511840820312
01.00570,pt002855,63.29595257316356,-145.41950759275736,1883.7293701171875,10.910501480102539,171.01719665527344
01.00570,pt002856,63.29595257316356,-145.4184844739315,1881.2366943359375,10.867974281311035,159.90939331054688
01.00570,pt002857,63.29595257316356,-145.41746135510564,1878.38671875,11.762823104858398,154.19192504882812
01.00570,pt002858,63.29595257316356,-145.4164382362798,1872.5108642578125,13.718199729919434,147.96311950683594
01.00570,pt002859,63.29595257316356,-145.41541511745393,1869.1417236328125,17.97722816467285,169.8668212890625
01.00570,pt002860,63.29595257316356,-145.41029952332465,1907.5794677734375,38.70216369628906,74.94768524169922
01.00570,pt002861,63.29595257316356,-145.4092764044988,1887.014892578125,6.237297534942627,109.02448272705078
01.00570,pt002862,63.29595257316356,-145.40825328567294,1882.998779296875,14.071573257446289,97.47457885742188
01.00570,pt002863,63.29595257316356,-145.40723016684709,1868.2547607421875,30.61454200744629,106.21208953857422
01.00570,pt002864,63.29595257316356,-145.40518392919537,1806.14697265625,18.990291595458984,122.31089782714844
01.00570,pt002865,63.29595257316356,-145.40416081036952,1792.2823486328125,17.65430450439453,132.6996612548828
01.00570,pt002866,63.29595257316356,-145.40313769154366,1797.673583984375,14.085162162780762,196.63626098632812
01.00570,pt002867,63.29595257316356,-145.4021145727178,1798.8310546875,13.89548110961914,184.33935546875
01.00570,pt002868,63.29595257316356,-145.40109145389195,1800.02880859375,13.274292945861816,184.19921875
01.00570,pt002869,63.29595257316356,-145.4000683350661,1801.19921875,12.735213279724121,183.36502075195312
01.00570,pt002870,63.29595257316356,-145.39904521624024,1802.9498291015625,21.61690330505371,231.5271453857422
01.00570,pt002871,63.29697569198942,-145.48396407878627,2200.665283203125,22.102861404418945,314.8477783203125
01.00570,pt002872,63.29697569198942,-145.48294095996042,2204.32958984375,6.317159652709961,118.53997802734375
01.00570,pt002873,63.29697569198942,-145.48191784113456,2200.00830078125,6.172362327575684,109.66149139404297
01.00570,pt002874,63.29697569198942,-145.4808947223087,2195.833251953125,2.739738941192627,116.81439971923828
01.00570,pt002875,63.29697569198942,-145.47987160348285,2196.201904296875,2.178760290145874,213.75025939941406
01.00570,pt002876,63.29697569198942,-145.478848484657,2196.80224609375,2.8673717975616455,231.59689331054688
01.00570,pt002877,63.29697569198942,-145.47782536583114,2199.126953125,3.810760259628296,226.33209228515625
01.00570,pt002878,63.29697569198942,-145.47680224700528,2201.076416015625,4.867016792297363,234.9383544921875
01.00570,pt002879,63.29697569198942,-145.47577912817943,2205.90478515625,6.690159320831299,243.27389526367188
01.00570,pt002880,63.29697569198942,-145.47475600935357,2214.13916015625,9.13197135925293,251.31163024902344
01.00570,pt002881,63.29697569198942,-145.4737328905277,2218.9423828125,8.61109447479248,248.98489379882812
01.00570,pt002882,63.29697569198942,-145.47270977170186,2231.026611328125,18.738269805908203,259.6207580566406
01.00570,pt002883,63.29697569198942,-145.471686652876,2248.18310546875,19.15005874633789,263.68511962890625
01.00570,pt002884,63.29697569198942,-145.47066353405015,2250.839599609375,25.949203491210938,44.25598907470703
01.00570,pt002885,63.29697569198942,-145.43792373162276,2101.027099609375,13.787549018859863,304.6937255859375
01.00570,pt002886,63.29697569198942,-145.4369006127969,2102.1455078125,8.538849830627441,33.16881561279297
01.00570,pt002887,63.29697569198942,-145.43587749397105,2096.887939453125,12.175055503845215,98.30365753173828
01.00570,pt002888,63.29697569198942,-145.4348543751452,2084.9267578125,11.04278564453125,107.65582275390625
01.00570,pt002889,63.29697569198942,-145.43383125631934,2073.860107421875,23.726621627807617,109.52861022949219
01.00570,pt002890,63.29697569198942,-145.43280813749348,2055.826171875,17.175350189208984,150.19740295410156
01.00570,pt002891,63.29697569198942,-145.43178501866763,2049.5234375,17.51140022277832,143.92697143554688
01.00570,pt002892,63.29697569198942,-145.43076189984177,2031.298583984375,22.198427200317383,99.34906005859375
01.00570,pt002893,63.29697569198942,-145.4297387810159,2006.197509765625,21.666791915893555,74.5465087890625
01.00570,pt002894,63.29697569198942,-145.42871566219006,1992.4569091796875,20.29636001586914,68.74735260009766
01.00570,pt002895,63.29697569198942,-145.4276925433642,1965.07470703125,30.43332290649414,74.84420013427734
01.00570,pt002896,63.29697569198942,-145.42666942453835,1935.2125244140625,22.521745681762695,87.5322265625
01.00570,pt002897,63.29697569198942,-145.4256463057125,1921.2313232421875,15.879789352416992,104.15603637695312
01.00570,pt002898,63.29697569198942,-145.42462318688663,1910.08251953125,12.028346061706543,142.99746704101562
01.00570,pt002899,63.29697569198942,-145.42360006806078,1906.1939697265625,11.222991943359375,158.14479064941406
01.00570,pt002900,63.29697569198942,-145.42257694923492,1910.2425537109375,12.457246780395508,213.5189666748047
01.00570,pt002901,63.29697569198942,-145.42155383040907,1908.671875,9.760271072387695,147.4141387939453
01.00570,pt002902,63.29697569198942,-145.4205307115832,1907.55029296875,8.4943208694458,170.64797973632812
01.00570,pt002903,63.29697569198942,-145.41950759275736,1905.224853515625,8.673757553100586,160.47088623046875
01.00570,pt002904,63.29697569198942,-145.4184844739315,1902.437744140625,8.686424255371094,166.16879272460938
01.00570,pt002905,63.29697569198942,-145.41746135510564,1901.197265625,9.650591850280762,170.05259704589844
01.00570,pt002906,63.29697569198942,-145.4164382362798,1900.4952392578125,16.958465576171875,219.59036254882812
01.00570,pt002907,63.29697569198942,-145.41541511745393,1915.496337890625,35.98900604248047,221.7175750732422
01.00570,pt002908,63.29697569198942,-145.41029952332465,1895.977294921875,19.556079864501953,85.8258285522461
01.00570,pt002909,63.29697569198942,-145.4092764044988,1885.51708984375,12.82509994506836,83.30311584472656
01.00570,pt002910,63.29697569198942,-145.40825328567294,1863.484130859375,21.479902267456055,88.80797576904297
01.00570,pt002911,63.29697569198942,-145.40723016684709,1851.13525390625,15.055520057678223,110.16168212890625
01.00570,pt002912,63.29697569198942,-145.40620704802123,1838.2213134765625,15.860917091369629,132.55300903320312
01.00570,pt002913,63.29697569198942,-145.40518392919537,1831.9794921875,13.833430290222168,164.60528564453125
01.00570,pt002914,63.29697569198942,-145.40416081036952,1828.3687744140625,13.891670227050781,168.15518188476562
01.00570,pt002915,63.29697569198942,-145.40313769154366,1829.2838134765625,11.520482063293457,181.78724670410156
01.00570,pt002916,63.29697569198942,-145.4021145727178,1829.3013916015625,11.217421531677246,179.1453857421875
01.00570,pt002917,63.29697569198942,-145.40109145389195,1829.895263671875,12.519176483154297,189.8390350341797
01.00570,pt002918,63.29697569198942,-145.4000683350661,1837.9661865234375,24.9345760345459,215.53652954101562
01.00570,pt002919,63.29799881081527,-145.4808947223087,2198.38037109375,5.026626110076904,300.19793701171875
01.00570,pt002920,63.29799881081527,-145.47987160348285,2199.3583984375,3.3660686016082764,193.15011596679688
01.00570,pt002921,63.29799881081527,-145.478848484657,2200.882080078125,5.333539009094238,228.7882080078125
01.00570,pt002922,63.29799881081527,-145.47782536583114,2205.016357421875,6.537354469299316,211.5700225830078
01.00570,pt002923,63.29799881081527,-145.47680224700528,2207.595458984375,7.703036308288574,213.60964965820312
01.00570,pt002924,63.29799881081527,-145.47577912817943,2213.23974609375,8.918627738952637,221.9178924560547
01.00570,pt002925,63.29799881081527,-145.47475600935357,2220.24365234375,8.588696479797363,232.72315979003906
01.00570,pt002926,63.29799881081527,-145.4737328905277,2224.549072265625,8.34946060180664,238.17422485351562
01.00570,pt002927,63.29799881081527,-145.47270977170186,2232.3515625,14.984434127807617,289.6646728515625
01.00570,pt002928,63.29799881081527,-145.471686652876,2228.5,31.416091918945312,25.82305908203125
01.00570,pt002929,63.29799881081527,-145.4348543751452,2092.46142578125,10.854353904724121,132.45022583007812
01.00570,pt002930,63.29799881081527,-145.43178501866763,2069.2607421875,22.30245590209961,89.34397888183594
01.00570,pt002931,63.29799881081527,-145.43076189984177,2031.039306640625,34.931880950927734,90.43085479736328
01.00570,pt002932,63.29799881081527,-145.4297387810159,1997.546142578125,24.057207107543945,81.51573181152344
01.00570,pt002933,63.29799881081527,-145.42871566219006,1982.83642578125,20.569477081298828,78.84100341796875
01.00570,pt002934,63.29799881081527,-145.4276925433642,1955.75537109375,27.093637466430664,85.32976531982422
01.00570,pt002935,63.29799881081527,-145.42666942453835,1934.0384521484375,13.804100036621094,95.21739196777344
01.00570,pt002936,63.29799881081527,-145.4256463057125,1926.319580078125,8.96066665649414,104.5497817993164
01.00570,pt002937,63.29799881081527,-145.42462318688663,1919.806640625,6.210800647735596,118.5185546875
01.00570,pt002938,63.29799881081527,-145.42360006806078,1917.0263671875,5.183864593505859,136.8452606201172
01.00570,pt002939,63.29799881081527,-145.42257694923492,1921.0244140625,6.653492450714111,235.55226135253906
01.00570,pt002940,63.29799881081527,-145.42155383040907,1918.0281982421875,6.443746089935303,119.53269958496094
01.00570,pt002941,63.29799881081527,-145.4205307115832,1916.6549072265625,4.598934173583984,155.7381134033203
01.00570,pt002942,63.29799881081527,-145.41950759275736,1914.2193603515625,4.8531060218811035,147.99305725097656
01.00570,pt002943,63.29799881081527,-145.4184844739315,1912.3341064453125,5.155276298522949,170.70420837402344
01.00570,pt002944,63.29799881081527,-145.41746135510564,1912.0614013671875,6.051239013671875,195.68116760253906
01.00570,pt002945,63.29799881081527,-145.4164382362798,1920.062255859375,27.773704528808594,255.60801696777344
01.00570,pt002946,63.29799881081527,-145.4113226421505,1905.27001953125,20.127222061157227,84.95506286621094
01.00570,pt002947,63.29799881081527,-145.41029952332465,1894.0057373046875,11.994707107543945,91.90029907226562
01.00570,pt002948,63.29799881081527,-145.4092764044988,1884.337646484375,13.46225357055664,93.15998077392578
01.00570,pt002949,63.29799881081527,-145.40825328567294,1866.859375,14.027969360351562,106.8575668334961
01.00570,pt002950,63.29799881081527,-145.40723016684709,1860.008056640625,11.459729194641113,120.3134765625
01.00570,pt002951,63.29799881081527,-145.40620704802123,1850.720703125,13.151280403137207,148.04507446289062
01.00570,pt002952,63.29799881081527,-145.40518392919537,1846.5963134765625,12.457757949829102,163.6510772705078
01.00570,pt002953,63.29799881081527,-145.40416081036952,1842.8436279296875,13.128971099853516,163.03892517089844
01.00570,pt002954,63.29799881081527,-145.40313769154366,1842.28662109375,13.704254150390625,175.186767578125
01.00570,pt002955,63.29902192964113,-145.47577912817943,2236.0654296875,11.337977409362793,182.05238342285156
01.00570,pt002956,63.29902192964113,-145.47475600935357,2220.69873046875,24.956443786621094,55.46271896362305
01.00570,pt002957,63.29902192964113,-145.4737328905277,2204.5,39.051883697509766,45.037471771240234
01.00570,pt002958,63.29902192964113,-145.43587749397105,2084.528564453125,25.27479362487793,345.4837951660156
01.00570,pt002959,63.29902192964113,-145.4348543751452,2085.935791015625,20.645267486572266,20.777816772460938
01.00570,pt002960,63.29902192964113,-145.43383125631934,2078.494873046875,24.040597915649414,43.747169494628906
01.00570,pt002961,63.29902192964113,-145.43280813749348,2059.119140625,24.03046417236328,39.91947555541992
01.00570,pt002962,63.29902192964113,-145.43178501866763,2048.843017578125,23.0334529876709,45.38092041015625
01.00570,pt002963,63.29902192964113,-145.43076189984177,2020.959228515625,29.138582229614258,72.26946258544922
01.00570,pt002964,63.29902192964113,-145.4297387810159,1991.5902099609375,25.067941665649414,83.8856201171875
01.00570,pt002965,63.29902192964113,-145.42871566219006,1973.90673828125,21.7305850982666,88.74734497070312
01.00570,pt002966,63.29902192964113,-145.4276925433642,1949.789306640625,21.320575714111328,87.92294311523438
01.00570,pt002967,63.29902192964113,-145.42666942453835,1936.40283203125,6.612628936767578,104.09581756591797
01.00570,pt002968,63.29902192964113,-145.4256463057125,1933.179443359375,4.613773345947266,122.3443374633789
01.00570,pt002969,63.29902192964113,-145.42462318688663,1929.653564453125,4.468181133270264,153.9998016357422
01.00570,pt002970,63.29902192964113,-145.42360006806078,1929.9932861328125,6.073024749755859,194.90016174316406
01.00570,pt002971,63.29902192964113,-145.42257694923492,1933.970947265625,5.123910903930664,214.4019775390625
01.00570,pt002972,63.29902192964113,-145.42155383040907,1931.3414306640625,6.277388095855713,148.30091857910156
01.00570,pt002973,63.29902192964113,-145.4205307115832,1930.9610595703125,5.990289211273193,172.27597045898438
01.00570,pt002974,63.29902192964113,-145.41950759275736,1930.028564453125,7.758148670196533,180.21009826660156
01.00570,pt002975,63.29902192964113,-145.4184844739315,1932.22900390625,10.7597017288208,206.88833618164062
01.00570,pt002976,63.29902192964113,-145.41746135510564,1936.1427001953125,11.974617004394531,211.5237274169922
01.00570,pt002977,63.29902192964113,-145.4164382362798,1951.326416015625,22.662839889526367,253.61598205566406
01.00570,pt002978,63.29902192964113,-145.41541511745393,1966.9169921875,20.666643142700195,254.54591369628906
01.00570,pt002979,63.29902192964113,-145.4113226421505,1900.43701171875,15.638176918029785,76.00090026855469
01.00570,pt002980,63.29902192964113,-145.41029952332465,1895.57763671875,5.760008335113525,182.6132049560547
01.00570,pt002981,63.300045048466984,-145.4297387810159,1989.409423828125,25.16120147705078,64.02638244628906
01.00570,pt002982,63.300045048466984,-145.42871566219006,1969.9642333984375,26.644309997558594,81.29932403564453
01.00570,pt002983,63.300045048466984,-145.4276925433642,1945.2523193359375,16.064231872558594,70.64789581298828
01.00570,pt002984,63.300045048466984,-145.42666942453835,1938.3577880859375,3.360316753387451,71.07609558105469
01.00570,pt002985,63.300045048466984,-145.4256463057125,1936.64208984375,2.3147501945495605,78.40308380126953
01.00570,pt002986,63.300045048466984,-145.42462318688663,1934.4613037109375,3.015169858932495,49.75033187866211
01.00570,pt002987,63.300045048466984,-145.42360006806078,1932.671630859375,6.632112503051758,31.367998123168945
01.00570,pt002988,63.300045048466984,-145.42257694923492,1926.7901611328125,21.066492080688477,33.267417907714844
01.00570,pt002989,63.300045048466984,-145.42155383040907,1902.06689453125,33.02610778808594,39.760276794433594
01.00570,pt002990,63.300045048466984,-145.4205307115832,1897.365234375,28.61130714416504,16.07665252685547
01.00570,pt002991,63.300045048466984,-145.41950759275736,1884.3017578125,35.95012283325195,28.966230392456055
01.00570,pt002992,63.30106816729284,-145.4276925433642,1928.980224609375,20.38255500793457,350.4006042480469
01.00570,pt002993,63.30106816729284,-145.42666942453835,1932.8118896484375,8.894756317138672,334.6477355957031
01.00570,pt002994,63.30106816729284,-145.4256463057125,1933.52099609375,11.250425338745117,24.18539810180664
01.00570,pt002995,63.30106816729284,-145.42462318688663,1920.1763916015625,30.35073471069336,30.434446334838867
01.00570,pt002996,63.30106816729284,-145.42360006806078,1905.65478515625,38.671043395996094,26.30559730529785
01.00570,pt002997,63.30106816729284,-145.42257694923492,1880.642333984375,41.32426071166992,28.017242431640625
